Employee_ID,Employee_Name,Age,Gender,Department,Job_Role,Education,Experience_Years,Joining_Date,Exit_Date,Employment_Status,Salary,Performance_Score,Satisfaction_Score,Training_Hours,Absenteeism_Days,Overtime_Hours,Recruitment_Source,Location
EMP0001,Linda Johnson,41,Non-binary,HR,Talent Acquisition Specialist,Master's,6,2025-10-03,2026-01-07,Left,79604,3,4,45,11,55,Indeed,San Francisco
EMP0002,Joseph Allen,32,Male,Marketing,Digital Marketing Manager,Master's,3,2021-11-15,,Active,114792,3,4,18,0,0,Referral,Boston
EMP0003,Brian Ramirez,27,Male,HR,Talent Acquisition Specialist,Bachelor's,2,2020-11-13,,Active,79689,2,3,1,5,0,Referral,Seattle
EMP0004,George Robinson,32,Male,Sales,Sales Representative,Master's,3,2025-05-07,,Active,55558,5,3,67,2,87,Indeed,Atlanta
EMP0005,Kevin Anderson,36,Male,IT,Senior Developer,Master's,1,2023-03-27,,Active,145104,3,3,0,5,59,Indeed,Seattle
EMP0006,Kevin Moore,25,Male,Operations,Operations Analyst,Master's,0,2021-06-15,,Active,70806,3,3,23,4,84,Indeed,Atlanta
EMP0007,Brian Scott,23,Non-binary,Finance,Financial Analyst,Bachelor's,0,2020-04-09,,Active,106160,3,4,22,6,0,LinkedIn,San Francisco
EMP0008,Amanda Lee,30,Non-binary,Sales,Business Development Associate,Bachelor's,2,2021-03-19,,Active,64837,3,3,23,1,84,Indeed,Boston
EMP0009,Margaret Nguyen,39,Non-binary,HR,Talent Acquisition Specialist,Bachelor's,7,2020-10-09,,Active,82138,4,4,57,8,19,LinkedIn,Atlanta
EMP0010,Margaret Hill,36,Non-binary,Sales,Business Development Associate,Bachelor's,4,2024-09-14,,Active,61756,2,4,61,4,79,Glassdoor,Atlanta
EMP0011,Timothy Moore,23,Non-binary,Finance,Financial Analyst,Master's,0,2021-05-06,,Active,72246,5,3,37,4,92,College Campus,Chicago
EMP0012,Timothy Lopez,50,Non-binary,IT,System Administrator,Master's,5,2024-04-26,,Active,121405,2,4,36,8,18,Referral,Seattle
EMP0013,James Hill,32,Non-binary,IT,Software Engineer,Bachelor's,2,2022-08-13,2025-11-22,Left,101296,3,3,23,2,48,Indeed,Chicago
EMP0014,Robert Carter,33,Female,HR,Talent Acquisition Specialist,Master's,2,2024-09-04,,Active,68659,3,2,13,3,57,Glassdoor,Boston
EMP0015,Timothy Campbell,35,Non-binary,Operations,Operations Manager,Master's,5,2023-09-23,2023-12-24,Left,131366,3,4,29,0,110,LinkedIn,Austin
EMP0016,Kimberly Anderson,37,Non-binary,IT,Software Engineer,Master's,7,2020-07-01,2022-09-09,Left,109669,5,3,6,4,27,Referral,Boston
EMP0017,Kevin Young,47,Female,HR,Benefits Specialist,Bachelor's,12,2023-06-18,,Active,121171,3,2,73,7,109,Indeed,San Francisco
EMP0018,George Brown,28,Female,Operations,Operations Analyst,Master's,0,2026-03-12,,Active,78991,4,3,31,0,83,LinkedIn,New York
EMP0019,William Ramirez,27,Female,Sales,Account Manager,Bachelor's,1,2023-10-08,,Active,81211,4,4,23,1,31,LinkedIn,Seattle
EMP0020,James Garcia,44,Non-binary,Customer Service,Customer Support Agent,MBA,1,2024-02-17,2024-04-21,Left,54155,4,2,45,6,166,College Campus,San Francisco
EMP0021,Thomas Robinson,25,Female,Operations,Supply Chain Planner,Bachelor's,0,2022-07-10,2024-01-09,Left,76527,2,2,15,6,100,Glassdoor,San Francisco
EMP0022,Patricia Nguyen,53,Male,Customer Service,Customer Success Manager,Bachelor's,8,2024-04-26,,Active,102073,3,2,13,9,0,Indeed,San Francisco
EMP0023,Betty Davis,45,Male,Marketing,Digital Marketing Manager,MBA,9,2025-04-08,2025-12-26,Left,105541,3,2,13,1,47,Indeed,Atlanta
EMP0024,Kevin Rivera,36,Male,Finance,Auditor,Bachelor's,3,2025-06-28,,Active,107812,4,4,84,3,66,Referral,San Francisco
EMP0025,Donna Torres,42,Female,IT,Data Scientist,PhD,2,2022-04-03,2023-08-19,Left,152756,3,2,44,4,33,LinkedIn,San Francisco
EMP0026,Mark Wright,41,Male,Marketing,Marketing Specialist,Master's,5,2022-07-19,,Active,79407,2,5,47,3,78,College Campus,Boston
EMP0027,Melissa Scott,38,Male,Finance,Senior Accountant,Bachelor's,1,2021-09-24,,Active,84484,4,3,7,5,128,Indeed,Boston
EMP0028,Jennifer Green,40,Male,Finance,Financial Analyst,Bachelor's,8,2021-02-10,,Active,113732,3,3,40,7,109,Glassdoor,New York
EMP0029,Kimberly Smith,41,Female,Operations,Logistics Coordinator,Bachelor's,7,2023-02-21,,Active,59110,2,3,33,0,0,LinkedIn,Atlanta
EMP0030,Daniel Wilson,29,Male,Operations,Operations Analyst,Master's,1,2023-06-16,,Active,71079,4,5,12,5,19,College Campus,Chicago
EMP0031,Barbara Clark,33,Male,Operations,Operations Manager,Bachelor's,5,2025-09-12,,Active,167973,4,3,57,12,159,LinkedIn,Seattle
EMP0032,Matthew Williams,44,Male,HR,Talent Acquisition Specialist,MBA,4,2022-12-22,2023-12-17,Left,91470,4,3,14,0,17,LinkedIn,Seattle
EMP0033,Nancy Moore,51,Female,Customer Service,Support Lead,MBA,6,2023-05-26,2024-09-03,Left,82698,4,3,37,10,87,LinkedIn,Chicago
EMP0034,Emily Taylor,51,Male,Marketing,Content Writer,Bachelor's,1,2023-09-17,,Active,52289,3,3,29,12,28,Indeed,Chicago
EMP0035,John Rivera,28,Female,Marketing,Digital Marketing Manager,Bachelor's,0,2020-08-05,,Active,103265,5,5,27,10,117,Glassdoor,Chicago
EMP0036,George Martin,32,Male,Operations,Supply Chain Planner,Master's,1,2025-12-06,,Active,70912,2,3,42,5,29,Indeed,Chicago
EMP0037,Melissa Lopez,38,Non-binary,Finance,Auditor,Master's,0,2022-08-02,,Active,55013,3,3,38,5,74,Indeed,Atlanta
EMP0038,Mark Lewis,36,Female,Marketing,Content Writer,Master's,2,2025-08-08,2026-08-21,Left,61506,3,2,49,3,8,Glassdoor,Seattle
EMP0039,Carol Martin,50,Male,HR,Talent Acquisition Specialist,Bachelor's,7,2022-01-30,,Active,79222,3,5,0,2,67,Referral,New York
EMP0040,Andrew Gonzalez,26,Non-binary,Sales,Business Development Associate,Master's,0,2021-04-03,,Active,52994,1,4,21,3,117,Referral,Austin
EMP0041,Deborah Ramirez,39,Male,Customer Service,Customer Success Manager,Bachelor's,3,2020-06-05,2024-07-17,Left,84248,5,3,24,8,28,LinkedIn,Atlanta
EMP0042,Dorothy Scott,31,Non-binary,Customer Service,Support Lead,Master's,3,2023-08-18,,Active,74524,3,4,45,0,100,College Campus,Atlanta
EMP0043,Mark Taylor,43,Female,Customer Service,Customer Success Manager,Master's,3,2024-06-07,,Active,95305,3,3,42,8,24,Indeed,Chicago
EMP0044,Sarah Perez,49,Male,Marketing,Marketing Specialist,Bachelor's,5,2021-12-19,,Active,79413,2,3,16,3,97,LinkedIn,San Francisco
EMP0045,Paul Robinson,49,Female,HR,Benefits Specialist,Bachelor's,14,2025-11-30,,Active,107856,4,1,13,6,39,Indeed,Austin
EMP0046,Karen Carter,41,Female,Customer Service,Support Lead,Bachelor's,13,2025-02-17,,Active,103200,3,4,30,5,0,LinkedIn,Atlanta
EMP0047,Nancy Nelson,37,Female,Sales,Account Manager,Master's,0,2021-01-31,,Active,94143,3,5,14,13,60,College Campus,Seattle
EMP0048,Mary Garcia,44,Non-binary,HR,Benefits Specialist,Master's,6,2022-03-19,,Active,80052,3,3,18,1,88,LinkedIn,San Francisco
EMP0049,Sarah Carter,26,Female,Sales,Sales Director,PhD,0,2024-01-01,2024-06-15,Left,144208,3,1,39,1,58,Executive Search,Seattle
EMP0050,John Carter,25,Non-binary,HR,Talent Acquisition Specialist,Bachelor's,2,2025-04-14,,Active,65700,2,2,57,0,25,Glassdoor,Seattle
EMP0051,Sandra Hall,35,Male,Finance,Senior Accountant,Bachelor's,6,2026-05-12,,Active,111473,4,4,30,5,37,LinkedIn,Atlanta
EMP0052,Mary Martin,32,Non-binary,Sales,Business Development Associate,Master's,4,2020-08-24,,Active,59737,4,3,55,0,66,LinkedIn,Boston
EMP0053,Carol Hill,39,Female,Customer Service,Customer Success Manager,MBA,2,2022-12-14,,Active,82815,4,3,65,13,117,LinkedIn,Seattle
EMP0054,Anthony Young,34,Male,Finance,Auditor,Bachelor's,3,2023-09-15,,Active,67214,3,2,0,9,83,Glassdoor,Boston
EMP0055,Deborah Walker,26,Non-binary,Customer Service,Customer Success Manager,Bachelor's,2,2022-09-28,,Active,74297,4,4,29,6,89,LinkedIn,Atlanta
EMP0056,Timothy Robinson,44,Male,Operations,Supply Chain Planner,Master's,8,2024-03-15,,Active,73840,3,4,27,0,96,LinkedIn,Chicago
EMP0057,Sarah Hill,36,Female,Finance,Financial Analyst,Master's,1,2020-09-22,,Active,66830,3,2,21,3,142,Indeed,Atlanta
EMP0058,Michelle Rivera,32,Female,Customer Service,Customer Support Agent,Bachelor's,2,2021-11-19,,Active,53757,3,3,31,4,0,Glassdoor,New York
EMP0059,Dorothy Thompson,21,Non-binary,Operations,Operations Manager,Bachelor's,0,2022-04-21,,Active,114736,3,3,15,2,82,Glassdoor,Chicago
EMP0060,Paul Carter,42,Non-binary,HR,Talent Acquisition Specialist,Master's,5,2022-05-09,,Active,76639,5,4,47,0,8,Indeed,Boston
EMP0061,Richard Jackson,28,Male,HR,HR Manager,Bachelor's,1,2022-05-02,,Active,114783,2,1,13,0,116,LinkedIn,New York
EMP0062,Timothy Young,28,Non-binary,IT,Data Scientist,Bachelor's,1,2024-01-27,,Active,115192,3,3,34,3,1,LinkedIn,Chicago
EMP0063,Linda Jones,45,Female,IT,Data Scientist,Bachelor's,8,2020-06-15,2022-09-24,Left,164982,4,1,21,9,158,College Campus,Boston
EMP0064,Kimberly Carter,51,Male,Marketing,Digital Marketing Manager,Bachelor's,7,2023-03-27,,Active,174795,3,4,30,8,0,Referral,Seattle
EMP0065,Andrew Flores,38,Female,Operations,Operations Analyst,Bachelor's,3,2025-04-27,2025-08-23,Left,79531,3,2,13,3,20,LinkedIn,Seattle
EMP0066,James Clark,32,Male,Marketing,Content Writer,Bachelor's,3,2021-12-20,,Active,45997,3,4,45,2,35,Referral,Chicago
EMP0067,Thomas Green,41,Male,Customer Service,Customer Support Agent,Master's,1,2024-08-18,2024-12-03,Left,38355,2,2,41,2,120,LinkedIn,Austin
EMP0068,Karen Hill,30,Male,Marketing,Brand Manager,Master's,0,2023-12-27,,Active,88149,4,4,0,7,24,College Campus,Austin
EMP0069,Mark Garcia,36,Female,Sales,Sales Director,Master's,1,2020-03-21,,Active,131464,5,3,18,9,19,Referral,Atlanta
EMP0070,Timothy Baker,44,Male,Marketing,Marketing Specialist,MBA,3,2024-01-01,,Active,75236,3,2,25,7,161,LinkedIn,Seattle
EMP0071,Kenneth Young,40,Female,Sales,Sales Director,PhD,2,2022-09-24,,Active,142390,4,3,21,6,119,LinkedIn,Austin
EMP0072,Kevin Sanchez,32,Female,Marketing,Marketing Specialist,MBA,1,2022-09-04,,Active,52920,2,4,23,8,91,Referral,Austin
EMP0073,Kevin Wright,47,Male,IT,Senior Developer,Bachelor's,6,2025-04-18,,Active,159599,4,5,63,5,0,Referral,Atlanta
EMP0074,William Jackson,39,Non-binary,Operations,Supply Chain Planner,Bachelor's,3,2025-05-11,,Active,78323,3,3,52,0,44,LinkedIn,New York
EMP0075,Anthony Garcia,40,Non-binary,Customer Service,Customer Support Agent,Bachelor's,2,2025-07-05,,Active,39877,3,4,13,3,44,Glassdoor,Austin
EMP0076,Anthony Walker,44,Female,HR,Benefits Specialist,PhD,1,2023-04-06,2023-09-22,Left,56928,3,2,19,9,60,Glassdoor,Atlanta
EMP0077,Deborah Clark,34,Female,Customer Service,Customer Success Manager,Bachelor's,2,2020-01-08,,Active,93837,3,3,57,8,12,Indeed,Chicago
EMP0078,Elizabeth Lewis,40,Female,Finance,Finance Manager,Master's,11,2023-03-17,,Active,180884,3,3,59,0,14,LinkedIn,Atlanta
EMP0079,Matthew Anderson,42,Non-binary,Sales,Sales Representative,MBA,4,2024-01-09,,Active,74706,4,3,44,5,172,Indeed,Chicago
EMP0080,Elizabeth Young,41,Non-binary,HR,HR Manager,PhD,4,2023-09-29,2024-07-25,Left,125536,5,2,19,11,0,LinkedIn,Seattle
EMP0081,Donald Taylor,28,Male,Operations,Supply Chain Planner,Bachelor's,0,2022-10-17,,Active,57631,4,4,21,4,66,Indeed,Boston
EMP0082,Timothy Young,27,Non-binary,IT,Data Scientist,MBA,0,2025-05-14,2025-09-28,Left,119231,4,4,63,3,71,LinkedIn,New York
EMP0083,Amanda Miller,34,Non-binary,Operations,Operations Manager,Bachelor's,0,2022-10-04,,Active,110017,3,4,43,4,0,Indeed,New York
EMP0084,Anthony Torres,53,Non-binary,HR,Talent Acquisition Specialist,Master's,16,2025-03-08,,Active,103703,3,4,7,3,65,LinkedIn,San Francisco
EMP0085,Joseph Robinson,60,Male,Sales,Sales Director,Master's,13,2023-12-16,,Active,168134,4,5,19,2,73,LinkedIn,Boston
EMP0086,Emily Martin,36,Female,Sales,Sales Director,Master's,1,2022-07-27,2025-03-02,Left,172012,3,2,0,9,0,Indeed,Austin
EMP0087,Andrew Jackson,33,Female,Finance,Financial Analyst,PhD,1,2023-05-14,,Active,103438,4,3,65,0,66,Glassdoor,Seattle
EMP0088,Joshua Mitchell,45,Male,Finance,Senior Accountant,Bachelor's,13,2021-11-11,,Active,123946,3,3,39,2,3,Glassdoor,Atlanta
EMP0089,Carol Rodriguez,26,Non-binary,Operations,Operations Analyst,Master's,0,2020-04-13,,Active,64444,4,3,53,3,0,LinkedIn,Chicago
EMP0090,Anthony Lopez,27,Non-binary,Customer Service,Customer Success Manager,Bachelor's,3,2024-04-08,,Active,86681,4,4,50,2,128,LinkedIn,Chicago
EMP0091,Charles Mitchell,30,Female,Customer Service,Customer Support Agent,MBA,0,2021-03-13,,Active,36233,4,4,63,0,0,Glassdoor,Austin
EMP0092,Kimberly White,38,Female,Sales,Sales Representative,Bachelor's,3,2021-01-18,,Active,64491,4,3,28,3,38,Glassdoor,Chicago
EMP0093,Lisa Miller,39,Non-binary,Sales,Sales Representative,Master's,1,2022-10-16,,Active,60731,3,5,36,5,19,LinkedIn,Atlanta
EMP0094,Karen Adams,32,Non-binary,HR,HR Generalist,Bachelor's,3,2024-03-10,,Active,76962,3,2,39,9,67,Indeed,New York
EMP0095,Kevin Mitchell,39,Female,Marketing,Content Writer,Master's,8,2023-07-13,,Active,59483,4,3,4,0,65,Glassdoor,Atlanta
EMP0096,John Hall,31,Female,Sales,Business Development Associate,Bachelor's,3,2020-11-04,,Active,79637,3,5,1,2,49,College Campus,San Francisco
EMP0097,Betty Moore,28,Male,IT,QA Engineer,Bachelor's,0,2021-10-20,,Active,95896,3,3,33,6,0,LinkedIn,New York
EMP0098,William Torres,29,Male,Customer Service,Customer Success Manager,Bachelor's,2,2021-11-01,,Active,106938,3,5,28,15,0,Referral,San Francisco
EMP0099,James Moore,47,Non-binary,HR,Talent Acquisition Specialist,MBA,3,2021-06-26,2023-09-03,Left,62958,5,2,66,2,23,LinkedIn,Atlanta
EMP0100,Christopher Johnson,43,Non-binary,IT,Senior Developer,Bachelor's,6,2024-06-22,2025-11-25,Left,164409,2,2,25,2,86,Indeed,Boston
EMP0101,Mark Allen,36,Male,Marketing,Marketing Specialist,Bachelor's,3,2024-06-08,,Active,77940,3,3,51,7,45,LinkedIn,Boston
EMP0102,Margaret Baker,44,Female,Operations,Supply Chain Planner,Bachelor's,7,2022-09-27,,Active,92235,2,3,38,5,80,LinkedIn,New York
EMP0103,Amanda Lee,35,Non-binary,Marketing,Brand Manager,Bachelor's,6,2025-02-23,,Active,140282,4,3,9,7,0,LinkedIn,Austin
EMP0104,George Wilson,48,Non-binary,HR,Benefits Specialist,Bachelor's,5,2023-05-23,,Active,77832,2,3,47,9,7,Indeed,Chicago
EMP0105,Elizabeth Baker,39,Female,IT,Software Engineer,MBA,1,2020-10-16,,Active,88136,4,3,54,5,75,Indeed,Seattle
EMP0106,Emily Scott,30,Male,Operations,Operations Analyst,Master's,3,2025-08-29,2026-02-16,Left,68976,3,5,12,0,0,College Campus,Austin
EMP0107,Karen Thompson,44,Non-binary,Marketing,Digital Marketing Manager,Bachelor's,6,2021-11-27,2024-06-10,Left,165230,3,4,8,0,0,Indeed,San Francisco
EMP0108,Joseph Ramirez,43,Non-binary,Customer Service,Customer Success Manager,MBA,6,2025-06-19,,Active,101825,3,2,53,2,155,Glassdoor,Atlanta
EMP0109,Barbara Moore,51,Male,Finance,Finance Manager,Master's,1,2021-07-17,,Active,94016,3,4,20,2,67,Indeed,Chicago
EMP0110,Mary Garcia,35,Non-binary,HR,Benefits Specialist,Master's,3,2022-11-25,,Active,72648,3,2,15,3,57,LinkedIn,Austin
EMP0111,Jennifer Brown,30,Non-binary,Customer Service,Customer Success Manager,Bachelor's,4,2020-09-10,,Active,119021,3,3,40,7,21,Indeed,New York
EMP0112,Susan Carter,46,Female,Finance,Auditor,Master's,3,2025-10-08,2026-05-09,Left,89993,3,3,13,1,84,Glassdoor,New York
EMP0113,Patricia Smith,36,Non-binary,HR,Talent Acquisition Specialist,Bachelor's,7,2022-06-18,2024-03-29,Left,90195,1,3,54,1,0,Glassdoor,Seattle
EMP0114,Amanda Anderson,40,Non-binary,Customer Service,Customer Success Manager,Master's,10,2020-08-11,,Active,125308,4,3,48,6,52,Indeed,Seattle
EMP0115,Christopher Torres,40,Male,Sales,Business Development Associate,Bachelor's,4,2023-06-12,,Active,56577,3,2,17,11,90,Referral,Chicago
EMP0116,Lisa Garcia,41,Non-binary,IT,Senior Developer,Bachelor's,5,2023-05-29,,Active,172310,3,3,25,6,60,LinkedIn,Austin
EMP0117,Deborah Hernandez,37,Female,Operations,Operations Analyst,Bachelor's,9,2021-08-25,,Active,90725,3,5,59,0,77,Glassdoor,Atlanta
EMP0118,Jessica Miller,38,Male,HR,Talent Acquisition Specialist,Bachelor's,5,2026-06-19,,Active,63610,2,4,33,0,100,College Campus,Atlanta
EMP0119,Timothy Torres,40,Female,Sales,Sales Director,Master's,4,2025-05-02,,Active,251767,3,3,20,8,0,Indeed,Seattle
EMP0120,Emily Brown,38,Female,IT,System Administrator,Bachelor's,6,2020-04-26,,Active,92761,4,1,44,0,33,LinkedIn,Austin
EMP0121,Donna Hill,46,Male,Sales,Sales Representative,Master's,7,2025-07-18,,Active,75176,3,2,44,0,31,Indeed,Austin
EMP0122,Michael Perez,39,Female,IT,Data Scientist,PhD,2,2020-05-01,,Active,98612,3,3,8,12,0,Indeed,Boston
EMP0123,Lisa White,23,Male,Sales,Business Development Associate,MBA,0,2025-10-10,2026-01-14,Left,70108,4,3,58,0,29,Glassdoor,Seattle
EMP0124,Carol Harris,36,Non-binary,Operations,Logistics Coordinator,Bachelor's,6,2024-12-15,,Active,59110,5,3,38,7,28,LinkedIn,Chicago
EMP0125,Betty Rodriguez,42,Non-binary,IT,System Administrator,Master's,6,2025-06-22,,Active,89705,5,4,66,2,64,Glassdoor,Atlanta
EMP0126,Carol King,36,Non-binary,Operations,Supply Chain Planner,Bachelor's,2,2020-02-26,,Active,72204,3,3,0,3,68,LinkedIn,Atlanta
EMP0127,Richard Anderson,32,Female,HR,HR Generalist,PhD,0,2024-04-26,2025-11-30,Left,48314,4,4,29,1,0,College Campus,Chicago
EMP0128,William Hill,36,Non-binary,HR,Talent Acquisition Specialist,Bachelor's,1,2021-05-29,,Active,89012,1,3,0,5,129,Indeed,Seattle
EMP0129,Donna Jackson,34,Female,Customer Service,Support Lead,Master's,1,2022-01-13,,Active,87747,4,3,42,12,3,Indeed,San Francisco
EMP0130,Carol Torres,31,Female,Sales,Sales Director,PhD,1,2024-04-11,,Active,175533,5,4,17,5,0,Referral,Seattle
EMP0131,Thomas Brown,43,Male,Customer Service,Support Lead,Master's,7,2026-01-19,,Active,68302,4,4,33,10,94,LinkedIn,Atlanta
EMP0132,Mark Allen,55,Female,Sales,Sales Representative,Bachelor's,6,2022-12-22,,Active,84912,3,5,20,2,50,Indeed,San Francisco
EMP0133,Jennifer White,34,Female,Finance,Financial Analyst,Bachelor's,5,2025-07-12,,Active,122128,3,3,72,4,13,LinkedIn,Seattle
EMP0134,Brian Rodriguez,52,Female,Sales,Business Development Associate,Master's,13,2020-09-03,,Active,68661,3,1,0,3,68,LinkedIn,Atlanta
EMP0135,Dorothy Ramirez,40,Non-binary,Finance,Senior Accountant,Bachelor's,11,2020-05-28,2024-10-27,Left,106548,3,3,50,5,0,Glassdoor,Chicago
EMP0136,Paul Johnson,52,Non-binary,Marketing,Digital Marketing Manager,Master's,10,2022-06-23,,Active,118172,3,3,57,10,11,LinkedIn,Boston
EMP0137,Kevin Garcia,31,Non-binary,Finance,Financial Analyst,Master's,2,2024-04-25,,Active,81894,3,4,22,7,25,LinkedIn,Atlanta
EMP0138,Kenneth Harris,43,Male,Finance,Financial Analyst,PhD,0,2020-07-28,,Active,83838,4,3,53,0,55,Glassdoor,Chicago
EMP0139,Timothy Perez,32,Non-binary,Finance,Finance Manager,Bachelor's,5,2021-06-27,,Active,198188,4,4,4,5,26,Executive Search,Seattle
EMP0140,William Jones,45,Male,Sales,Sales Representative,Master's,3,2020-05-16,,Active,52197,4,4,23,3,0,LinkedIn,Chicago
EMP0141,Paul Walker,34,Female,Customer Service,Customer Success Manager,Bachelor's,6,2023-01-14,2026-08-07,Left,107531,1,4,26,3,104,Glassdoor,San Francisco
EMP0142,Margaret Sanchez,36,Female,Sales,Sales Director,Master's,3,2025-11-20,,Active,199526,5,3,0,5,0,Indeed,San Francisco
EMP0143,Margaret Garcia,45,Non-binary,Customer Service,Customer Support Agent,Bachelor's,14,2022-09-24,2025-12-12,Left,62108,3,1,9,9,186,LinkedIn,Atlanta
EMP0144,David Hall,42,Female,Sales,Sales Representative,Bachelor's,2,2025-03-25,,Active,55676,3,5,34,4,7,Executive Search,Boston
EMP0145,Kevin Green,44,Male,Marketing,Digital Marketing Manager,Bachelor's,7,2025-03-02,2026-02-10,Left,134971,3,2,51,5,140,LinkedIn,New York
EMP0146,Matthew Torres,46,Female,HR,Benefits Specialist,Bachelor's,14,2023-10-11,,Active,97016,3,3,14,6,121,Indeed,Chicago
EMP0147,Sarah Thomas,36,Non-binary,IT,Senior Developer,PhD,2,2023-04-17,,Active,150044,2,5,49,4,111,Referral,Austin
EMP0148,Donna Jackson,47,Male,Sales,Account Manager,Master's,1,2020-08-18,2026-08-05,Left,83781,4,3,32,4,71,Indeed,New York
EMP0149,Kevin Thompson,35,Female,Marketing,Brand Manager,Master's,4,2026-01-20,,Active,104773,4,4,0,1,0,LinkedIn,Chicago
EMP0150,Linda Gonzalez,31,Male,HR,Benefits Specialist,Master's,0,2024-09-17,,Active,77281,4,3,75,2,4,Executive Search,New York
EMP0151,Robert Martin,45,Male,Operations,Supply Chain Planner,Bachelor's,6,2023-06-26,,Active,84890,2,4,0,0,39,Executive Search,Atlanta
EMP0152,Sandra Baker,46,Female,HR,Talent Acquisition Specialist,Master's,12,2023-09-06,,Active,96621,4,4,35,8,68,Referral,Seattle
EMP0153,David Hernandez,37,Female,Operations,Logistics Coordinator,Bachelor's,4,2022-06-01,,Active,71923,3,4,28,0,67,Glassdoor,Chicago
EMP0154,Kenneth Martin,28,Male,IT,Data Scientist,Master's,1,2025-01-12,,Active,94693,2,5,48,1,59,Glassdoor,Boston
EMP0155,Nancy Torres,28,Non-binary,Customer Service,Customer Support Agent,Bachelor's,2,2025-06-15,,Active,48254,3,4,36,2,67,LinkedIn,New York
EMP0156,Kenneth Johnson,22,Non-binary,Operations,Operations Manager,Bachelor's,0,2024-02-09,,Active,104798,4,3,21,5,36,Indeed,Boston
EMP0157,Patricia Hernandez,38,Non-binary,Sales,Business Development Associate,Bachelor's,6,2025-02-27,,Active,87027,5,2,64,0,60,LinkedIn,San Francisco
EMP0158,Betty Rodriguez,25,Female,Marketing,Marketing Specialist,Master's,0,2023-12-20,2025-10-07,Left,55921,3,2,35,2,11,LinkedIn,Chicago
EMP0159,Anthony Thomas,29,Non-binary,HR,HR Manager,PhD,1,2021-08-12,,Active,104513,3,4,27,4,3,Indeed,Atlanta
EMP0160,Ashley Johnson,37,Female,Sales,Business Development Associate,Bachelor's,6,2024-12-17,,Active,80675,3,3,81,4,53,Indeed,San Francisco
EMP0161,Carol Walker,29,Non-binary,IT,Software Engineer,Bachelor's,3,2022-04-01,,Active,77714,5,4,62,7,95,Indeed,Austin
EMP0162,Kimberly Gonzalez,33,Non-binary,Finance,Financial Analyst,Bachelor's,4,2023-10-31,,Active,86446,3,4,14,5,4,Executive Search,Austin
EMP0163,William Miller,39,Male,Customer Service,Support Lead,Bachelor's,1,2026-06-03,,Active,64459,3,1,5,9,145,Indeed,Atlanta
EMP0164,William Rivera,52,Male,Sales,Business Development Associate,Bachelor's,9,2024-05-20,2025-11-10,Left,110270,5,2,11,7,5,LinkedIn,San Francisco
EMP0165,Karen Nguyen,38,Non-binary,Customer Service,Customer Success Manager,Bachelor's,0,2026-01-10,,Active,76051,3,3,42,9,24,LinkedIn,Atlanta
EMP0166,Anthony Nguyen,27,Male,Operations,Operations Analyst,Bachelor's,1,2022-04-04,,Active,68173,4,5,37,14,79,Referral,Atlanta
EMP0167,Patricia Nguyen,38,Non-binary,Marketing,Content Writer,Bachelor's,3,2020-04-08,,Active,67110,4,3,3,1,69,LinkedIn,San Francisco
EMP0168,Elizabeth Clark,23,Female,Sales,Business Development Associate,Master's,0,2026-01-01,,Active,58800,3,2,46,4,0,LinkedIn,Seattle
EMP0169,Matthew Lee,37,Non-binary,Sales,Sales Director,PhD,2,2025-09-30,,Active,143875,4,4,14,4,69,Glassdoor,Atlanta
EMP0170,Donald Gonzalez,41,Non-binary,Finance,Finance Manager,PhD,2,2022-06-16,,Active,147830,4,4,46,4,48,Indeed,San Francisco
EMP0171,George Moore,49,Non-binary,Marketing,Content Writer,Bachelor's,19,2021-03-31,,Active,90303,3,3,26,2,43,Glassdoor,Austin
EMP0172,Michelle Taylor,37,Female,HR,Talent Acquisition Specialist,Master's,8,2022-04-22,,Active,108319,4,5,27,1,7,LinkedIn,Seattle
EMP0173,Jessica Thomas,26,Non-binary,Marketing,Digital Marketing Manager,Bachelor's,2,2020-06-12,,Active,97479,3,2,59,4,60,Indeed,Boston
EMP0174,James Scott,38,Male,HR,Benefits Specialist,PhD,3,2024-01-23,,Active,73457,4,3,23,2,19,LinkedIn,Boston
EMP0175,Deborah Garcia,33,Male,HR,HR Generalist,Master's,4,2021-06-30,,Active,85104,1,5,48,0,85,Referral,San Francisco
EMP0176,Melissa Jackson,24,Male,IT,System Administrator,MBA,0,2020-11-29,,Active,79751,3,5,0,2,24,Indeed,Atlanta
EMP0177,Ashley Rodriguez,32,Non-binary,Sales,Sales Director,MBA,3,2020-12-15,,Active,228208,4,3,26,9,38,Glassdoor,San Francisco
EMP0178,Melissa Perez,36,Male,Marketing,Digital Marketing Manager,Master's,1,2023-08-21,,Active,132046,2,3,0,0,0,Glassdoor,San Francisco
EMP0179,Donald Lee,50,Male,IT,System Administrator,MBA,4,2023-10-19,,Active,78551,5,4,20,7,0,LinkedIn,Austin
EMP0180,Thomas Adams,56,Male,HR,HR Generalist,Bachelor's,5,2023-12-16,,Active,58647,3,3,14,5,79,Indeed,Boston
EMP0181,Deborah Martin,41,Non-binary,Operations,Operations Manager,Master's,3,2021-11-11,,Active,111409,3,5,33,3,44,Indeed,Chicago
EMP0182,Anthony Hall,24,Female,Sales,Account Manager,Master's,0,2025-10-14,,Active,85135,4,4,44,9,97,LinkedIn,Seattle
EMP0183,Lisa Jones,45,Non-binary,IT,Software Engineer,MBA,5,2024-04-19,,Active,124417,3,2,41,10,14,LinkedIn,Seattle
EMP0184,Linda Baker,41,Female,Marketing,Content Writer,Bachelor's,8,2023-10-16,,Active,93592,3,3,51,7,129,Indeed,New York
EMP0185,Kimberly Robinson,33,Male,Finance,Financial Analyst,Master's,1,2020-01-10,,Active,68991,3,4,7,13,0,LinkedIn,Austin
EMP0186,Paul Brown,35,Male,IT,QA Engineer,MBA,4,2023-06-24,,Active,93390,2,2,35,4,85,Glassdoor,New York
EMP0187,Lisa Harris,34,Female,Sales,Business Development Associate,Bachelor's,5,2025-08-18,2026-05-13,Left,101056,2,5,4,5,76,Referral,New York
EMP0188,Dorothy Rodriguez,40,Female,HR,HR Generalist,Master's,2,2022-07-15,,Active,61754,5,3,64,6,0,Indeed,Seattle
EMP0189,Jessica Robinson,39,Male,Finance,Senior Accountant,Bachelor's,7,2020-04-10,,Active,94332,3,5,43,10,71,Referral,Boston
EMP0190,Jessica Wilson,35,Male,Marketing,Marketing Specialist,Bachelor's,1,2025-09-18,,Active,70291,1,4,12,4,0,Glassdoor,Austin
EMP0191,Paul Wilson,31,Male,Customer Service,Customer Support Agent,Master's,2,2022-06-17,,Active,58394,5,3,17,9,112,Indeed,San Francisco
EMP0192,Christopher Thomas,35,Non-binary,HR,Talent Acquisition Specialist,Bachelor's,6,2022-05-04,,Active,71729,5,1,22,7,0,College Campus,Austin
EMP0193,Carol Ramirez,52,Non-binary,IT,System Administrator,Master's,11,2023-03-30,,Active,118077,3,4,55,0,112,Indeed,Boston
EMP0194,Barbara Carter,32,Female,HR,Talent Acquisition Specialist,Master's,5,2023-12-09,,Active,63276,3,5,54,13,5,College Campus,Chicago
EMP0195,Matthew Thomas,46,Male,Finance,Financial Analyst,Bachelor's,8,2023-02-26,2026-03-09,Left,113200,4,2,20,4,105,LinkedIn,Austin
EMP0196,Joshua Williams,43,Non-binary,HR,Talent Acquisition Specialist,MBA,15,2022-10-31,,Active,87750,5,3,0,2,80,LinkedIn,Austin
EMP0197,Linda Mitchell,36,Non-binary,Sales,Account Manager,PhD,2,2025-12-26,,Active,86189,5,2,41,9,68,Indeed,Boston
EMP0198,Sandra Wright,34,Female,Finance,Finance Manager,Master's,0,2024-03-24,,Active,123607,4,3,7,3,0,Glassdoor,Chicago
EMP0199,Susan White,38,Female,IT,Data Scientist,Bachelor's,0,2026-04-21,,Active,118126,3,2,19,7,30,College Campus,Seattle
EMP0200,Charles Martinez,26,Female,HR,Benefits Specialist,Bachelor's,0,2024-03-31,,Active,58052,5,3,20,11,21,LinkedIn,Atlanta
EMP0201,George Adams,31,Female,Sales,Account Manager,Master's,2,2022-12-30,,Active,92932,4,2,25,4,11,Indeed,Boston
EMP0202,Michelle Brown,29,Non-binary,Customer Service,Customer Support Agent,Master's,1,2020-05-30,,Active,59732,3,5,24,10,0,Referral,Seattle
EMP0203,Elizabeth Smith,36,Non-binary,Sales,Sales Director,Bachelor's,2,2025-06-04,,Active,203161,3,3,24,7,0,Indeed,New York
EMP0204,Paul Scott,37,Male,IT,Data Scientist,Bachelor's,5,2024-07-22,,Active,117606,1,5,4,8,9,Referral,Boston
EMP0205,Michael Miller,39,Male,HR,Talent Acquisition Specialist,Master's,1,2022-02-23,,Active,67860,3,4,13,2,57,Indeed,Atlanta
EMP0206,Sandra Torres,38,Female,Operations,Logistics Coordinator,Bachelor's,8,2025-07-24,,Active,62886,3,5,31,1,47,LinkedIn,Chicago
EMP0207,Kimberly Walker,27,Female,IT,Senior Developer,Bachelor's,0,2023-09-10,,Active,172197,4,2,71,7,140,Executive Search,New York
EMP0208,John Anderson,37,Non-binary,Customer Service,Customer Success Manager,Bachelor's,3,2022-04-22,,Active,84650,2,1,14,2,37,College Campus,Atlanta
EMP0209,Kevin Williams,32,Non-binary,Customer Service,Support Lead,Bachelor's,2,2024-12-28,,Active,76663,4,3,0,3,44,Referral,New York
EMP0210,David Torres,44,Female,Customer Service,Support Lead,Bachelor's,8,2022-10-27,,Active,89381,4,4,52,3,39,Referral,Boston
EMP0211,Steven Mitchell,38,Male,IT,Software Engineer,PhD,0,2020-08-24,,Active,72606,4,3,55,3,108,College Campus,Austin
EMP0212,Mary Green,37,Female,Sales,Business Development Associate,Bachelor's,4,2024-09-14,,Active,82155,3,5,21,3,72,Glassdoor,San Francisco
EMP0213,Deborah Flores,28,Male,HR,HR Generalist,Bachelor's,2,2021-04-24,,Active,72603,4,3,58,5,50,LinkedIn,New York
EMP0214,Michael Garcia,36,Female,Finance,Auditor,Bachelor's,3,2022-04-18,,Active,89540,2,2,49,4,111,Indeed,Chicago
EMP0215,Anthony Miller,47,Non-binary,Finance,Financial Analyst,Bachelor's,18,2022-10-04,,Active,133465,1,4,56,5,69,Indeed,Atlanta
EMP0216,Kimberly Thomas,27,Non-binary,HR,Benefits Specialist,Master's,1,2022-04-15,,Active,70913,3,3,29,10,105,LinkedIn,San Francisco
EMP0217,Karen Walker,28,Female,Finance,Finance Manager,Master's,1,2024-03-20,,Active,170250,3,3,23,11,19,LinkedIn,San Francisco
EMP0218,Nancy Flores,47,Female,Customer Service,Support Lead,Bachelor's,13,2023-08-30,2025-03-11,Left,92671,4,4,36,1,101,Executive Search,Austin
EMP0219,Brian Gonzalez,26,Non-binary,HR,Benefits Specialist,Bachelor's,2,2026-04-02,,Active,64314,3,4,3,8,66,Indeed,Chicago
EMP0220,Sarah Sanchez,38,Female,Marketing,Digital Marketing Manager,Bachelor's,7,2025-10-19,,Active,111092,1,4,39,6,0,Glassdoor,Atlanta
EMP0221,Mark Jackson,42,Male,IT,QA Engineer,MBA,7,2021-03-08,,Active,91342,3,3,10,4,72,Glassdoor,Boston
EMP0222,Robert Lewis,46,Female,Sales,Business Development Associate,PhD,4,2025-11-19,,Active,71456,1,3,28,2,36,College Campus,Atlanta
EMP0223,Joshua Green,39,Non-binary,IT,Senior Developer,MBA,5,2023-01-07,,Active,178273,3,2,42,7,77,Indeed,Boston
EMP0224,Betty Carter,28,Non-binary,Customer Service,Support Lead,Bachelor's,2,2020-11-02,,Active,67965,4,3,66,6,20,Indeed,New York
EMP0225,Joseph Lewis,34,Non-binary,Sales,Account Manager,Bachelor's,5,2024-02-08,2024-11-15,Left,72964,3,2,8,0,25,College Campus,Chicago
EMP0226,Karen Perez,45,Female,HR,Benefits Specialist,Bachelor's,10,2020-10-30,,Active,91842,4,3,53,5,7,LinkedIn,Chicago
EMP0227,Linda Johnson,28,Non-binary,Operations,Operations Analyst,MBA,1,2026-04-19,,Active,57600,3,3,50,5,72,LinkedIn,Boston
EMP0228,Joseph Sanchez,23,Female,HR,Benefits Specialist,Master's,0,2026-04-09,,Active,50956,3,3,49,4,22,Indeed,Austin
EMP0229,Susan Wilson,51,Non-binary,Operations,Operations Analyst,Bachelor's,17,2024-07-26,2026-07-26,Left,89601,3,2,13,4,79,Indeed,Atlanta
EMP0230,Dorothy Green,56,Female,Sales,Business Development Associate,Bachelor's,5,2022-12-16,,Active,58491,3,3,33,2,70,LinkedIn,Atlanta
EMP0231,Donna Nguyen,30,Female,HR,HR Manager,Bachelor's,0,2022-08-06,,Active,119543,3,2,45,0,0,LinkedIn,New York
EMP0232,William Torres,37,Non-binary,HR,Benefits Specialist,Bachelor's,0,2025-11-24,,Active,67608,5,5,32,0,11,LinkedIn,Boston
EMP0233,William Lopez,35,Female,Sales,Sales Representative,Bachelor's,6,2020-01-30,,Active,80234,3,3,30,9,53,Indeed,Seattle
EMP0234,Ashley Clark,54,Non-binary,Sales,Business Development Associate,Master's,9,2020-09-13,2022-10-12,Left,68652,4,3,0,0,7,LinkedIn,Austin
EMP0235,Charles Hernandez,39,Non-binary,Marketing,Content Writer,Master's,4,2020-12-17,,Active,65816,3,3,32,3,12,Indeed,Atlanta
EMP0236,Timothy Williams,51,Non-binary,Sales,Account Manager,Master's,14,2026-04-05,,Active,98833,4,4,10,4,0,LinkedIn,Austin
EMP0237,Thomas Thompson,35,Female,IT,QA Engineer,MBA,2,2022-01-06,,Active,79442,4,2,58,0,31,Glassdoor,Seattle
EMP0238,Kenneth Ramirez,36,Non-binary,HR,Talent Acquisition Specialist,Bachelor's,3,2020-07-03,,Active,76693,3,3,37,2,77,Indeed,Seattle
EMP0239,Charles Jackson,26,Non-binary,Customer Service,Customer Success Manager,Master's,1,2020-10-22,2023-05-02,Left,90179,4,2,31,2,7,Indeed,Boston
EMP0240,William Hall,38,Non-binary,HR,Talent Acquisition Specialist,MBA,1,2022-02-08,,Active,60896,5,4,65,2,104,Indeed,Boston
EMP0241,Kenneth Clark,26,Female,IT,Software Engineer,Bachelor's,2,2026-05-18,,Active,88446,5,3,35,6,111,Indeed,Austin
EMP0242,Emily Smith,35,Female,Customer Service,Customer Success Manager,MBA,7,2023-11-25,,Active,134321,4,4,52,9,98,Referral,New York
EMP0243,Susan Ramirez,27,Female,Sales,Sales Director,MBA,1,2022-05-31,,Active,170857,3,3,57,10,18,Indeed,Chicago
EMP0244,Carol Carter,31,Female,IT,QA Engineer,Bachelor's,1,2021-05-05,2022-08-18,Left,76792,1,3,18,0,0,College Campus,New York
EMP0245,Karen Hernandez,36,Non-binary,Finance,Financial Analyst,MBA,4,2022-02-16,2024-11-22,Left,80979,3,2,30,7,0,Glassdoor,Boston
EMP0246,Brian Carter,33,Non-binary,Operations,Operations Analyst,Bachelor's,4,2020-01-04,,Active,61616,3,2,61,3,21,Indeed,Boston
EMP0247,James Smith,42,Female,Customer Service,Customer Support Agent,Master's,4,2025-11-26,,Active,60782,2,2,37,9,51,Indeed,Seattle
EMP0248,Michael Lee,36,Male,Finance,Senior Accountant,Bachelor's,4,2021-02-17,,Active,109827,5,3,74,11,0,LinkedIn,Austin
EMP0249,Michelle Hernandez,42,Non-binary,Operations,Logistics Coordinator,Bachelor's,9,2023-07-03,,Active,67945,3,3,20,4,0,LinkedIn,Boston
EMP0250,Timothy Davis,23,Male,Sales,Sales Director,Master's,0,2021-03-10,,Active,130611,3,3,24,0,0,LinkedIn,Austin
EMP0251,Joshua Jackson,46,Non-binary,Operations,Operations Analyst,Master's,13,2022-07-26,,Active,135990,3,2,0,15,0,LinkedIn,Seattle
EMP0252,Patricia Thomas,39,Non-binary,IT,Senior Developer,Bachelor's,6,2025-01-19,2025-11-21,Left,182053,4,1,22,7,54,LinkedIn,Austin
EMP0253,Matthew Torres,40,Male,Marketing,Digital Marketing Manager,Bachelor's,4,2020-08-14,2021-04-19,Left,153508,2,1,16,1,92,LinkedIn,Seattle
EMP0254,Steven Jackson,31,Female,Marketing,Content Writer,Master's,1,2020-09-13,2021-07-15,Left,55308,3,3,35,4,26,LinkedIn,Austin
EMP0255,Susan Martinez,41,Non-binary,Sales,Sales Representative,Master's,4,2023-09-21,2025-09-25,Left,72957,4,4,0,7,29,LinkedIn,Chicago
EMP0256,Sandra Flores,42,Male,Finance,Senior Accountant,Master's,2,2026-01-08,2026-06-17,Left,95060,1,2,38,1,27,Indeed,New York
EMP0257,Thomas Hernandez,28,Non-binary,Operations,Operations Manager,Bachelor's,0,2020-04-01,,Active,92736,3,3,40,8,5,Indeed,Boston
EMP0258,Kenneth Jones,43,Non-binary,Marketing,Brand Manager,Bachelor's,6,2024-10-27,,Active,174750,2,3,44,9,10,Referral,New York
EMP0259,George Davis,40,Non-binary,Marketing,Marketing Specialist,Bachelor's,10,2022-01-29,2022-07-18,Left,84703,3,1,27,2,38,College Campus,New York
EMP0260,Amanda Mitchell,29,Non-binary,HR,HR Manager,Master's,1,2026-02-15,2026-04-27,Left,139462,4,3,13,5,70,Indeed,San Francisco
EMP0261,Joseph King,42,Male,Sales,Sales Representative,PhD,6,2022-08-23,2025-03-16,Left,61070,3,3,11,1,4,LinkedIn,Austin
EMP0262,Melissa Flores,44,Female,Finance,Auditor,Bachelor's,9,2026-03-25,2026-07-03,Left,104385,4,5,35,5,33,LinkedIn,Seattle
EMP0263,Joseph Wright,49,Male,Customer Service,Customer Success Manager,Bachelor's,2,2020-01-05,,Active,95818,3,4,54,12,90,Glassdoor,New York
EMP0264,Dorothy Thomas,38,Male,IT,Senior Developer,Bachelor's,2,2020-10-16,,Active,133205,4,2,85,9,67,Referral,Boston
EMP0265,Sandra Mitchell,40,Female,IT,Data Scientist,Bachelor's,7,2023-05-10,,Active,194816,3,1,33,2,38,Indeed,San Francisco
EMP0266,Charles Taylor,29,Male,Customer Service,Support Lead,MBA,3,2022-09-15,2026-02-22,Left,67972,3,3,33,3,40,College Campus,Boston
EMP0267,Michael Martinez,44,Non-binary,Sales,Business Development Associate,Bachelor's,3,2021-01-10,,Active,65318,5,3,47,3,1,LinkedIn,Chicago
EMP0268,Linda Garcia,39,Female,Operations,Operations Manager,Bachelor's,5,2020-05-05,,Active,186807,4,2,18,6,77,LinkedIn,Seattle
EMP0269,Betty Allen,21,Female,Finance,Finance Manager,Bachelor's,0,2020-04-06,,Active,126742,4,5,33,5,0,Indeed,Seattle
EMP0270,Sandra Miller,31,Male,HR,HR Generalist,MBA,2,2021-11-21,,Active,63477,4,2,42,5,46,Indeed,New York
EMP0271,Jennifer Nguyen,24,Non-binary,Customer Service,Customer Support Agent,Master's,0,2021-09-06,,Active,45070,3,5,59,3,0,LinkedIn,New York
EMP0272,Linda Williams,39,Female,IT,Senior Developer,MBA,5,2026-02-28,2026-06-10,Left,160064,1,2,8,7,145,Glassdoor,Atlanta
EMP0273,Sarah Moore,23,Male,HR,HR Generalist,Bachelor's,0,2025-07-04,2025-12-19,Left,53053,4,3,62,0,80,Indeed,Atlanta
EMP0274,William Clark,28,Female,Customer Service,Customer Success Manager,Bachelor's,3,2024-08-16,,Active,112935,5,5,9,5,0,Referral,San Francisco
EMP0275,Ashley Thompson,43,Non-binary,Marketing,Brand Manager,MBA,6,2021-07-12,,Active,121176,3,1,10,4,0,LinkedIn,Austin
EMP0276,Patricia Walker,23,Female,Customer Service,Customer Success Manager,Master's,0,2020-11-07,,Active,81537,3,3,40,5,40,Indeed,San Francisco
EMP0277,Patricia Carter,26,Non-binary,HR,Benefits Specialist,PhD,0,2021-07-01,,Active,55692,3,3,41,7,117,Glassdoor,Chicago
EMP0278,Mary Rivera,33,Non-binary,Marketing,Digital Marketing Manager,Master's,1,2024-03-09,2025-04-13,Left,90829,3,3,0,0,2,LinkedIn,Atlanta
EMP0279,Dorothy Walker,38,Male,Marketing,Digital Marketing Manager,Bachelor's,3,2022-11-24,,Active,116971,5,5,13,0,73,Referral,Seattle
EMP0280,Elizabeth Nguyen,36,Male,HR,HR Generalist,Master's,1,2023-02-07,,Active,80918,3,5,34,5,37,College Campus,Seattle
EMP0281,Nancy Martin,25,Male,HR,Benefits Specialist,Bachelor's,0,2024-02-22,,Active,88683,3,3,34,0,0,College Campus,Seattle
EMP0282,Daniel Anderson,41,Non-binary,Customer Service,Customer Support Agent,Master's,10,2026-03-30,,Active,56036,2,4,39,4,82,Glassdoor,Austin
EMP0283,Betty Roberts,45,Non-binary,IT,Senior Developer,PhD,7,2025-03-14,2025-07-12,Left,161093,3,2,33,0,32,College Campus,Atlanta
EMP0284,Daniel Lee,55,Male,IT,System Administrator,Bachelor's,6,2022-04-03,,Active,74862,4,2,60,0,9,Indeed,Austin
EMP0285,James Brown,24,Non-binary,Operations,Supply Chain Planner,Bachelor's,0,2024-03-11,,Active,85707,3,4,39,0,58,Indeed,San Francisco
EMP0286,Michelle Carter,55,Non-binary,HR,Benefits Specialist,Master's,2,2022-07-05,2026-06-13,Left,68976,3,1,30,6,42,LinkedIn,New York
EMP0287,David Campbell,31,Female,IT,System Administrator,Bachelor's,4,2024-02-08,,Active,92924,3,4,39,1,81,Glassdoor,Atlanta
EMP0288,David Brown,50,Female,HR,Talent Acquisition Specialist,Bachelor's,7,2026-02-21,,Active,84680,3,5,42,0,29,Glassdoor,Austin
EMP0289,Patricia Sanchez,44,Male,Customer Service,Support Lead,Master's,4,2023-01-26,,Active,75089,2,2,25,13,0,Referral,San Francisco
EMP0290,Richard Miller,33,Female,HR,HR Manager,Bachelor's,3,2020-12-24,,Active,155449,3,3,50,0,0,Indeed,New York
EMP0291,Michelle Wright,30,Male,Finance,Auditor,Bachelor's,2,2023-10-16,,Active,66002,3,1,10,5,0,LinkedIn,Chicago
EMP0292,Patricia Martinez,33,Non-binary,Operations,Operations Analyst,Master's,5,2022-12-04,,Active,107839,3,4,32,11,139,Referral,New York
EMP0293,Matthew King,28,Male,Marketing,Content Writer,Bachelor's,0,2024-01-19,2026-05-31,Left,47721,3,4,29,0,19,Referral,Atlanta
EMP0294,Carol Flores,25,Non-binary,Customer Service,Support Lead,Bachelor's,1,2021-10-20,,Active,72120,2,4,33,0,62,Indeed,San Francisco
EMP0295,Richard Green,40,Female,Marketing,Brand Manager,Bachelor's,4,2020-09-27,,Active,97893,3,3,36,0,77,LinkedIn,Chicago
EMP0296,James Hall,32,Female,Marketing,Content Writer,Master's,1,2021-04-09,,Active,69654,3,3,8,0,0,Referral,New York
EMP0297,Andrew Roberts,43,Male,Finance,Finance Manager,Bachelor's,2,2023-04-05,,Active,115894,3,3,10,9,96,Indeed,Austin
EMP0298,Elizabeth Flores,32,Female,Operations,Supply Chain Planner,Master's,1,2022-10-26,2024-07-26,Left,88359,1,4,13,5,0,Indeed,New York
EMP0299,Nancy Martin,29,Male,Customer Service,Support Lead,Bachelor's,2,2021-12-09,,Active,71844,5,2,0,7,45,Indeed,Seattle
EMP0300,George Clark,46,Female,IT,Senior Developer,Master's,2,2023-06-19,,Active,128361,4,5,26,7,0,Referral,Austin
EMP0301,David Jones,41,Non-binary,Marketing,Content Writer,Bachelor's,6,2024-11-01,,Active,88627,3,2,38,7,36,Referral,San Francisco
EMP0302,John Robinson,44,Male,Finance,Senior Accountant,Bachelor's,6,2023-12-13,2025-09-11,Left,101766,3,3,45,6,0,LinkedIn,Chicago
EMP0303,Joshua Lewis,41,Female,Customer Service,Support Lead,Bachelor's,16,2022-12-22,,Active,111628,4,3,46,7,36,LinkedIn,Atlanta
EMP0304,Charles Johnson,34,Male,HR,Talent Acquisition Specialist,Bachelor's,3,2025-07-04,,Active,77354,3,2,41,8,62,Glassdoor,Seattle
EMP0305,James Walker,41,Non-binary,Operations,Logistics Coordinator,MBA,2,2021-11-26,,Active,48899,4,3,19,6,41,LinkedIn,Atlanta
EMP0306,Sarah Ramirez,23,Non-binary,Customer Service,Support Lead,MBA,0,2021-11-08,,Active,58257,4,4,42,9,0,Referral,Austin
EMP0307,James Allen,43,Male,Customer Service,Support Lead,PhD,1,2025-03-07,,Active,72234,4,3,2,0,8,Indeed,Atlanta
EMP0308,Kenneth Lee,23,Female,Finance,Finance Manager,MBA,0,2024-05-26,,Active,124781,4,5,0,2,32,Referral,San Francisco
EMP0309,Betty Nelson,26,Non-binary,HR,HR Generalist,Bachelor's,1,2022-07-07,2025-09-09,Left,63748,3,3,58,9,32,Indeed,Boston
EMP0310,Richard Perez,33,Non-binary,HR,Benefits Specialist,Master's,1,2024-04-25,,Active,64216,2,3,29,6,13,Glassdoor,Boston
EMP0311,Michael Walker,37,Female,Finance,Senior Accountant,Bachelor's,1,2025-07-26,2026-07-27,Left,84237,3,2,11,0,9,Glassdoor,Boston
EMP0312,Lisa Taylor,23,Female,Sales,Sales Representative,Master's,0,2025-05-25,,Active,41758,5,3,31,5,33,LinkedIn,Austin
EMP0313,Linda Baker,30,Non-binary,Finance,Auditor,Bachelor's,2,2021-03-02,,Active,80919,3,5,56,11,49,Executive Search,New York
EMP0314,Elizabeth Lee,25,Female,HR,HR Generalist,MBA,0,2025-05-14,,Active,55899,3,5,11,0,90,LinkedIn,Austin
EMP0315,Timothy Roberts,46,Male,Customer Service,Customer Support Agent,Bachelor's,8,2020-09-30,2024-12-21,Left,63180,3,2,53,9,53,Indeed,Austin
EMP0316,James Williams,34,Female,Operations,Operations Manager,Master's,3,2026-06-09,,Active,148562,3,4,23,9,0,Glassdoor,New York
EMP0317,Joseph Hall,42,Male,Finance,Senior Accountant,MBA,3,2024-04-12,,Active,115595,2,4,46,4,32,Referral,New York
EMP0318,Sandra Campbell,33,Female,Marketing,Brand Manager,Master's,0,2022-11-30,,Active,88768,3,5,43,0,35,Referral,Austin
EMP0319,Mary Anderson,32,Female,HR,Talent Acquisition Specialist,Bachelor's,2,2025-01-06,,Active,52615,2,3,16,1,68,Glassdoor,Boston
EMP0320,Kenneth Taylor,28,Female,Marketing,Marketing Specialist,Master's,0,2025-08-18,2026-04-08,Left,49571,4,2,34,2,24,LinkedIn,Atlanta
EMP0321,Linda Scott,41,Female,Operations,Logistics Coordinator,Bachelor's,10,2022-07-24,,Active,79282,2,3,47,8,50,Indeed,San Francisco
EMP0322,William Clark,30,Non-binary,IT,Data Scientist,MBA,1,2020-12-31,,Active,125300,4,3,2,1,78,Indeed,Boston
EMP0323,Dorothy Gonzalez,39,Female,Sales,Sales Director,Bachelor's,3,2024-08-30,,Active,157614,4,3,64,2,2,College Campus,San Francisco
EMP0324,James Nelson,54,Male,IT,Data Scientist,Bachelor's,6,2021-04-08,,Active,139352,4,5,0,5,0,LinkedIn,Boston
EMP0325,Michelle Anderson,36,Female,Finance,Finance Manager,Bachelor's,2,2020-11-06,,Active,100744,4,5,46,0,21,Referral,Austin
EMP0326,Christopher Ramirez,34,Non-binary,IT,Software Engineer,Master's,2,2021-03-05,,Active,125439,3,3,49,7,0,Indeed,New York
EMP0327,Sarah Campbell,34,Non-binary,Customer Service,Support Lead,Bachelor's,2,2023-05-30,,Active,72535,3,4,3,0,0,Referral,San Francisco
EMP0328,Anthony Adams,41,Female,HR,HR Generalist,MBA,8,2021-05-10,,Active,77419,5,2,12,4,0,Indeed,San Francisco
EMP0329,Barbara Flores,38,Female,Finance,Financial Analyst,Bachelor's,10,2026-03-09,,Active,140749,2,5,42,6,82,College Campus,Seattle
EMP0330,Mark Williams,55,Female,Operations,Operations Manager,Bachelor's,5,2026-04-29,,Active,179091,3,3,24,3,66,Executive Search,New York
EMP0331,Dorothy King,45,Female,Marketing,Marketing Specialist,Master's,9,2026-03-07,,Active,94768,3,3,23,4,61,Glassdoor,Austin
EMP0332,Donna Brown,58,Non-binary,HR,Benefits Specialist,Bachelor's,12,2021-05-28,,Active,122556,4,1,71,9,10,LinkedIn,Seattle
EMP0333,Steven Anderson,23,Male,Sales,Business Development Associate,Master's,0,2020-09-01,,Active,65875,4,3,30,0,92,Indeed,Seattle
EMP0334,Christopher Davis,39,Female,Operations,Operations Analyst,PhD,4,2023-07-05,,Active,91667,3,2,21,1,0,Referral,New York
EMP0335,Kenneth Martin,28,Non-binary,Marketing,Digital Marketing Manager,MBA,1,2022-11-24,,Active,109093,2,3,28,3,48,LinkedIn,Boston
EMP0336,Deborah Flores,60,Non-binary,Operations,Operations Manager,Master's,6,2020-12-20,2026-07-10,Left,142174,4,2,65,6,81,LinkedIn,Boston
EMP0337,Kimberly King,40,Female,IT,Software Engineer,Bachelor's,11,2021-03-12,,Active,146043,4,4,25,0,30,Indeed,San Francisco
EMP0338,Richard Davis,29,Male,Sales,Account Manager,MBA,1,2021-08-15,,Active,90498,2,4,34,2,87,Indeed,Austin
EMP0339,Emily Davis,47,Non-binary,Sales,Business Development Associate,Master's,6,2024-04-15,2026-04-17,Left,79744,3,2,26,2,5,Indeed,Boston
EMP0340,Donald Allen,31,Non-binary,HR,Talent Acquisition Specialist,Master's,0,2020-11-17,,Active,52206,3,3,7,7,88,College Campus,Boston
EMP0341,Anthony Hill,35,Female,Customer Service,Customer Support Agent,MBA,2,2022-12-01,,Active,44839,3,5,59,6,115,LinkedIn,Chicago
EMP0342,Melissa Allen,43,Non-binary,Operations,Operations Manager,Bachelor's,11,2025-05-19,,Active,174641,3,2,43,10,42,Glassdoor,Boston
EMP0343,William Rivera,33,Non-binary,HR,HR Manager,Master's,1,2026-06-21,,Active,91065,3,3,51,11,50,Indeed,Boston
EMP0344,Carol Mitchell,38,Female,Marketing,Brand Manager,MBA,6,2020-02-09,,Active,166905,1,3,16,1,0,LinkedIn,Seattle
EMP0345,Sarah Carter,27,Male,Finance,Finance Manager,Master's,0,2025-11-15,,Active,117581,3,4,60,1,32,Indeed,San Francisco
EMP0346,Michael Flores,41,Female,Operations,Logistics Coordinator,MBA,5,2023-04-23,,Active,76069,4,4,41,5,0,Referral,Boston
EMP0347,Patricia Harris,26,Non-binary,Customer Service,Customer Success Manager,Bachelor's,1,2020-06-16,,Active,81215,3,1,5,8,75,Glassdoor,Chicago
EMP0348,Joseph Green,41,Female,Operations,Operations Manager,Master's,8,2024-08-25,,Active,203874,3,4,0,6,111,Glassdoor,Seattle
EMP0349,Barbara Baker,37,Female,HR,HR Generalist,Bachelor's,2,2023-08-24,,Active,50037,3,3,36,6,25,LinkedIn,Austin
EMP0350,Nancy Robinson,41,Male,HR,HR Generalist,Master's,0,2025-01-28,,Active,69463,5,1,25,0,0,Glassdoor,San Francisco
EMP0351,Andrew Scott,36,Female,Customer Service,Customer Success Manager,Bachelor's,6,2021-11-14,2026-08-08,Left,95747,3,5,56,7,72,Referral,Chicago
EMP0352,Jennifer Thompson,40,Female,HR,HR Manager,Bachelor's,6,2022-07-01,,Active,128519,4,2,30,5,56,Indeed,Chicago
EMP0353,James Davis,33,Non-binary,Sales,Account Manager,Master's,6,2025-04-13,2025-09-08,Left,99335,1,3,0,6,12,College Campus,Boston
EMP0354,Thomas Wright,42,Female,IT,Data Scientist,Master's,7,2024-05-16,,Active,167316,3,4,59,0,7,LinkedIn,Seattle
EMP0355,Christopher Allen,54,Male,IT,Senior Developer,Bachelor's,13,2024-07-14,,Active,266486,3,1,63,9,83,Glassdoor,Seattle
EMP0356,Margaret Miller,42,Non-binary,Customer Service,Customer Success Manager,Bachelor's,2,2023-09-14,2025-10-26,Left,92233,5,3,47,11,63,Glassdoor,Boston
EMP0357,Nancy Williams,40,Non-binary,IT,Senior Developer,Bachelor's,8,2024-09-29,2025-11-14,Left,200489,4,1,6,5,193,College Campus,Seattle
EMP0358,Betty Ramirez,40,Non-binary,Sales,Sales Representative,Bachelor's,8,2025-06-15,2026-07-10,Left,53054,2,4,20,4,95,Glassdoor,Atlanta
EMP0359,Daniel Allen,38,Male,Customer Service,Customer Success Manager,Bachelor's,2,2020-09-25,,Active,86265,5,3,13,7,79,Indeed,Chicago
EMP0360,Donald Hernandez,45,Male,HR,Benefits Specialist,Master's,3,2022-07-05,,Active,95034,2,5,26,2,43,Glassdoor,Seattle
EMP0361,Michelle White,35,Non-binary,IT,Data Scientist,PhD,1,2021-03-15,2022-02-02,Left,151290,1,2,24,3,4,Indeed,Seattle
EMP0362,Susan Mitchell,34,Female,Operations,Operations Manager,Master's,4,2025-06-29,,Active,162462,2,4,9,0,16,LinkedIn,San Francisco
EMP0363,Richard Davis,32,Female,Customer Service,Customer Success Manager,Bachelor's,1,2026-05-22,,Active,80316,5,5,18,7,0,Indeed,Seattle
EMP0364,Kevin Jones,33,Female,HR,Benefits Specialist,Bachelor's,3,2021-02-02,2022-11-25,Left,69106,3,3,36,3,32,LinkedIn,Chicago
EMP0365,Ashley Lewis,38,Female,Operations,Operations Manager,Bachelor's,13,2021-04-18,,Active,187391,3,3,13,4,79,LinkedIn,Boston
EMP0366,Christopher Thomas,45,Male,Operations,Supply Chain Planner,Master's,6,2021-02-21,,Active,82805,3,3,46,12,0,Indeed,Chicago
EMP0367,Ashley Scott,41,Female,Operations,Operations Analyst,Bachelor's,4,2021-03-10,,Active,85832,3,4,46,3,46,Glassdoor,Seattle
EMP0368,Robert Johnson,36,Non-binary,Operations,Operations Analyst,MBA,2,2024-12-03,,Active,93240,3,3,19,9,26,College Campus,Seattle
EMP0369,Paul Walker,23,Non-binary,HR,HR Manager,Master's,0,2025-01-05,,Active,94634,3,4,22,0,53,Indeed,Austin
EMP0370,Lisa Allen,61,Female,HR,Talent Acquisition Specialist,Bachelor's,3,2021-03-12,,Active,90785,3,3,4,6,0,College Campus,Seattle
EMP0371,Melissa Campbell,39,Male,Finance,Financial Analyst,Bachelor's,3,2024-02-24,,Active,116131,3,3,31,4,59,LinkedIn,San Francisco
EMP0372,Lisa Harris,41,Non-binary,Sales,Sales Representative,Bachelor's,6,2022-10-03,2026-01-28,Left,94937,5,2,38,1,45,Glassdoor,New York
EMP0373,Emily Wright,41,Female,Sales,Business Development Associate,Master's,8,2025-07-22,,Active,84819,2,4,35,7,21,LinkedIn,Chicago
EMP0374,Dorothy Sanchez,40,Male,Customer Service,Support Lead,Bachelor's,7,2025-02-20,2026-05-25,Left,84220,4,1,46,3,4,Indeed,Austin
EMP0375,Sarah Wilson,36,Non-binary,HR,HR Manager,Bachelor's,3,2025-08-15,,Active,98284,4,3,29,4,119,Glassdoor,Atlanta
EMP0376,Donald Wilson,26,Female,Operations,Supply Chain Planner,Master's,0,2020-05-14,,Active,78730,3,2,0,5,21,LinkedIn,New York
EMP0377,Elizabeth Brown,43,Non-binary,HR,Benefits Specialist,Bachelor's,8,2025-06-04,2025-09-05,Left,90377,5,1,64,0,40,Glassdoor,Atlanta
EMP0378,Mark Hill,34,Male,Customer Service,Support Lead,PhD,4,2023-06-30,,Active,82922,4,4,36,2,24,Referral,San Francisco
EMP0379,Steven Taylor,23,Non-binary,Operations,Operations Manager,Bachelor's,0,2025-01-08,2026-04-19,Left,124094,3,1,37,2,15,LinkedIn,Austin
EMP0380,Carol Clark,30,Non-binary,Marketing,Marketing Specialist,MBA,2,2025-03-24,,Active,85850,4,3,55,5,45,Indeed,San Francisco
EMP0381,Donald Nelson,30,Male,Marketing,Marketing Specialist,Bachelor's,2,2025-07-10,,Active,94817,3,3,49,11,49,College Campus,Seattle
EMP0382,Joseph Walker,44,Female,Sales,Sales Director,Master's,3,2026-04-22,,Active,182258,4,5,59,8,66,Indeed,Atlanta
EMP0383,Donald Roberts,31,Female,Customer Service,Customer Support Agent,Bachelor's,3,2024-08-16,,Active,50178,3,3,26,7,0,Glassdoor,Chicago
EMP0384,Dorothy Davis,39,Non-binary,Sales,Account Manager,Master's,1,2022-09-08,,Active,89808,2,3,0,4,64,Indeed,Boston
EMP0385,Paul Ramirez,47,Female,Marketing,Brand Manager,Master's,7,2026-06-03,,Active,135740,4,2,64,1,48,Indeed,Boston
EMP0386,Kimberly Walker,45,Non-binary,Finance,Finance Manager,Bachelor's,6,2026-04-04,2026-08-19,Left,179941,4,2,17,1,69,LinkedIn,Seattle
EMP0387,David Miller,32,Non-binary,Sales,Sales Director,Bachelor's,1,2025-03-22,,Active,189906,4,3,28,0,125,LinkedIn,Seattle
EMP0388,Jennifer Martinez,24,Male,Marketing,Content Writer,Bachelor's,1,2022-03-28,,Active,54728,2,2,13,10,0,LinkedIn,New York
EMP0389,Donna Adams,41,Female,Operations,Operations Analyst,Master's,2,2025-06-12,,Active,75253,1,4,10,0,80,Referral,Seattle
EMP0390,Charles Gonzalez,35,Non-binary,Marketing,Digital Marketing Manager,Bachelor's,5,2025-09-25,2026-03-11,Left,103328,3,1,42,11,35,LinkedIn,Atlanta
EMP0391,Daniel Nelson,37,Female,Marketing,Digital Marketing Manager,Bachelor's,6,2026-04-08,,Active,94248,5,4,12,0,69,Indeed,Atlanta
EMP0392,Emily Thompson,33,Non-binary,Customer Service,Support Lead,Bachelor's,8,2021-08-27,2026-02-15,Left,115283,3,3,20,9,72,LinkedIn,San Francisco
EMP0393,Kimberly Jones,36,Male,Finance,Financial Analyst,Master's,4,2022-03-11,,Active,108487,4,4,0,0,14,Indeed,Seattle
EMP0394,Andrew Walker,32,Female,Customer Service,Support Lead,Master's,2,2025-10-18,2026-01-12,Left,87797,3,3,22,0,63,LinkedIn,Seattle
EMP0395,Kenneth Anderson,38,Female,HR,HR Manager,Master's,5,2024-05-23,,Active,123768,4,3,10,6,14,LinkedIn,Austin
EMP0396,Carol Mitchell,37,Female,IT,Data Scientist,MBA,4,2022-09-02,,Active,161284,4,3,33,7,4,LinkedIn,San Francisco
EMP0397,Richard Young,31,Non-binary,HR,Talent Acquisition Specialist,Master's,4,2021-10-04,,Active,82209,4,3,53,6,97,Referral,Seattle
EMP0398,Linda Garcia,24,Male,Operations,Supply Chain Planner,Master's,0,2024-08-09,,Active,55217,4,5,34,2,0,Indeed,Atlanta
EMP0399,Sarah Young,26,Non-binary,Customer Service,Customer Success Manager,Bachelor's,1,2021-11-21,,Active,75958,2,4,36,0,25,Indeed,Chicago
EMP0400,John Allen,52,Non-binary,Customer Service,Customer Success Manager,Bachelor's,7,2023-11-21,,Active,105163,4,5,43,5,27,Indeed,Seattle
EMP0401,Carol Wilson,25,Male,IT,System Administrator,Bachelor's,1,2022-03-17,,Active,83282,3,2,41,8,57,LinkedIn,Chicago
EMP0402,Lisa Lopez,39,Female,HR,Benefits Specialist,Bachelor's,4,2023-02-08,,Active,72150,3,4,36,4,98,LinkedIn,Boston
EMP0403,Carol Anderson,36,Non-binary,Operations,Operations Manager,MBA,4,2024-09-21,,Active,145656,3,3,38,4,0,LinkedIn,Seattle
EMP0404,Donald Smith,29,Male,Sales,Account Manager,Bachelor's,2,2024-05-25,,Active,108897,3,3,51,11,16,Indeed,Seattle
EMP0405,Patricia Sanchez,30,Non-binary,HR,HR Generalist,Bachelor's,2,2024-01-20,,Active,71998,2,4,0,6,0,Glassdoor,San Francisco
EMP0406,Kimberly Scott,26,Female,Finance,Finance Manager,MBA,0,2021-01-11,,Active,146231,4,3,14,4,16,Glassdoor,New York
EMP0407,Michelle Wright,46,Non-binary,Customer Service,Support Lead,Bachelor's,13,2025-09-22,2026-07-17,Left,92191,4,3,44,4,14,Indeed,Chicago
EMP0408,Sandra Green,26,Female,Customer Service,Customer Support Agent,PhD,0,2022-11-14,,Active,48233,3,3,29,4,41,Indeed,Boston
EMP0409,David Perez,21,Male,Finance,Finance Manager,Bachelor's,0,2025-02-23,,Active,107529,3,3,24,6,57,Indeed,Boston
EMP0410,Melissa Nguyen,44,Female,Sales,Business Development Associate,Master's,0,2020-03-12,,Active,63781,3,2,15,2,26,LinkedIn,San Francisco
EMP0411,Jennifer Wilson,36,Non-binary,IT,Software Engineer,Bachelor's,1,2024-01-10,,Active,121929,1,3,22,0,1,Indeed,New York
EMP0412,Michael Taylor,27,Male,IT,QA Engineer,Master's,0,2022-02-07,,Active,62515,3,4,39,2,0,LinkedIn,Chicago
EMP0413,Mary Williams,32,Male,Customer Service,Support Lead,Master's,0,2023-12-22,,Active,82002,3,5,21,4,0,LinkedIn,Seattle
EMP0414,Paul Lopez,28,Non-binary,Sales,Business Development Associate,Master's,1,2025-06-09,,Active,68602,5,3,14,0,23,Indeed,Atlanta
EMP0415,Mark Martin,23,Male,Finance,Senior Accountant,Bachelor's,0,2020-01-01,,Active,70345,4,3,23,0,88,LinkedIn,Chicago
EMP0416,James Hall,29,Non-binary,Customer Service,Support Lead,MBA,3,2023-08-30,,Active,56334,4,5,66,8,29,Referral,Chicago
EMP0417,Anthony Scott,33,Male,HR,Talent Acquisition Specialist,Bachelor's,6,2023-04-25,,Active,85767,3,3,0,7,128,LinkedIn,Boston
EMP0418,Timothy Flores,33,Non-binary,Operations,Operations Manager,MBA,2,2022-04-15,,Active,129449,4,3,16,1,67,LinkedIn,Chicago
EMP0419,Sandra Flores,30,Non-binary,Operations,Supply Chain Planner,Bachelor's,3,2020-03-01,,Active,91708,5,2,60,11,84,LinkedIn,San Francisco
EMP0420,Sarah Rodriguez,43,Female,Operations,Operations Analyst,Master's,8,2021-04-13,,Active,87375,3,1,45,0,1,Indeed,San Francisco
EMP0421,Lisa Robinson,49,Female,IT,System Administrator,Master's,7,2021-03-29,,Active,135350,4,1,54,1,56,LinkedIn,New York
EMP0422,Thomas Harris,44,Male,IT,Senior Developer,MBA,6,2022-02-06,,Active,166195,2,4,68,0,38,Indeed,Austin
EMP0423,Kevin Wilson,25,Non-binary,Operations,Operations Manager,Bachelor's,1,2025-05-08,,Active,99209,4,4,48,5,43,Indeed,Chicago
EMP0424,Kenneth Martin,37,Female,IT,Senior Developer,Bachelor's,10,2025-05-20,,Active,210811,1,4,45,4,0,Referral,New York
EMP0425,Jessica Smith,40,Female,Marketing,Content Writer,PhD,1,2021-04-26,2024-05-11,Left,61917,2,3,51,7,52,LinkedIn,Boston
EMP0426,Patricia Brown,40,Non-binary,HR,HR Generalist,Bachelor's,4,2021-12-23,,Active,88428,3,3,30,4,0,Glassdoor,San Francisco
EMP0427,George Gonzalez,28,Female,Sales,Sales Director,Bachelor's,4,2022-02-17,,Active,137841,3,4,42,5,75,Indeed,Boston
EMP0428,Ashley Gonzalez,35,Non-binary,Marketing,Brand Manager,Master's,1,2022-05-05,,Active,115123,3,5,57,1,53,Referral,Chicago
EMP0429,Elizabeth Lewis,47,Non-binary,Finance,Finance Manager,Bachelor's,6,2025-06-05,,Active,111658,4,2,47,0,178,College Campus,Austin
EMP0430,Deborah Flores,22,Female,Operations,Operations Analyst,Bachelor's,0,2023-04-18,2024-08-30,Left,67660,4,3,0,10,9,Referral,Boston
EMP0431,Anthony Adams,48,Female,IT,Data Scientist,Bachelor's,11,2020-05-16,,Active,121491,2,4,52,0,0,College Campus,Boston
EMP0432,Richard Miller,40,Female,Operations,Supply Chain Planner,Bachelor's,1,2024-06-21,,Active,73895,3,3,37,7,75,LinkedIn,Boston
EMP0433,Robert Smith,52,Non-binary,HR,Benefits Specialist,MBA,8,2023-12-25,,Active,86823,2,4,38,3,0,Indeed,Seattle
EMP0434,Lisa Rivera,36,Female,Marketing,Brand Manager,Bachelor's,2,2026-03-31,,Active,89277,3,1,11,5,44,College Campus,Atlanta
EMP0435,Michael Campbell,23,Male,Sales,Account Manager,Bachelor's,0,2025-08-02,,Active,96552,3,3,0,8,39,LinkedIn,San Francisco
EMP0436,Melissa Miller,51,Female,Marketing,Brand Manager,Master's,11,2025-12-22,2026-05-09,Left,158489,5,2,65,7,148,LinkedIn,Boston
EMP0437,Nancy Nelson,43,Non-binary,Marketing,Content Writer,Bachelor's,5,2024-09-05,,Active,60391,3,5,54,0,32,Indeed,Chicago
EMP0438,George Lee,28,Female,Marketing,Digital Marketing Manager,Master's,3,2023-01-23,,Active,102649,3,5,28,1,50,Indeed,Austin
EMP0439,Joshua Johnson,40,Female,Finance,Financial Analyst,Master's,4,2021-10-29,,Active,75713,1,5,11,2,0,Referral,Chicago
EMP0440,Kimberly Allen,34,Female,Marketing,Digital Marketing Manager,Master's,1,2023-12-01,,Active,100714,2,2,33,1,139,Indeed,New York
EMP0441,Thomas Martin,41,Male,Sales,Account Manager,Bachelor's,13,2026-02-26,,Active,95044,3,3,7,3,0,Indeed,Boston
EMP0442,Andrew Miller,33,Non-binary,Finance,Financial Analyst,Master's,1,2024-11-25,,Active,87866,4,3,0,6,89,College Campus,Boston
EMP0443,Anthony Davis,45,Female,HR,HR Generalist,MBA,4,2020-06-17,2024-11-24,Left,66738,1,3,14,8,29,Indeed,Boston
EMP0444,Joseph Martinez,33,Non-binary,Operations,Supply Chain Planner,Bachelor's,4,2025-01-23,,Active,92416,2,3,29,6,100,Indeed,Austin
EMP0445,William Perez,29,Male,Marketing,Marketing Specialist,Bachelor's,3,2022-03-26,2022-12-21,Left,68409,3,3,27,1,67,Referral,Atlanta
EMP0446,Kimberly Gonzalez,32,Female,Operations,Logistics Coordinator,Bachelor's,2,2022-02-04,,Active,67152,3,3,21,2,35,Indeed,Atlanta
EMP0447,Jennifer Davis,54,Non-binary,Sales,Sales Director,Master's,4,2022-09-23,2024-05-18,Left,142080,3,4,19,0,10,Referral,Chicago
EMP0448,Mark Flores,31,Non-binary,IT,Senior Developer,Bachelor's,2,2023-03-07,,Active,202385,4,2,57,6,100,LinkedIn,San Francisco
EMP0449,Donna Martinez,40,Male,Customer Service,Support Lead,MBA,10,2025-11-25,2026-08-21,Left,107184,3,3,47,14,127,Indeed,New York
EMP0450,Susan Wright,42,Male,Finance,Auditor,Master's,1,2021-03-15,,Active,82074,3,4,7,7,67,Indeed,Atlanta
EMP0451,John Taylor,35,Non-binary,Finance,Senior Accountant,Bachelor's,2,2025-04-03,2025-12-30,Left,125311,3,3,18,4,12,College Campus,Seattle
EMP0452,Kevin White,23,Non-binary,IT,System Administrator,MBA,0,2023-04-15,2024-10-16,Left,101598,4,3,67,11,49,Executive Search,Seattle
EMP0453,Joshua Wright,38,Female,HR,Benefits Specialist,Bachelor's,4,2020-05-03,,Active,58816,3,3,25,3,69,LinkedIn,Atlanta
EMP0454,Mary Thompson,36,Male,Finance,Finance Manager,Master's,5,2022-05-07,,Active,184275,3,4,0,8,45,College Campus,San Francisco
EMP0455,Kimberly Moore,47,Male,Finance,Auditor,Bachelor's,21,2020-09-29,,Active,109474,3,4,19,0,23,Glassdoor,Boston
EMP0456,Joseph Clark,50,Non-binary,HR,Benefits Specialist,Bachelor's,15,2022-10-20,,Active,111737,2,3,19,6,11,Glassdoor,Chicago
EMP0457,Richard Rodriguez,41,Non-binary,Operations,Logistics Coordinator,Bachelor's,13,2025-07-31,,Active,75629,5,5,31,5,0,LinkedIn,Austin
EMP0458,Linda Lopez,32,Non-binary,HR,HR Generalist,Bachelor's,1,2023-07-10,,Active,72074,3,5,0,11,93,Glassdoor,Seattle
EMP0459,Melissa Moore,40,Non-binary,HR,HR Generalist,Bachelor's,6,2020-03-22,,Active,79132,3,4,0,10,21,LinkedIn,San Francisco
EMP0460,Joshua Anderson,41,Male,IT,System Administrator,Bachelor's,8,2024-01-20,,Active,136205,4,2,0,0,108,Indeed,New York
EMP0461,Matthew Young,32,Male,HR,Talent Acquisition Specialist,Bachelor's,7,2023-06-23,2026-06-30,Left,78489,1,3,2,0,168,LinkedIn,San Francisco
EMP0462,Timothy Wilson,40,Male,Sales,Business Development Associate,Bachelor's,9,2023-11-22,,Active,75678,3,5,43,12,70,Referral,Boston
EMP0463,George Lee,44,Female,Operations,Operations Analyst,Bachelor's,2,2023-11-04,,Active,57868,4,2,0,0,130,College Campus,Atlanta
EMP0464,Betty Mitchell,38,Non-binary,Sales,Sales Representative,Bachelor's,4,2023-09-27,,Active,71834,3,4,12,3,43,Referral,San Francisco
EMP0465,Charles Flores,36,Female,Operations,Logistics Coordinator,MBA,2,2020-10-07,,Active,64585,2,5,48,5,38,Referral,Austin
EMP0466,Paul Rodriguez,38,Non-binary,Finance,Auditor,Bachelor's,6,2023-11-10,,Active,94334,4,3,18,8,47,LinkedIn,New York
EMP0467,Christopher Hall,29,Female,Operations,Logistics Coordinator,Master's,1,2020-10-10,,Active,51009,3,2,15,12,0,Indeed,Boston
EMP0468,George Allen,38,Female,HR,Benefits Specialist,Master's,1,2020-05-16,,Active,64969,5,4,27,9,106,Indeed,Atlanta
EMP0469,David Martinez,45,Male,Operations,Operations Analyst,Bachelor's,11,2022-08-19,,Active,86535,5,4,24,3,72,LinkedIn,Austin
EMP0470,Richard Smith,41,Male,Finance,Financial Analyst,Master's,4,2024-03-29,2026-06-06,Left,86194,1,3,45,8,0,College Campus,Austin
EMP0471,Anthony Lewis,44,Female,Marketing,Marketing Specialist,Bachelor's,7,2022-05-14,2023-02-28,Left,105496,3,4,50,5,67,Referral,San Francisco
EMP0472,Michelle Thompson,30,Male,Customer Service,Customer Support Agent,Bachelor's,2,2025-02-17,,Active,48028,5,3,40,1,59,LinkedIn,Boston
EMP0473,David Baker,51,Male,Operations,Logistics Coordinator,Bachelor's,13,2023-01-24,,Active,97235,2,5,19,8,104,LinkedIn,Austin
EMP0474,Robert Carter,24,Female,Marketing,Marketing Specialist,Bachelor's,0,2021-02-22,,Active,63427,4,2,0,2,107,LinkedIn,Chicago
EMP0475,Brian Wilson,26,Male,IT,Data Scientist,Master's,1,2024-07-01,,Active,126068,3,5,22,2,89,Glassdoor,Boston
EMP0476,Charles Ramirez,43,Non-binary,Finance,Finance Manager,Master's,3,2025-04-20,,Active,143015,3,3,74,9,0,Indeed,Atlanta
EMP0477,Ashley Young,37,Non-binary,Marketing,Digital Marketing Manager,MBA,1,2021-08-24,2023-07-29,Left,97798,1,1,54,6,33,Glassdoor,Boston
EMP0478,Anthony Clark,43,Non-binary,Finance,Senior Accountant,Bachelor's,9,2021-09-17,,Active,154684,3,4,41,9,82,LinkedIn,New York
EMP0479,Christopher Roberts,33,Non-binary,Operations,Operations Manager,Bachelor's,1,2026-02-28,,Active,115393,5,4,3,3,56,Referral,Chicago
EMP0480,Carol Walker,38,Female,Customer Service,Customer Support Agent,MBA,2,2024-02-04,,Active,40201,3,3,18,6,58,Referral,Boston
EMP0481,Anthony Mitchell,39,Female,Marketing,Brand Manager,Bachelor's,4,2024-09-20,,Active,116784,3,3,25,7,58,Glassdoor,Atlanta
EMP0482,Robert Martinez,28,Female,IT,System Administrator,Bachelor's,1,2024-07-17,,Active,83750,3,4,9,2,89,Indeed,Austin
EMP0483,Amanda Lee,34,Female,Finance,Auditor,Master's,3,2022-01-08,,Active,99801,4,3,0,0,0,LinkedIn,New York
EMP0484,Linda White,45,Male,Customer Service,Customer Support Agent,Master's,4,2024-04-21,2026-07-11,Left,61291,3,1,0,2,50,Indeed,New York
EMP0485,Dorothy Martin,52,Non-binary,HR,HR Generalist,Master's,15,2025-10-03,,Active,123826,3,5,0,12,0,LinkedIn,Seattle
EMP0486,Linda Smith,34,Non-binary,IT,Data Scientist,Bachelor's,2,2022-11-01,,Active,115703,1,3,25,5,39,Indeed,Seattle
EMP0487,Mary Torres,42,Female,Operations,Logistics Coordinator,Master's,1,2021-08-21,,Active,53633,3,4,32,7,63,Referral,Chicago
EMP0488,Elizabeth Hernandez,34,Female,IT,Data Scientist,Bachelor's,2,2020-11-14,2023-06-12,Left,122784,3,2,59,0,0,LinkedIn,Atlanta
EMP0489,Jessica Hernandez,44,Non-binary,Marketing,Brand Manager,Bachelor's,6,2020-06-06,2021-01-19,Left,135251,3,1,52,2,135,Glassdoor,Atlanta
EMP0490,Margaret Sanchez,37,Male,Marketing,Content Writer,Bachelor's,2,2022-08-28,,Active,55785,3,4,35,0,52,Referral,Atlanta
EMP0491,Timothy Carter,31,Male,HR,HR Generalist,Bachelor's,1,2020-10-29,,Active,78447,4,3,34,1,0,Glassdoor,Seattle
EMP0492,Joseph Martinez,25,Male,Marketing,Brand Manager,MBA,0,2021-07-23,,Active,105695,3,5,15,8,39,Referral,Chicago
EMP0493,Ashley Johnson,34,Female,IT,System Administrator,Bachelor's,2,2021-06-14,,Active,81122,3,3,12,6,20,Indeed,Austin
EMP0494,Amanda Miller,39,Female,Operations,Operations Analyst,Bachelor's,7,2024-07-13,,Active,95838,4,3,61,5,29,LinkedIn,Seattle
EMP0495,Donald Harris,37,Male,HR,Benefits Specialist,Bachelor's,3,2024-10-28,,Active,89971,3,4,39,0,86,LinkedIn,Seattle
EMP0496,Melissa Rivera,29,Male,Sales,Sales Representative,Master's,1,2023-12-09,,Active,61913,2,3,33,10,79,Indeed,Atlanta
EMP0497,Robert Hill,26,Female,Customer Service,Customer Success Manager,Bachelor's,1,2023-03-23,2023-12-24,Left,112924,3,3,41,6,33,LinkedIn,Seattle
EMP0498,Timothy Green,35,Non-binary,Customer Service,Customer Support Agent,MBA,4,2023-11-08,2025-05-13,Left,43435,3,3,53,2,105,Indeed,Boston
EMP0499,Andrew Baker,23,Female,Sales,Sales Director,Bachelor's,0,2020-01-26,,Active,185236,3,4,5,8,53,Referral,New York
EMP0500,Lisa Scott,27,Male,IT,Data Scientist,PhD,0,2020-12-06,,Active,129428,4,4,24,9,17,LinkedIn,Seattle
EMP0501,Kenneth Lee,33,Female,Sales,Business Development Associate,Master's,2,2021-10-18,,Active,67890,3,3,20,10,0,LinkedIn,Austin
EMP0502,Anthony Martinez,41,Female,Customer Service,Customer Success Manager,Bachelor's,9,2020-02-06,2023-12-23,Left,109479,1,1,7,8,23,Glassdoor,San Francisco
EMP0503,Jennifer Rodriguez,47,Male,Sales,Business Development Associate,Master's,8,2025-02-20,,Active,111846,3,5,8,3,13,Indeed,Seattle
EMP0504,Matthew Thompson,36,Female,Sales,Sales Representative,Bachelor's,5,2026-03-20,,Active,67587,3,3,50,1,73,Indeed,Atlanta
EMP0505,John Williams,38,Female,Operations,Operations Manager,Master's,4,2024-02-05,,Active,178390,2,5,56,7,27,Glassdoor,New York
EMP0506,Sandra King,31,Female,Marketing,Marketing Specialist,Bachelor's,3,2025-05-13,,Active,88873,5,4,44,0,27,LinkedIn,San Francisco
EMP0507,Karen Flores,29,Non-binary,Finance,Financial Analyst,Bachelor's,1,2024-05-11,,Active,75792,3,5,43,0,11,LinkedIn,Austin
EMP0508,Charles Hernandez,34,Female,Marketing,Brand Manager,Bachelor's,5,2022-03-20,2024-11-10,Left,140331,3,1,53,4,97,LinkedIn,Boston
EMP0509,Donna Johnson,32,Non-binary,IT,Senior Developer,Bachelor's,2,2022-05-13,,Active,118839,3,3,27,9,23,LinkedIn,Atlanta
EMP0510,Linda Hill,31,Non-binary,Marketing,Digital Marketing Manager,Bachelor's,0,2023-02-22,,Active,104271,3,4,35,6,0,Glassdoor,Boston
EMP0511,John Perez,51,Non-binary,HR,Talent Acquisition Specialist,PhD,6,2026-05-27,,Active,99589,4,5,31,0,0,LinkedIn,Seattle
EMP0512,David Wilson,45,Non-binary,Customer Service,Support Lead,Master's,1,2026-06-05,,Active,76261,2,4,33,0,77,Indeed,New York
EMP0513,Melissa Carter,47,Female,HR,Benefits Specialist,MBA,10,2024-01-14,,Active,87893,3,3,18,8,0,Indeed,Boston
EMP0514,Matthew Baker,38,Female,Marketing,Marketing Specialist,Bachelor's,8,2025-06-03,,Active,107924,4,3,47,4,98,Glassdoor,New York
EMP0515,Nancy Moore,33,Female,IT,System Administrator,Bachelor's,3,2023-04-30,,Active,88639,4,3,36,3,0,LinkedIn,Boston
EMP0516,Dorothy Perez,53,Male,HR,HR Manager,Master's,2,2025-09-21,,Active,87148,2,1,38,0,71,Indeed,Atlanta
EMP0517,Mark Thompson,44,Non-binary,Finance,Finance Manager,Bachelor's,8,2020-03-14,,Active,152179,2,3,22,5,0,Indeed,San Francisco
EMP0518,Joshua Green,30,Male,IT,Software Engineer,Bachelor's,4,2021-02-07,,Active,122980,4,3,31,0,112,Glassdoor,Seattle
EMP0519,Linda Hall,38,Male,Finance,Auditor,Bachelor's,1,2025-06-07,,Active,59780,5,4,0,15,27,Referral,Boston
EMP0520,Deborah Roberts,40,Non-binary,HR,HR Generalist,Bachelor's,1,2023-04-04,,Active,48925,5,3,14,1,33,LinkedIn,Chicago
EMP0521,Mark Jones,54,Male,HR,Benefits Specialist,Bachelor's,18,2024-03-08,,Active,152974,3,2,53,8,40,Indeed,San Francisco
EMP0522,Mark Rivera,29,Male,IT,Software Engineer,Bachelor's,2,2026-03-10,,Active,113023,3,3,27,3,41,College Campus,New York
EMP0523,James Williams,52,Non-binary,Finance,Senior Accountant,Master's,16,2023-04-30,,Active,132523,3,3,15,4,1,College Campus,Boston
EMP0524,Betty Campbell,31,Female,Customer Service,Customer Support Agent,Master's,3,2020-01-11,2024-09-29,Left,43344,4,4,19,4,98,Referral,Atlanta
EMP0525,Nancy Baker,22,Female,IT,Software Engineer,Bachelor's,0,2022-11-22,,Active,82518,3,3,24,0,0,Referral,Chicago
EMP0526,Kimberly Williams,29,Male,Operations,Logistics Coordinator,PhD,0,2020-11-27,,Active,57782,3,3,8,9,54,LinkedIn,Chicago
EMP0527,Richard Rodriguez,45,Non-binary,IT,Data Scientist,Bachelor's,1,2023-04-22,,Active,145680,3,1,47,0,0,LinkedIn,San Francisco
EMP0528,Mary Williams,36,Female,Finance,Financial Analyst,Bachelor's,3,2021-10-19,,Active,69296,3,4,11,9,49,Indeed,Austin
EMP0529,Elizabeth Mitchell,37,Non-binary,IT,Software Engineer,Master's,9,2024-02-27,2024-11-16,Left,94709,3,3,34,7,46,College Campus,Boston
EMP0530,Barbara Green,27,Male,Finance,Financial Analyst,Bachelor's,0,2021-06-14,,Active,78028,2,5,22,8,52,Referral,Austin
EMP0531,Donna Anderson,30,Non-binary,HR,Benefits Specialist,Bachelor's,2,2022-10-04,2026-04-18,Left,68226,4,2,41,11,31,Indeed,Chicago
EMP0532,Timothy Williams,25,Male,Finance,Financial Analyst,Master's,0,2021-03-14,,Active,83717,2,4,21,3,25,Indeed,New York
EMP0533,Emily Williams,50,Male,Customer Service,Customer Success Manager,Bachelor's,5,2021-05-05,2022-04-07,Left,86790,3,1,31,5,43,LinkedIn,Atlanta
EMP0534,Michelle Nguyen,29,Non-binary,Sales,Business Development Associate,MBA,1,2021-10-02,2023-05-27,Left,51124,3,2,41,6,48,Indeed,Boston
EMP0535,Brian Williams,35,Non-binary,Operations,Supply Chain Planner,Master's,2,2025-05-02,,Active,62514,3,4,26,8,72,Indeed,Atlanta
EMP0536,Linda King,31,Male,Marketing,Brand Manager,PhD,1,2024-04-25,2025-04-21,Left,149982,4,2,51,3,100,Glassdoor,Seattle
EMP0537,Elizabeth Baker,35,Male,Sales,Business Development Associate,MBA,3,2025-09-13,2026-02-17,Left,70329,2,5,13,13,0,Indeed,San Francisco
EMP0538,Donna Carter,43,Female,IT,Software Engineer,Bachelor's,5,2021-05-06,,Active,84915,3,4,32,0,0,LinkedIn,Atlanta
EMP0539,Mark Nguyen,31,Non-binary,Sales,Account Manager,Master's,3,2022-10-08,,Active,92040,2,3,24,0,46,LinkedIn,Boston
EMP0540,Richard Harris,37,Female,IT,QA Engineer,MBA,4,2020-06-17,,Active,82212,2,4,56,6,52,College Campus,Atlanta
EMP0541,Lisa Rodriguez,40,Female,HR,HR Manager,Bachelor's,3,2022-11-09,2024-12-31,Left,104442,4,2,0,4,1,LinkedIn,Chicago
EMP0542,Anthony Hernandez,48,Female,HR,HR Manager,Master's,5,2025-06-05,,Active,108330,5,5,52,5,0,Indeed,Atlanta
EMP0543,Jennifer Clark,36,Male,Sales,Account Manager,MBA,2,2023-12-08,,Active,81556,4,3,18,11,32,Glassdoor,Atlanta
EMP0544,Margaret Nguyen,32,Female,Marketing,Digital Marketing Manager,Bachelor's,3,2023-07-21,,Active,84371,1,5,28,4,0,Indeed,Atlanta
EMP0545,Margaret King,45,Male,Customer Service,Customer Success Manager,Bachelor's,2,2023-11-06,,Active,85334,2,4,3,0,35,Referral,Seattle
EMP0546,Susan Rodriguez,54,Female,HR,HR Generalist,Bachelor's,5,2025-09-09,,Active,91081,4,4,23,3,84,Referral,New York
EMP0547,Sandra Robinson,43,Male,Customer Service,Customer Success Manager,Master's,6,2023-02-24,,Active,81914,4,3,0,3,0,LinkedIn,Austin
EMP0548,Brian Perez,42,Female,Finance,Auditor,Master's,1,2025-12-08,,Active,82992,3,5,0,6,47,Referral,Seattle
EMP0549,Donna Perez,29,Male,IT,Data Scientist,Master's,0,2020-06-09,2022-02-03,Left,103854,3,2,41,5,61,Glassdoor,Boston
EMP0550,Kimberly Rivera,53,Non-binary,Operations,Logistics Coordinator,Bachelor's,3,2022-01-11,,Active,78363,3,2,53,4,154,Glassdoor,San Francisco
EMP0551,Susan Carter,24,Non-binary,HR,HR Manager,Master's,0,2024-04-13,,Active,97521,3,3,57,0,136,LinkedIn,Chicago
EMP0552,Steven King,31,Female,Sales,Sales Director,MBA,3,2023-02-17,,Active,168777,5,5,28,10,0,Referral,Austin
EMP0553,Richard Robinson,21,Male,Sales,Account Manager,Bachelor's,0,2020-12-05,2022-10-31,Left,62521,3,2,73,5,3,LinkedIn,Chicago
EMP0554,Kenneth Johnson,41,Non-binary,Operations,Logistics Coordinator,Bachelor's,3,2023-07-29,2024-09-22,Left,63123,3,3,58,1,49,LinkedIn,Austin
EMP0555,Michelle Perez,36,Non-binary,Finance,Finance Manager,Bachelor's,2,2025-08-30,,Active,139196,4,4,24,8,67,Indeed,Austin
EMP0556,Karen Hernandez,36,Male,HR,Benefits Specialist,Master's,2,2020-05-27,,Active,64196,3,2,19,4,53,College Campus,Chicago
EMP0557,Amanda Wright,24,Male,HR,Talent Acquisition Specialist,Bachelor's,0,2020-12-29,2022-09-23,Left,69743,3,1,37,4,10,LinkedIn,San Francisco
EMP0558,Kimberly Rivera,55,Male,Finance,Finance Manager,Bachelor's,17,2023-10-25,,Active,240321,2,3,32,2,53,LinkedIn,San Francisco
EMP0559,Ashley Roberts,31,Female,Sales,Sales Director,Bachelor's,1,2026-04-13,,Active,143365,3,3,21,9,33,Glassdoor,San Francisco
EMP0560,Timothy Torres,33,Female,Customer Service,Customer Success Manager,Master's,2,2023-10-05,2026-04-08,Left,96893,2,3,15,2,20,Indeed,Boston
EMP0561,Karen Johnson,30,Male,Customer Service,Customer Support Agent,Bachelor's,5,2020-10-14,,Active,49026,3,3,7,4,54,LinkedIn,Austin
EMP0562,Richard Johnson,28,Female,Customer Service,Support Lead,Bachelor's,3,2024-05-09,,Active,59206,3,3,22,0,109,Glassdoor,Boston
EMP0563,Kevin White,35,Male,Operations,Supply Chain Planner,Bachelor's,1,2023-03-04,,Active,70358,3,1,20,2,86,LinkedIn,Chicago
EMP0564,Jennifer Wilson,23,Non-binary,Sales,Business Development Associate,Master's,0,2022-06-15,,Active,74373,4,2,38,11,94,College Campus,Seattle
EMP0565,William Nguyen,51,Female,HR,Talent Acquisition Specialist,Master's,12,2024-06-20,,Active,94056,2,5,36,8,48,College Campus,Chicago
EMP0566,James Clark,57,Male,Finance,Auditor,Master's,1,2023-12-06,,Active,95175,4,4,8,1,0,LinkedIn,San Francisco
EMP0567,Charles Scott,36,Female,Customer Service,Support Lead,Bachelor's,2,2022-08-02,,Active,93387,4,3,50,6,19,LinkedIn,Seattle
EMP0568,Thomas Martin,41,Male,Customer Service,Customer Success Manager,PhD,6,2025-07-24,,Active,79445,3,3,27,3,44,LinkedIn,Austin
EMP0569,Jessica Johnson,29,Non-binary,Finance,Auditor,Bachelor's,4,2026-05-05,,Active,108204,3,3,31,6,14,Indeed,New York
EMP0570,Donald Hall,46,Non-binary,Finance,Financial Analyst,MBA,3,2021-05-20,,Active,93105,2,3,21,9,61,Indeed,Seattle
EMP0571,David Brown,31,Female,Sales,Sales Director,Bachelor's,3,2022-06-25,,Active,180594,5,3,11,6,8,Indeed,New York
EMP0572,Timothy Miller,45,Male,HR,HR Manager,Master's,9,2025-10-29,,Active,171229,3,4,48,9,31,Glassdoor,Seattle
EMP0573,Emily Thompson,41,Non-binary,IT,Senior Developer,MBA,6,2023-03-04,,Active,153068,3,4,46,4,0,College Campus,Atlanta
EMP0574,Elizabeth Allen,35,Male,HR,HR Generalist,Bachelor's,3,2020-08-25,2023-11-24,Left,67299,2,1,0,0,132,LinkedIn,Austin
EMP0575,Mark Hill,38,Male,Finance,Senior Accountant,Master's,6,2020-03-30,,Active,99178,2,4,0,3,42,LinkedIn,Boston
EMP0576,Joseph Martin,49,Non-binary,HR,HR Generalist,Bachelor's,5,2020-08-29,2021-02-07,Left,58392,3,1,13,6,86,Indeed,Austin
EMP0577,Steven Nguyen,37,Non-binary,IT,System Administrator,Bachelor's,3,2022-07-26,,Active,87038,4,4,18,5,88,Referral,New York
EMP0578,Emily Gonzalez,32,Male,Finance,Financial Analyst,Bachelor's,3,2026-05-07,,Active,87876,5,5,43,7,0,LinkedIn,New York
EMP0579,Deborah Campbell,23,Non-binary,Marketing,Marketing Specialist,Master's,0,2026-06-29,,Active,83680,3,1,20,3,24,LinkedIn,New York
EMP0580,James Campbell,47,Non-binary,HR,Benefits Specialist,Bachelor's,7,2021-07-29,,Active,88719,5,3,3,0,10,LinkedIn,Chicago
EMP0581,Margaret Wilson,23,Female,Sales,Sales Representative,Master's,0,2021-01-19,,Active,62872,3,3,53,8,109,Indeed,Seattle
EMP0582,Kimberly Campbell,31,Female,Finance,Auditor,Bachelor's,0,2022-05-31,,Active,84510,4,3,37,5,0,Glassdoor,New York
EMP0583,Kimberly Clark,39,Male,Customer Service,Support Lead,Bachelor's,6,2024-01-17,,Active,81034,3,5,45,3,88,LinkedIn,San Francisco
EMP0584,Michael Sanchez,24,Non-binary,Operations,Operations Analyst,Bachelor's,1,2023-05-11,,Active,71106,3,3,41,1,16,LinkedIn,New York
EMP0585,Robert White,36,Male,Finance,Senior Accountant,PhD,0,2021-01-16,,Active,83247,3,3,30,8,21,Indeed,Atlanta
EMP0586,Emily Moore,40,Non-binary,Customer Service,Customer Success Manager,Master's,1,2024-01-18,,Active,74534,5,3,51,1,0,Executive Search,Austin
EMP0587,Deborah Robinson,21,Male,Finance,Auditor,Bachelor's,0,2025-05-06,,Active,62563,1,5,38,0,0,Glassdoor,Austin
EMP0588,Carol Johnson,35,Female,Sales,Sales Director,PhD,2,2025-04-16,,Active,175285,4,3,28,7,2,Glassdoor,San Francisco
EMP0589,Sandra Gonzalez,26,Female,Sales,Business Development Associate,Bachelor's,2,2024-08-12,,Active,57859,4,3,11,4,26,Indeed,Atlanta
EMP0590,Margaret Davis,33,Male,Finance,Auditor,Bachelor's,5,2020-04-21,,Active,84074,3,2,51,3,67,Referral,Austin
EMP0591,David Young,41,Non-binary,Finance,Auditor,Bachelor's,9,2024-11-02,,Active,79674,3,3,18,4,113,Glassdoor,Austin
EMP0592,Kimberly Hernandez,38,Female,Sales,Sales Director,Master's,4,2023-03-19,,Active,172531,3,3,17,7,99,Executive Search,Austin
EMP0593,Emily Williams,38,Male,Finance,Finance Manager,Bachelor's,2,2020-03-24,,Active,173164,3,4,18,0,0,Indeed,Seattle
EMP0594,Anthony Thompson,40,Female,HR,Talent Acquisition Specialist,Bachelor's,6,2022-08-27,,Active,107315,5,3,46,10,28,LinkedIn,San Francisco
EMP0595,David Johnson,44,Female,IT,QA Engineer,Master's,1,2024-10-30,,Active,71596,3,3,43,2,0,LinkedIn,Boston
EMP0596,Christopher Harris,27,Male,Finance,Financial Analyst,Master's,2,2020-11-06,,Active,99902,3,4,5,8,61,Indeed,Seattle
EMP0597,Nancy Hernandez,50,Non-binary,Finance,Auditor,Master's,8,2025-05-28,,Active,117618,4,5,18,8,0,Referral,San Francisco
EMP0598,Thomas Brown,30,Female,Marketing,Content Writer,Bachelor's,2,2025-04-24,,Active,63991,2,5,46,2,45,Referral,Seattle
EMP0599,Sarah Jones,38,Female,Marketing,Content Writer,Master's,1,2022-12-15,,Active,48746,3,4,48,9,39,LinkedIn,Austin
EMP0600,Kevin Wright,32,Female,Sales,Business Development Associate,Bachelor's,1,2024-05-20,2026-01-16,Left,68097,4,3,33,4,9,LinkedIn,Chicago
EMP0601,Barbara Torres,34,Non-binary,Operations,Supply Chain Planner,Bachelor's,4,2024-07-13,,Active,88047,4,4,56,11,51,College Campus,Chicago
EMP0602,Kenneth Brown,27,Non-binary,Finance,Auditor,Master's,1,2021-04-12,,Active,81738,4,5,0,5,6,Referral,San Francisco
EMP0603,Kenneth Wilson,49,Male,Finance,Finance Manager,MBA,7,2022-03-07,2022-07-31,Left,128670,3,3,27,4,153,LinkedIn,Boston
EMP0604,Karen Robinson,32,Male,Sales,Business Development Associate,Bachelor's,4,2021-09-19,,Active,53605,2,2,15,2,11,LinkedIn,Boston
EMP0605,Kimberly Lopez,46,Non-binary,IT,QA Engineer,Master's,6,2020-06-20,,Active,86260,2,4,0,2,20,Glassdoor,Seattle
EMP0606,Lisa Nelson,41,Female,IT,QA Engineer,Master's,1,2021-03-12,,Active,102350,3,3,32,8,48,Indeed,Seattle
EMP0607,Emily Roberts,34,Non-binary,Finance,Auditor,MBA,5,2025-02-06,,Active,94201,4,1,25,0,171,LinkedIn,New York
EMP0608,Melissa Mitchell,34,Female,Sales,Account Manager,Bachelor's,2,2021-06-28,,Active,85725,3,2,11,3,67,Indeed,San Francisco
EMP0609,Ashley Wright,39,Male,IT,System Administrator,Bachelor's,3,2024-01-15,,Active,82752,5,4,26,7,74,College Campus,Atlanta
EMP0610,Donald Rivera,31,Female,Finance,Financial Analyst,Bachelor's,6,2025-02-25,2025-10-29,Left,108700,4,2,8,6,87,Referral,Boston
EMP0611,Kimberly Harris,44,Female,Operations,Operations Manager,Bachelor's,2,2024-07-19,,Active,125547,4,4,18,4,118,Indeed,Seattle
EMP0612,Thomas Martin,50,Female,Customer Service,Customer Support Agent,Bachelor's,6,2021-05-12,,Active,47673,3,5,20,0,2,College Campus,Chicago
EMP0613,John Moore,36,Female,Customer Service,Support Lead,MBA,4,2022-10-30,,Active,73695,4,5,55,7,53,Referral,Austin
EMP0614,Thomas Allen,38,Non-binary,Sales,Sales Director,Bachelor's,2,2020-03-25,,Active,168005,3,4,27,7,8,LinkedIn,Austin
EMP0615,William Smith,49,Non-binary,Operations,Operations Manager,Bachelor's,4,2020-09-12,,Active,142373,3,2,37,6,67,Glassdoor,Chicago
EMP0616,Timothy Rodriguez,37,Non-binary,Operations,Supply Chain Planner,MBA,3,2023-11-03,,Active,91652,4,3,32,7,0,LinkedIn,Seattle
EMP0617,Charles Gonzalez,46,Female,Finance,Senior Accountant,Bachelor's,15,2024-11-07,,Active,131782,5,1,20,5,145,College Campus,Austin
EMP0618,Joseph Garcia,51,Non-binary,HR,HR Manager,PhD,5,2020-06-03,2023-09-19,Left,109270,3,3,49,6,0,LinkedIn,Boston
EMP0619,Andrew Davis,29,Male,Marketing,Content Writer,Bachelor's,1,2025-09-23,,Active,71327,3,3,38,5,8,LinkedIn,Seattle
EMP0620,Charles Mitchell,51,Female,HR,Benefits Specialist,Bachelor's,3,2025-02-07,2025-08-26,Left,79478,4,1,24,9,141,Glassdoor,Seattle
EMP0621,Elizabeth Johnson,34,Female,Finance,Senior Accountant,Bachelor's,2,2022-02-10,2023-05-30,Left,91559,4,3,55,0,6,Indeed,Atlanta
EMP0622,Brian Sanchez,31,Female,Operations,Supply Chain Planner,Master's,2,2026-04-05,2026-06-27,Left,74379,2,3,34,1,0,Indeed,Boston
EMP0623,Daniel Hill,26,Female,Customer Service,Customer Success Manager,MBA,0,2020-05-21,,Active,84518,3,1,30,7,53,Indeed,Boston
EMP0624,Lisa Rodriguez,26,Non-binary,Marketing,Marketing Specialist,PhD,0,2022-03-19,,Active,53877,3,2,35,6,0,LinkedIn,Atlanta
EMP0625,Christopher Rivera,23,Male,HR,HR Manager,Master's,0,2020-05-17,,Active,125662,3,5,26,0,60,Executive Search,New York
EMP0626,Margaret Jackson,34,Female,Finance,Finance Manager,MBA,3,2023-09-15,,Active,123774,3,4,0,6,13,Executive Search,Atlanta
EMP0627,Kimberly Nelson,23,Male,Sales,Sales Representative,Master's,0,2020-06-18,,Active,56087,1,2,0,3,58,LinkedIn,San Francisco
EMP0628,Linda Young,30,Female,Finance,Auditor,Bachelor's,3,2020-12-15,,Active,79692,4,4,0,8,23,LinkedIn,Austin
EMP0629,Barbara Hernandez,42,Female,Customer Service,Support Lead,Master's,3,2021-10-21,,Active,77493,5,3,12,10,60,Indeed,Atlanta
EMP0630,Robert Thomas,42,Female,Operations,Operations Analyst,Master's,4,2022-06-02,,Active,58985,4,4,34,4,0,Indeed,Chicago
EMP0631,Christopher Martinez,37,Male,Sales,Business Development Associate,Bachelor's,4,2022-04-16,,Active,76083,1,3,6,8,104,College Campus,Austin
EMP0632,Christopher Campbell,42,Female,Customer Service,Customer Success Manager,PhD,7,2020-05-31,,Active,107081,3,5,16,10,16,Referral,San Francisco
EMP0633,Joshua Harris,29,Non-binary,Finance,Senior Accountant,Bachelor's,2,2020-10-04,,Active,112145,3,1,40,9,0,Indeed,San Francisco
EMP0634,Timothy Adams,21,Non-binary,Finance,Auditor,Bachelor's,0,2026-04-05,,Active,86458,4,4,80,0,59,Glassdoor,Seattle
EMP0635,Michael White,41,Non-binary,Sales,Business Development Associate,Master's,6,2022-04-14,,Active,75157,3,4,48,8,42,Referral,Austin
EMP0636,Barbara Ramirez,38,Non-binary,IT,Software Engineer,Master's,5,2023-12-11,,Active,91437,3,3,0,4,0,Glassdoor,Atlanta
EMP0637,Kenneth Adams,38,Non-binary,Finance,Auditor,Master's,4,2024-01-23,,Active,66809,4,2,57,17,47,Glassdoor,Austin
EMP0638,Dorothy Ramirez,25,Male,IT,Data Scientist,Bachelor's,0,2024-05-14,,Active,103693,3,2,49,2,0,LinkedIn,New York
EMP0639,Thomas Thompson,45,Non-binary,IT,Data Scientist,Bachelor's,10,2026-04-19,,Active,153065,3,3,20,7,59,LinkedIn,New York
EMP0640,Anthony Rivera,30,Male,Marketing,Content Writer,Bachelor's,5,2025-04-22,,Active,82114,3,4,5,1,52,College Campus,Seattle
EMP0641,Barbara Garcia,31,Male,Marketing,Brand Manager,Master's,2,2023-09-09,2025-11-18,Left,117406,1,3,42,7,0,LinkedIn,Seattle
EMP0642,Brian Sanchez,33,Female,Operations,Supply Chain Planner,MBA,1,2025-03-31,,Active,78276,4,3,6,3,17,Glassdoor,Chicago
EMP0643,Jennifer Rodriguez,39,Female,HR,HR Generalist,Bachelor's,1,2025-12-02,,Active,59176,4,5,34,0,0,LinkedIn,Seattle
EMP0644,Jessica Ramirez,46,Non-binary,Customer Service,Customer Success Manager,MBA,3,2022-07-23,2026-07-24,Left,87949,2,4,36,11,58,Indeed,San Francisco
EMP0645,Melissa Hall,42,Male,Sales,Business Development Associate,Bachelor's,8,2024-12-23,,Active,98552,3,4,27,0,84,Referral,New York
EMP0646,James Miller,46,Female,Operations,Supply Chain Planner,Master's,0,2026-04-09,2026-07-16,Left,71243,4,3,54,5,63,Executive Search,Austin
EMP0647,Steven Nguyen,45,Female,Operations,Supply Chain Planner,Master's,0,2020-07-07,2026-03-12,Left,98006,3,3,3,2,99,LinkedIn,San Francisco
EMP0648,Donald Davis,33,Female,Operations,Operations Manager,Bachelor's,2,2020-03-05,,Active,122675,4,2,2,6,58,Indeed,Austin
EMP0649,Joseph Nguyen,35,Non-binary,Finance,Auditor,MBA,6,2026-02-24,,Active,100150,5,5,36,4,32,Referral,San Francisco
EMP0650,Lisa Walker,31,Non-binary,Customer Service,Customer Support Agent,Master's,1,2022-05-27,2023-03-26,Left,39929,2,4,28,11,5,Indeed,Atlanta
EMP0651,Ashley Miller,27,Non-binary,Sales,Sales Director,Master's,0,2024-09-26,2025-03-28,Left,154656,1,1,0,6,0,College Campus,San Francisco
EMP0652,Steven Williams,26,Male,Finance,Auditor,MBA,1,2021-12-05,,Active,97806,3,2,31,4,54,LinkedIn,New York
EMP0653,Deborah Williams,38,Female,Marketing,Brand Manager,Master's,10,2025-02-20,,Active,199108,4,3,41,4,28,College Campus,San Francisco
EMP0654,Timothy Davis,31,Female,Customer Service,Customer Success Manager,PhD,1,2020-11-12,,Active,89054,1,3,13,8,129,LinkedIn,Atlanta
EMP0655,Lisa Hernandez,33,Male,Operations,Supply Chain Planner,Master's,2,2024-03-28,,Active,96628,2,4,39,9,0,Glassdoor,Seattle
EMP0656,Linda Gonzalez,30,Male,Sales,Sales Representative,Bachelor's,2,2022-11-26,,Active,74953,3,3,25,5,54,LinkedIn,San Francisco
EMP0657,Lisa Green,37,Female,HR,Benefits Specialist,Master's,2,2021-03-04,,Active,77593,3,4,37,5,64,Indeed,Seattle
EMP0658,Carol White,36,Non-binary,Sales,Account Manager,MBA,5,2026-02-07,,Active,90487,5,4,21,0,0,LinkedIn,Seattle
EMP0659,Margaret Brown,48,Male,IT,Senior Developer,Bachelor's,6,2025-05-16,,Active,134897,4,5,40,7,30,College Campus,Atlanta
EMP0660,Betty Baker,43,Female,Customer Service,Support Lead,Master's,12,2022-12-05,,Active,89212,3,1,37,11,0,Indeed,Boston
EMP0661,Betty Lewis,41,Non-binary,Marketing,Content Writer,Master's,0,2025-07-08,2026-01-14,Left,51313,3,3,29,0,13,LinkedIn,Boston
EMP0662,George Campbell,47,Female,HR,HR Manager,Master's,6,2024-05-08,,Active,133428,3,4,7,0,54,Referral,San Francisco
EMP0663,Paul Nguyen,43,Male,Customer Service,Support Lead,Bachelor's,4,2024-04-18,,Active,74068,2,2,3,3,20,Indeed,Boston
EMP0664,Linda Brown,43,Female,IT,QA Engineer,Master's,4,2026-04-08,,Active,85558,3,1,25,0,40,LinkedIn,Chicago
EMP0665,Andrew Rivera,42,Non-binary,Operations,Logistics Coordinator,MBA,0,2022-06-03,,Active,54804,4,3,32,1,44,Indeed,Chicago
EMP0666,Dorothy Mitchell,37,Female,Finance,Senior Accountant,Bachelor's,1,2023-11-12,2024-04-17,Left,106389,4,3,40,4,18,Referral,Seattle
EMP0667,William Walker,37,Female,IT,System Administrator,Bachelor's,2,2023-06-05,,Active,83423,4,3,64,0,26,Indeed,Boston
EMP0668,Kenneth Ramirez,35,Female,Operations,Supply Chain Planner,PhD,1,2021-05-20,2025-11-30,Left,71407,2,2,31,1,46,Glassdoor,Boston
EMP0669,Linda Hall,46,Non-binary,Sales,Sales Representative,Bachelor's,8,2024-10-02,,Active,59583,5,3,31,0,80,Glassdoor,Boston
EMP0670,Lisa Torres,32,Male,Marketing,Digital Marketing Manager,Bachelor's,6,2022-08-05,,Active,153983,3,5,18,11,39,Indeed,New York
EMP0671,Emily Clark,22,Male,Finance,Finance Manager,Bachelor's,0,2026-04-17,,Active,127497,2,3,16,7,0,LinkedIn,San Francisco
EMP0672,Donald Torres,34,Female,Sales,Sales Director,Bachelor's,2,2024-01-16,2026-03-02,Left,181881,4,4,46,6,73,LinkedIn,Seattle
EMP0673,Kevin Lewis,40,Female,Operations,Operations Manager,Bachelor's,5,2023-04-18,,Active,167767,3,3,16,2,17,Indeed,New York
EMP0674,Melissa Moore,31,Female,Customer Service,Customer Support Agent,Master's,3,2024-11-12,,Active,39654,4,3,32,8,92,LinkedIn,Boston
EMP0675,Kimberly Garcia,35,Non-binary,Marketing,Marketing Specialist,Bachelor's,3,2021-08-11,,Active,72907,3,4,19,7,89,LinkedIn,Atlanta
EMP0676,Barbara Johnson,29,Non-binary,HR,Talent Acquisition Specialist,Bachelor's,3,2023-10-12,,Active,93786,3,2,0,6,40,LinkedIn,Seattle
EMP0677,Mary Perez,36,Female,Sales,Sales Representative,Bachelor's,5,2022-09-13,,Active,85946,2,3,7,1,110,Executive Search,Seattle
EMP0678,Elizabeth Lopez,39,Female,IT,Senior Developer,Bachelor's,1,2025-10-09,2025-12-31,Left,136958,3,2,0,0,0,LinkedIn,Chicago
EMP0679,Matthew Miller,35,Female,Sales,Sales Director,Bachelor's,3,2021-01-10,2025-07-09,Left,150762,3,1,0,9,51,Indeed,Chicago
EMP0680,Matthew Davis,33,Non-binary,Finance,Auditor,Bachelor's,4,2020-07-22,,Active,79273,3,3,18,7,0,LinkedIn,Atlanta
EMP0681,Kimberly Nguyen,23,Female,HR,Talent Acquisition Specialist,Master's,0,2023-06-17,,Active,66620,4,3,19,3,71,Indeed,Chicago
EMP0682,Lisa Wright,38,Male,Customer Service,Customer Support Agent,PhD,7,2024-09-20,,Active,53685,1,3,31,0,101,Indeed,Atlanta
EMP0683,Michelle Hernandez,37,Female,Sales,Sales Director,Bachelor's,1,2025-10-13,,Active,131499,3,3,19,6,20,Glassdoor,Atlanta
EMP0684,Charles Williams,32,Non-binary,Marketing,Marketing Specialist,Bachelor's,1,2023-05-13,,Active,52976,3,3,8,16,56,Glassdoor,Chicago
EMP0685,Susan Flores,33,Female,Customer Service,Support Lead,Master's,2,2025-05-27,2026-04-02,Left,66125,4,2,24,0,131,Indeed,Boston
EMP0686,Susan Robinson,39,Female,Finance,Financial Analyst,PhD,6,2025-07-01,2025-11-05,Left,77352,3,5,13,4,26,LinkedIn,Boston
EMP0687,Kimberly Hall,43,Female,Customer Service,Support Lead,Master's,7,2025-07-09,,Active,67403,3,3,38,8,65,College Campus,Atlanta
EMP0688,Carol Davis,28,Female,Customer Service,Support Lead,Bachelor's,2,2023-01-17,,Active,94099,4,4,15,3,14,Referral,Seattle
EMP0689,Sandra White,23,Male,Sales,Sales Representative,MBA,0,2020-03-02,2025-07-20,Left,80438,4,4,13,9,54,Glassdoor,San Francisco
EMP0690,Karen Rivera,46,Non-binary,Sales,Sales Director,Bachelor's,4,2024-03-11,2026-01-15,Left,186178,5,5,81,10,88,LinkedIn,New York
EMP0691,Sarah Torres,26,Male,HR,Talent Acquisition Specialist,Master's,0,2025-09-19,,Active,66537,3,4,4,0,0,LinkedIn,Boston
EMP0692,William Taylor,30,Male,Customer Service,Customer Support Agent,MBA,1,2022-05-02,,Active,48819,4,2,38,11,0,Executive Search,Atlanta
EMP0693,Donna Taylor,26,Non-binary,Sales,Sales Representative,Master's,1,2025-09-22,,Active,63443,2,5,11,0,0,College Campus,Austin
EMP0694,Sarah Davis,48,Female,Sales,Business Development Associate,Master's,3,2026-06-16,,Active,69382,4,1,23,4,68,LinkedIn,Chicago
EMP0695,Mark Lee,44,Non-binary,HR,HR Manager,Bachelor's,10,2026-04-10,,Active,142908,4,2,10,1,31,College Campus,New York
EMP0696,David Perez,34,Male,Operations,Operations Analyst,Bachelor's,6,2023-09-04,,Active,101876,3,4,25,0,7,Glassdoor,New York
EMP0697,Jessica Miller,35,Female,Finance,Financial Analyst,Bachelor's,3,2024-06-02,,Active,96503,5,5,34,9,44,Referral,Seattle
EMP0698,Kenneth Lewis,38,Male,IT,Software Engineer,Master's,6,2022-08-31,2026-03-29,Left,119917,4,5,24,2,5,Referral,New York
EMP0699,Patricia Martin,39,Female,Sales,Sales Representative,Master's,3,2020-06-22,2024-02-19,Left,87082,3,3,38,2,85,Indeed,New York
EMP0700,Joshua Nelson,34,Male,Sales,Business Development Associate,Master's,1,2025-04-10,,Active,61389,3,3,49,0,27,College Campus,Austin
EMP0701,Dorothy Perez,28,Female,IT,Software Engineer,Master's,1,2026-01-25,,Active,109852,4,1,52,0,71,LinkedIn,New York
EMP0702,Steven Taylor,28,Non-binary,Sales,Business Development Associate,Bachelor's,2,2021-03-03,,Active,71505,2,4,23,0,0,LinkedIn,San Francisco
EMP0703,Timothy Thompson,21,Non-binary,Marketing,Digital Marketing Manager,Bachelor's,0,2022-08-17,,Active,132212,3,3,0,3,28,Executive Search,San Francisco
EMP0704,Carol Martinez,25,Non-binary,Marketing,Marketing Specialist,Bachelor's,1,2021-08-30,2023-06-09,Left,61636,3,5,27,2,93,LinkedIn,Austin
EMP0705,Donald Hall,49,Non-binary,Sales,Sales Director,Master's,6,2024-10-24,2025-12-11,Left,229254,3,5,38,12,32,Indeed,Seattle
EMP0706,Ashley Anderson,37,Male,Operations,Logistics Coordinator,MBA,2,2023-12-20,,Active,56748,3,3,30,4,74,Glassdoor,Boston
EMP0707,Melissa Harris,29,Female,HR,HR Generalist,Bachelor's,2,2020-08-17,,Active,48949,4,3,73,0,22,LinkedIn,Chicago
EMP0708,Emily Carter,26,Non-binary,IT,Senior Developer,Bachelor's,3,2021-06-25,,Active,173065,3,2,31,5,8,LinkedIn,San Francisco
EMP0709,Barbara Gonzalez,29,Male,Customer Service,Support Lead,Bachelor's,2,2025-10-05,2026-02-24,Left,68427,3,2,34,7,40,College Campus,New York
EMP0710,Sandra Thomas,30,Female,Finance,Senior Accountant,Bachelor's,4,2023-09-09,,Active,104888,2,4,47,2,69,LinkedIn,Atlanta
EMP0711,Richard Wright,30,Male,Finance,Finance Manager,Bachelor's,2,2025-05-30,2026-03-14,Left,127602,1,3,0,3,0,Glassdoor,Atlanta
EMP0712,Christopher Thomas,44,Male,Customer Service,Support Lead,Bachelor's,12,2024-04-28,2026-06-28,Left,100164,4,5,3,3,0,LinkedIn,Seattle
EMP0713,Donna Jones,44,Non-binary,Sales,Sales Director,Bachelor's,6,2023-12-13,,Active,178567,4,2,21,1,5,Indeed,Austin
EMP0714,Donald Moore,26,Female,Operations,Operations Analyst,Master's,0,2021-09-22,,Active,71491,3,2,27,9,139,LinkedIn,San Francisco
EMP0715,Andrew Hernandez,32,Female,Finance,Finance Manager,MBA,3,2021-02-21,,Active,107020,3,4,0,1,32,Indeed,Atlanta
EMP0716,Sandra Allen,34,Male,Sales,Business Development Associate,Master's,1,2023-06-24,2025-07-09,Left,61538,3,3,31,8,59,LinkedIn,Austin
EMP0717,Thomas Adams,31,Male,IT,System Administrator,Bachelor's,1,2024-05-12,,Active,99373,2,3,42,0,0,LinkedIn,Seattle
EMP0718,Robert White,21,Male,HR,HR Manager,Bachelor's,0,2022-02-15,,Active,126971,4,3,2,4,66,Glassdoor,San Francisco
EMP0719,Joshua Rodriguez,45,Non-binary,Customer Service,Customer Success Manager,PhD,11,2022-03-22,,Active,112027,3,2,54,5,8,Referral,Boston
EMP0720,Betty Nguyen,23,Female,IT,QA Engineer,Master's,0,2026-06-22,,Active,71798,4,5,35,5,76,LinkedIn,Boston
EMP0721,Donald Anderson,39,Male,Customer Service,Customer Success Manager,Master's,5,2026-02-22,,Active,113038,4,4,65,1,0,LinkedIn,Seattle
EMP0722,Deborah Hall,44,Female,Sales,Business Development Associate,Bachelor's,4,2020-04-03,,Active,91783,3,3,16,3,62,LinkedIn,Seattle
EMP0723,Ashley Nelson,48,Male,Finance,Senior Accountant,MBA,16,2025-10-31,,Active,137676,4,4,17,1,6,Glassdoor,Austin
EMP0724,Mary Torres,44,Non-binary,HR,Talent Acquisition Specialist,Master's,8,2025-05-10,,Active,87935,5,4,36,2,29,Indeed,Chicago
EMP0725,Susan Sanchez,51,Female,Sales,Account Manager,Bachelor's,6,2022-10-18,2023-05-28,Left,78813,3,3,38,5,38,College Campus,Austin
EMP0726,Kimberly Lopez,28,Non-binary,Operations,Supply Chain Planner,Bachelor's,4,2021-09-10,2026-04-26,Left,88619,5,1,63,7,14,LinkedIn,New York
EMP0727,Sandra Brown,21,Male,IT,Senior Developer,Bachelor's,0,2023-04-30,,Active,131926,2,2,51,2,112,Indeed,Chicago
EMP0728,Matthew Wilson,36,Male,HR,HR Manager,Bachelor's,5,2021-05-08,,Active,133338,5,3,37,3,50,Indeed,Austin
EMP0729,Sandra Moore,34,Non-binary,HR,Benefits Specialist,Bachelor's,6,2025-02-22,,Active,97777,3,4,5,5,18,College Campus,New York
EMP0730,Sandra Torres,36,Female,IT,System Administrator,Bachelor's,4,2022-12-13,,Active,86944,4,4,35,1,40,LinkedIn,Boston
EMP0731,Anthony Thomas,25,Male,Marketing,Content Writer,Bachelor's,0,2025-08-09,,Active,52604,4,2,73,11,20,Indeed,Austin
EMP0732,David Moore,34,Male,Marketing,Brand Manager,MBA,0,2025-12-08,,Active,84374,5,4,23,7,51,College Campus,Boston
EMP0733,Linda White,29,Non-binary,IT,Data Scientist,Bachelor's,3,2023-06-28,,Active,141911,3,3,39,7,0,Indeed,Seattle
EMP0734,Kenneth Hall,34,Male,Sales,Business Development Associate,Master's,6,2021-08-26,,Active,72025,1,3,33,0,43,LinkedIn,Chicago
EMP0735,Kevin Mitchell,33,Female,Sales,Sales Representative,Bachelor's,4,2025-08-03,,Active,84056,5,3,14,8,28,LinkedIn,New York
EMP0736,David Johnson,36,Male,HR,HR Manager,Master's,2,2021-06-07,2024-08-22,Left,142578,4,1,28,3,139,Glassdoor,New York
EMP0737,Susan Rivera,25,Male,Operations,Logistics Coordinator,Bachelor's,1,2025-05-26,,Active,48426,3,4,34,3,57,Glassdoor,Austin
EMP0738,Brian Martin,36,Female,Marketing,Marketing Specialist,Bachelor's,4,2021-09-18,2025-06-19,Left,87530,3,5,23,7,106,LinkedIn,New York
EMP0739,James Perez,41,Male,Operations,Operations Analyst,MBA,3,2025-08-25,2026-02-28,Left,74431,3,2,65,7,119,Indeed,San Francisco
EMP0740,Kimberly Green,26,Female,HR,Benefits Specialist,Bachelor's,1,2021-12-23,,Active,56116,3,2,27,3,0,LinkedIn,Austin
EMP0741,James Harris,22,Female,HR,HR Generalist,Bachelor's,0,2025-07-12,,Active,54124,1,3,15,4,52,College Campus,Boston
EMP0742,Ashley Miller,42,Non-binary,Customer Service,Customer Success Manager,Master's,1,2020-10-21,,Active,88731,5,3,33,7,3,Glassdoor,San Francisco
EMP0743,William Perez,43,Non-binary,Customer Service,Customer Success Manager,Bachelor's,13,2025-09-01,,Active,133612,3,3,39,0,104,Glassdoor,Chicago
EMP0744,Steven Green,32,Female,Marketing,Marketing Specialist,Master's,1,2025-03-29,,Active,63303,2,4,31,7,32,LinkedIn,San Francisco
EMP0745,Donna Garcia,26,Male,Finance,Auditor,Bachelor's,1,2021-04-16,,Active,64083,3,3,19,10,29,LinkedIn,Chicago
EMP0746,Melissa Perez,30,Female,Finance,Financial Analyst,Bachelor's,0,2023-07-13,,Active,83945,3,3,19,5,54,LinkedIn,Atlanta
EMP0747,Nancy Thomas,33,Female,IT,Senior Developer,Bachelor's,4,2025-03-04,,Active,173388,3,4,18,4,31,LinkedIn,Seattle
EMP0748,Ashley Jones,36,Male,IT,Senior Developer,PhD,0,2020-10-12,2025-04-05,Left,141535,3,3,55,8,58,Referral,San Francisco
EMP0749,Margaret Campbell,34,Male,HR,Talent Acquisition Specialist,Bachelor's,0,2021-07-02,,Active,77367,3,3,37,5,33,Indeed,San Francisco
EMP0750,Sarah Walker,39,Male,Finance,Auditor,Bachelor's,3,2024-01-02,,Active,67756,3,3,0,5,8,Glassdoor,Austin
EMP0751,Mary Carter,33,Female,Customer Service,Customer Support Agent,Bachelor's,5,2022-07-21,,Active,74776,2,3,2,0,23,Glassdoor,Seattle
EMP0752,Karen Robinson,27,Female,Marketing,Content Writer,Bachelor's,1,2021-02-28,2025-08-02,Left,66194,3,4,34,7,21,College Campus,New York
EMP0753,George White,33,Non-binary,Sales,Business Development Associate,Bachelor's,3,2023-04-08,,Active,64094,4,3,91,7,0,Indeed,Boston
EMP0754,Linda Harris,39,Male,HR,Talent Acquisition Specialist,MBA,4,2022-03-04,,Active,90329,4,4,0,4,0,LinkedIn,Seattle
EMP0755,Brian White,35,Non-binary,Operations,Supply Chain Planner,Master's,1,2022-02-05,,Active,82270,1,4,0,2,88,Referral,Austin
EMP0756,Mary Hall,39,Non-binary,HR,HR Manager,Master's,3,2025-10-16,,Active,123030,3,2,0,12,3,Indeed,Atlanta
EMP0757,James Davis,62,Male,Operations,Supply Chain Planner,Master's,7,2024-12-26,,Active,100014,2,5,1,7,0,College Campus,Austin
EMP0758,Margaret Taylor,40,Male,Marketing,Content Writer,Master's,0,2026-03-30,2026-07-30,Left,50091,4,3,43,0,82,Glassdoor,Atlanta
EMP0759,Deborah Thompson,37,Non-binary,Finance,Senior Accountant,MBA,8,2025-12-11,,Active,109612,5,4,67,0,23,Referral,Boston
EMP0760,Deborah Hall,34,Male,Sales,Sales Director,Bachelor's,2,2021-06-14,,Active,149301,3,2,37,5,0,LinkedIn,Boston
EMP0761,Linda Lewis,43,Non-binary,HR,Talent Acquisition Specialist,Master's,16,2026-05-18,,Active,102360,4,2,4,0,33,LinkedIn,San Francisco
EMP0762,Mark Green,39,Female,IT,Senior Developer,MBA,3,2020-09-23,,Active,173894,3,3,31,6,0,LinkedIn,New York
EMP0763,Ashley Baker,29,Female,IT,Software Engineer,Master's,4,2020-01-23,2020-04-15,Left,103975,4,2,17,7,131,LinkedIn,Chicago
EMP0764,Joshua King,34,Female,Customer Service,Support Lead,PhD,5,2026-06-09,,Active,78607,3,3,36,6,0,Indeed,Austin
EMP0765,Jessica White,42,Female,Sales,Sales Representative,Master's,4,2020-11-07,,Active,58952,4,1,0,0,73,Indeed,Chicago
EMP0766,Mary Hill,53,Male,Marketing,Brand Manager,Bachelor's,2,2023-02-18,,Active,103991,4,4,12,6,0,Referral,Boston
EMP0767,Richard Smith,42,Non-binary,Customer Service,Support Lead,PhD,1,2020-05-22,,Active,80343,4,5,51,3,0,Glassdoor,New York
EMP0768,Betty Mitchell,25,Female,IT,System Administrator,Master's,0,2025-08-07,,Active,75601,5,4,15,5,32,Glassdoor,Austin
EMP0769,Amanda Martinez,28,Male,Marketing,Marketing Specialist,MBA,2,2020-09-27,,Active,86826,4,3,39,9,0,Indeed,San Francisco
EMP0770,Mark Davis,52,Male,Marketing,Digital Marketing Manager,Bachelor's,16,2021-06-13,,Active,182183,3,4,49,3,0,LinkedIn,San Francisco
EMP0771,Mary Hernandez,39,Non-binary,Finance,Auditor,MBA,1,2021-11-15,,Active,83441,3,4,2,4,75,College Campus,Seattle
EMP0772,William Wright,23,Non-binary,Sales,Sales Representative,Master's,0,2022-10-30,,Active,78335,5,5,0,2,91,Referral,Seattle
EMP0773,Nancy Harris,39,Non-binary,Operations,Supply Chain Planner,MBA,9,2024-10-11,,Active,103414,3,5,26,2,0,LinkedIn,Boston
EMP0774,Jennifer Davis,27,Female,Operations,Logistics Coordinator,Bachelor's,1,2024-11-14,,Active,50756,4,3,12,4,63,College Campus,Boston
EMP0775,Karen Brown,44,Male,HR,Benefits Specialist,Master's,1,2023-02-08,,Active,62892,5,4,33,10,64,LinkedIn,Austin
EMP0776,Joseph Miller,42,Non-binary,Marketing,Content Writer,Bachelor's,4,2022-07-11,,Active,51899,3,4,38,9,0,Indeed,Chicago
EMP0777,Melissa Nelson,28,Male,Customer Service,Customer Success Manager,MBA,0,2022-09-21,,Active,99530,5,3,38,11,13,LinkedIn,New York
EMP0778,Andrew Walker,48,Non-binary,HR,Benefits Specialist,Master's,0,2020-07-01,,Active,62343,3,5,0,5,75,Referral,Chicago
EMP0779,Joseph Hall,41,Non-binary,Customer Service,Customer Support Agent,Master's,9,2026-03-09,,Active,73077,5,3,30,5,0,Glassdoor,Seattle
EMP0780,Kimberly Sanchez,30,Male,Operations,Supply Chain Planner,Bachelor's,3,2023-04-30,,Active,89407,4,3,71,3,45,LinkedIn,Chicago
EMP0781,Brian Scott,29,Male,HR,HR Manager,Bachelor's,2,2026-01-13,,Active,112788,3,3,54,8,84,Indeed,Seattle
EMP0782,Charles Martinez,40,Female,Customer Service,Customer Success Manager,Bachelor's,3,2025-07-16,,Active,117731,4,1,17,6,21,Indeed,San Francisco
EMP0783,Matthew Ramirez,51,Male,HR,HR Generalist,Master's,7,2024-01-12,,Active,90641,2,2,37,12,100,Executive Search,New York
EMP0784,Margaret Martinez,51,Non-binary,Sales,Account Manager,Master's,4,2022-01-18,2025-05-28,Left,92643,3,3,40,1,77,Indeed,New York
EMP0785,Kevin Nelson,44,Non-binary,Sales,Business Development Associate,Bachelor's,9,2025-07-22,2026-05-27,Left,89379,1,3,17,0,67,LinkedIn,Chicago
EMP0786,Steven Anderson,28,Non-binary,Marketing,Content Writer,Bachelor's,2,2025-01-16,,Active,46545,3,2,13,9,11,Glassdoor,Chicago
EMP0787,William Miller,36,Non-binary,Operations,Logistics Coordinator,Bachelor's,7,2023-05-08,,Active,58428,3,4,33,13,51,Referral,Austin
EMP0788,Emily Wright,35,Non-binary,Customer Service,Customer Success Manager,Master's,5,2026-05-28,,Active,127035,3,1,32,3,122,LinkedIn,New York
EMP0789,Barbara Smith,46,Non-binary,Customer Service,Support Lead,Master's,1,2021-02-04,,Active,66666,3,3,21,0,19,LinkedIn,New York
EMP0790,Jennifer Davis,41,Male,Finance,Senior Accountant,Master's,3,2020-01-01,,Active,102553,1,3,46,8,0,College Campus,Austin
EMP0791,Kevin Wright,45,Female,Marketing,Content Writer,Bachelor's,11,2024-06-11,,Active,72365,5,5,60,5,45,Glassdoor,Boston
EMP0792,Michael Nelson,24,Non-binary,HR,HR Generalist,MBA,0,2022-07-20,,Active,62052,3,4,60,6,59,LinkedIn,San Francisco
EMP0793,Daniel Moore,37,Non-binary,Marketing,Content Writer,Bachelor's,4,2022-03-03,,Active,84124,3,3,44,5,64,LinkedIn,New York
EMP0794,Carol Ramirez,33,Female,HR,Talent Acquisition Specialist,MBA,5,2026-03-26,,Active,102943,3,3,20,8,81,Glassdoor,New York
EMP0795,Kevin Adams,42,Non-binary,Marketing,Digital Marketing Manager,MBA,2,2022-09-09,,Active,91863,3,4,12,0,126,LinkedIn,Austin
EMP0796,Sarah Davis,24,Male,Operations,Supply Chain Planner,Master's,0,2025-06-11,2026-06-16,Left,82240,5,3,32,9,16,Referral,New York
EMP0797,Sarah Smith,36,Male,HR,Benefits Specialist,Bachelor's,4,2021-06-29,,Active,78366,4,3,29,6,35,Indeed,New York
EMP0798,Dorothy Thompson,43,Male,Customer Service,Support Lead,Master's,4,2025-03-02,,Active,68301,1,2,12,4,52,LinkedIn,Atlanta
EMP0799,Daniel Mitchell,37,Male,Customer Service,Customer Success Manager,Master's,4,2023-06-04,,Active,92201,2,3,34,2,51,LinkedIn,Atlanta
EMP0800,Kevin Rodriguez,26,Male,Marketing,Brand Manager,Bachelor's,1,2026-01-07,,Active,135535,4,4,15,7,0,Indeed,New York
EMP0801,Daniel Robinson,46,Female,Finance,Auditor,Master's,3,2021-12-11,,Active,87967,4,3,13,8,59,College Campus,Atlanta
EMP0802,Jennifer Green,41,Female,Operations,Logistics Coordinator,Bachelor's,3,2024-11-22,,Active,70574,4,1,14,11,0,Indeed,New York
EMP0803,Margaret Baker,47,Male,Operations,Logistics Coordinator,Master's,14,2024-05-19,,Active,95646,4,4,30,12,27,Indeed,Austin
EMP0804,Donna Gonzalez,29,Male,Operations,Operations Analyst,MBA,0,2025-12-22,,Active,63925,3,3,29,3,41,Executive Search,Boston
EMP0805,Carol Hill,36,Non-binary,Sales,Account Manager,Bachelor's,3,2024-06-14,2025-05-14,Left,99566,3,4,12,12,150,Indeed,Boston
EMP0806,Margaret Young,30,Male,Finance,Financial Analyst,Bachelor's,1,2025-10-10,,Active,91469,3,4,38,7,22,Referral,Chicago
EMP0807,Donald Jackson,35,Female,IT,Data Scientist,Bachelor's,3,2022-08-05,,Active,105561,5,5,47,5,45,Indeed,Austin
EMP0808,Donna Young,25,Female,IT,Data Scientist,Bachelor's,0,2022-07-15,2024-03-17,Left,101531,1,2,38,4,125,College Campus,Austin
EMP0809,Michael Ramirez,29,Male,IT,Data Scientist,Bachelor's,3,2023-06-30,,Active,100881,3,2,5,4,20,LinkedIn,Atlanta
EMP0810,Donald Sanchez,51,Male,Finance,Auditor,Bachelor's,11,2022-04-17,2023-12-17,Left,130638,3,3,15,4,92,Referral,San Francisco
EMP0811,Margaret Smith,40,Non-binary,Customer Service,Customer Success Manager,Bachelor's,10,2021-08-11,,Active,111345,2,3,8,9,39,Indeed,San Francisco
EMP0812,David Nelson,30,Male,Sales,Sales Director,Bachelor's,5,2024-02-28,,Active,206393,4,3,22,3,0,Glassdoor,New York
EMP0813,Steven Campbell,32,Female,Customer Service,Support Lead,MBA,1,2020-12-01,2023-02-03,Left,69673,3,4,61,0,88,LinkedIn,San Francisco
EMP0814,Carol Perez,33,Male,Marketing,Marketing Specialist,Bachelor's,1,2022-06-18,,Active,66283,2,3,3,3,0,Indeed,Austin
EMP0815,Steven Lopez,28,Non-binary,Customer Service,Customer Support Agent,Bachelor's,0,2025-12-17,,Active,49146,4,3,29,9,40,LinkedIn,Seattle
EMP0816,Brian Campbell,36,Male,HR,Talent Acquisition Specialist,Master's,6,2025-05-07,2025-12-03,Left,104426,3,3,17,8,88,LinkedIn,Seattle
EMP0817,Margaret Johnson,39,Male,IT,Software Engineer,Master's,2,2024-06-19,,Active,84613,3,3,31,2,38,LinkedIn,Austin
EMP0818,Patricia Allen,30,Female,IT,System Administrator,Bachelor's,1,2023-02-03,,Active,89468,3,3,39,2,0,Indeed,New York
EMP0819,Barbara Williams,41,Male,Operations,Operations Manager,Bachelor's,10,2024-01-06,,Active,181471,3,3,36,15,0,Indeed,San Francisco
EMP0820,Lisa Perez,33,Female,IT,Software Engineer,Bachelor's,0,2021-02-08,,Active,83080,4,3,23,0,53,Indeed,Boston
EMP0821,Joshua White,49,Non-binary,Finance,Senior Accountant,Bachelor's,10,2020-09-28,,Active,115617,2,4,49,5,7,Glassdoor,Atlanta
EMP0822,Michelle Gonzalez,45,Non-binary,Sales,Sales Representative,Bachelor's,10,2025-04-07,2025-10-03,Left,101342,4,3,31,3,20,Executive Search,New York
EMP0823,William Gonzalez,45,Male,Operations,Operations Manager,Bachelor's,8,2022-12-15,,Active,200841,3,4,31,0,61,Glassdoor,Seattle
EMP0824,Donald Clark,38,Male,Marketing,Marketing Specialist,Master's,5,2022-05-01,,Active,101449,2,4,43,0,72,LinkedIn,San Francisco
EMP0825,Richard Mitchell,50,Non-binary,Sales,Sales Representative,MBA,3,2026-05-21,,Active,76081,3,3,43,0,28,Indeed,San Francisco
EMP0826,Barbara Smith,28,Male,HR,HR Generalist,Bachelor's,1,2023-11-16,,Active,80343,4,3,52,8,6,LinkedIn,Seattle
EMP0827,Amanda Moore,23,Female,HR,Talent Acquisition Specialist,Master's,0,2022-01-10,,Active,81853,3,3,54,4,0,College Campus,New York
EMP0828,Sarah Brown,25,Male,HR,Talent Acquisition Specialist,Master's,0,2020-01-05,,Active,51807,3,3,27,8,117,Executive Search,Atlanta
EMP0829,Kimberly Taylor,48,Non-binary,Sales,Sales Director,Master's,10,2020-06-26,,Active,244397,1,3,42,2,16,Indeed,Chicago
EMP0830,Barbara Taylor,49,Female,Marketing,Marketing Specialist,PhD,9,2023-04-01,,Active,95945,3,5,31,4,75,Glassdoor,Boston
EMP0831,Mark Anderson,43,Male,HR,Benefits Specialist,Bachelor's,5,2021-12-20,,Active,96924,3,3,26,4,130,LinkedIn,San Francisco
EMP0832,Barbara Robinson,37,Female,Customer Service,Customer Support Agent,Bachelor's,7,2024-03-03,2025-02-03,Left,70932,2,4,9,16,0,LinkedIn,San Francisco
EMP0833,Carol Hill,24,Female,HR,HR Generalist,Bachelor's,1,2023-11-14,,Active,55157,5,5,0,13,22,LinkedIn,Austin
EMP0834,Timothy Smith,23,Non-binary,Sales,Business Development Associate,Master's,0,2020-02-12,,Active,60756,4,4,65,10,65,LinkedIn,New York
EMP0835,Sarah Martinez,34,Male,Marketing,Marketing Specialist,MBA,0,2020-11-26,,Active,60383,4,4,55,9,16,Referral,Seattle
EMP0836,Donald Carter,35,Male,Sales,Account Manager,Master's,5,2024-01-27,,Active,85044,2,2,1,13,61,Glassdoor,Chicago
EMP0837,Mary Williams,32,Male,Finance,Financial Analyst,Bachelor's,4,2023-07-14,,Active,100974,5,2,45,8,61,LinkedIn,Atlanta
EMP0838,Daniel Adams,21,Male,Operations,Supply Chain Planner,Bachelor's,0,2020-12-15,,Active,78424,5,2,46,1,126,LinkedIn,Boston
EMP0839,Daniel Jones,38,Female,IT,System Administrator,Master's,2,2025-02-21,2026-03-18,Left,82917,3,2,40,3,54,LinkedIn,New York
EMP0840,Kevin Baker,41,Male,Customer Service,Support Lead,Bachelor's,6,2022-04-22,,Active,66222,3,5,28,6,0,College Campus,Chicago
EMP0841,Robert Smith,23,Non-binary,HR,Talent Acquisition Specialist,MBA,0,2023-04-28,,Active,52842,4,3,25,6,107,Executive Search,Chicago
EMP0842,Andrew Ramirez,26,Male,Finance,Senior Accountant,PhD,0,2021-01-31,,Active,100731,3,2,20,10,0,LinkedIn,New York
EMP0843,Anthony Hill,31,Non-binary,Finance,Senior Accountant,Master's,0,2022-02-03,,Active,114285,3,3,24,0,32,Indeed,Seattle
EMP0844,Joseph Harris,41,Non-binary,Operations,Supply Chain Planner,Bachelor's,5,2025-11-24,,Active,88722,3,4,12,8,0,LinkedIn,Atlanta
EMP0845,Mary White,30,Male,HR,HR Generalist,Master's,1,2023-01-26,,Active,73381,4,5,49,3,76,Referral,New York
EMP0846,Kimberly Clark,27,Male,Customer Service,Customer Support Agent,Bachelor's,0,2021-03-04,,Active,59047,4,2,32,2,0,LinkedIn,New York
EMP0847,Margaret White,33,Non-binary,IT,Data Scientist,Bachelor's,0,2025-01-19,2025-05-19,Left,139061,1,4,20,1,0,Indeed,New York
EMP0848,Andrew Clark,41,Male,HR,Benefits Specialist,Bachelor's,7,2026-05-13,,Active,69876,5,3,42,0,89,Indeed,Boston
EMP0849,Michelle Hall,46,Female,IT,Senior Developer,Bachelor's,3,2020-04-09,,Active,205944,3,3,23,1,77,LinkedIn,New York
EMP0850,Carol Robinson,43,Female,Customer Service,Support Lead,Master's,9,2022-08-08,,Active,90365,3,4,11,5,28,LinkedIn,Atlanta
EMP0851,Matthew Rodriguez,45,Non-binary,Sales,Sales Representative,Master's,6,2021-07-24,2025-09-17,Left,81923,5,4,22,4,0,Glassdoor,San Francisco
EMP0852,Christopher Adams,48,Female,Customer Service,Support Lead,Master's,1,2023-02-28,2025-11-21,Left,67328,3,3,24,9,48,LinkedIn,San Francisco
EMP0853,Mary Thomas,48,Female,Marketing,Marketing Specialist,Bachelor's,7,2025-01-29,2025-04-24,Left,87908,5,1,58,0,5,LinkedIn,New York
EMP0854,Sarah Garcia,50,Male,Marketing,Marketing Specialist,PhD,8,2020-05-21,,Active,84285,2,1,36,0,167,LinkedIn,Atlanta
EMP0855,Betty Allen,33,Female,Customer Service,Support Lead,Bachelor's,2,2021-02-06,,Active,66592,2,4,29,3,0,Indeed,Boston
EMP0856,Steven Roberts,37,Male,Marketing,Content Writer,Bachelor's,2,2020-04-26,,Active,63950,2,3,39,7,50,Indeed,Austin
EMP0857,Amanda Anderson,50,Male,Customer Service,Customer Success Manager,MBA,10,2026-02-10,,Active,90461,5,2,43,1,67,Indeed,Boston
EMP0858,Dorothy Roberts,32,Non-binary,Customer Service,Customer Support Agent,Bachelor's,5,2023-01-24,,Active,47718,5,3,22,5,99,LinkedIn,Chicago
EMP0859,Matthew Thomas,22,Non-binary,Marketing,Marketing Specialist,Bachelor's,0,2025-05-04,,Active,83220,2,5,15,6,61,LinkedIn,San Francisco
EMP0860,Kimberly Garcia,34,Female,Sales,Sales Director,Bachelor's,1,2022-07-07,2023-06-10,Left,222578,3,2,52,4,46,Indeed,San Francisco
EMP0861,Deborah Robinson,43,Non-binary,Sales,Sales Director,Bachelor's,7,2023-10-05,,Active,267923,2,3,44,4,23,LinkedIn,Seattle
EMP0862,Lisa Jackson,50,Male,Customer Service,Customer Success Manager,Bachelor's,10,2023-10-01,,Active,89916,4,3,20,13,51,College Campus,Boston
EMP0863,Anthony Allen,38,Non-binary,Operations,Operations Analyst,Bachelor's,9,2020-06-26,2021-07-18,Left,96693,3,5,34,3,0,Referral,Atlanta
EMP0864,Matthew Hernandez,34,Female,Customer Service,Customer Support Agent,Master's,0,2023-12-07,,Active,51700,3,3,35,1,117,Indeed,San Francisco
EMP0865,Michael Garcia,35,Female,IT,QA Engineer,Bachelor's,1,2021-09-11,,Active,89949,2,3,17,2,117,LinkedIn,Seattle
EMP0866,Brian Mitchell,21,Male,Finance,Auditor,Bachelor's,0,2021-04-28,,Active,91076,2,5,0,4,0,LinkedIn,New York
EMP0867,Deborah Harris,29,Non-binary,Customer Service,Support Lead,Bachelor's,1,2024-01-10,,Active,83320,4,2,73,0,74,LinkedIn,Seattle
EMP0868,Sarah Taylor,43,Female,IT,Senior Developer,Master's,11,2023-06-12,2024-07-09,Left,221310,4,1,33,0,134,Indeed,New York
EMP0869,Thomas Lopez,40,Non-binary,IT,QA Engineer,MBA,6,2022-07-11,,Active,98803,3,2,59,6,32,Indeed,Chicago
EMP0870,David Hall,31,Non-binary,Operations,Supply Chain Planner,Bachelor's,4,2024-10-08,,Active,80221,3,4,14,3,2,LinkedIn,Seattle
EMP0871,Elizabeth Lee,30,Non-binary,Customer Service,Customer Success Manager,Master's,1,2026-04-07,,Active,90522,1,4,29,3,46,College Campus,Boston
EMP0872,Christopher Davis,27,Female,Operations,Supply Chain Planner,Master's,1,2026-02-22,2026-07-19,Left,74944,3,2,11,7,0,Referral,Chicago
EMP0873,Emily Miller,46,Non-binary,Operations,Logistics Coordinator,Bachelor's,5,2021-05-31,,Active,75472,4,3,66,2,94,LinkedIn,Austin
EMP0874,Andrew Smith,25,Non-binary,Finance,Financial Analyst,Bachelor's,1,2022-08-11,,Active,90876,4,3,17,8,35,Glassdoor,Chicago
EMP0875,Anthony Clark,44,Female,Customer Service,Customer Success Manager,Bachelor's,0,2022-11-09,2025-07-20,Left,77143,3,2,44,6,0,Indeed,Austin
EMP0876,Paul Ramirez,39,Male,Customer Service,Customer Success Manager,Bachelor's,2,2023-09-21,,Active,88874,4,3,45,8,35,College Campus,Boston
EMP0877,Jennifer Miller,37,Male,IT,Data Scientist,Bachelor's,1,2024-03-22,,Active,90265,3,4,28,7,15,Indeed,Austin
EMP0878,Emily Williams,37,Non-binary,Customer Service,Support Lead,Master's,5,2023-11-13,,Active,85954,2,4,15,6,0,Referral,San Francisco
EMP0879,Sandra Clark,34,Female,Operations,Supply Chain Planner,MBA,2,2021-11-26,,Active,90822,3,3,13,0,86,Glassdoor,New York
EMP0880,Carol Thomas,47,Female,Sales,Sales Representative,Bachelor's,9,2021-04-21,,Active,69462,4,4,30,3,27,Indeed,New York
EMP0881,Nancy Hernandez,50,Female,Sales,Account Manager,PhD,4,2021-08-21,,Active,84475,3,3,35,10,52,LinkedIn,Atlanta
EMP0882,William Green,21,Female,Operations,Logistics Coordinator,Bachelor's,0,2024-05-26,2024-10-25,Left,55424,3,2,47,11,90,Glassdoor,Austin
EMP0883,Andrew Sanchez,42,Non-binary,Operations,Operations Manager,MBA,5,2021-05-09,,Active,181852,3,5,25,1,43,LinkedIn,Seattle
EMP0884,Deborah Nguyen,27,Non-binary,Marketing,Marketing Specialist,Bachelor's,3,2020-03-19,,Active,67793,2,4,40,7,49,Indeed,Atlanta
EMP0885,Barbara Thomas,44,Female,HR,HR Manager,Master's,5,2026-03-06,,Active,144108,4,5,22,0,44,Referral,San Francisco
EMP0886,Jennifer Martinez,23,Female,Operations,Operations Analyst,Master's,0,2025-01-25,2025-05-25,Left,81305,2,2,40,1,18,LinkedIn,New York
EMP0887,Lisa Wilson,32,Female,Sales,Sales Representative,Bachelor's,2,2024-02-20,,Active,45802,2,5,0,0,54,Glassdoor,Austin
EMP0888,Kenneth Lewis,40,Female,HR,HR Manager,MBA,4,2025-08-11,,Active,132978,3,3,26,8,62,LinkedIn,New York
EMP0889,Donald Flores,39,Female,IT,Senior Developer,Master's,7,2021-01-12,2022-06-30,Left,155747,1,2,17,11,0,LinkedIn,Atlanta
EMP0890,Lisa Davis,36,Male,IT,System Administrator,MBA,2,2020-09-16,,Active,90721,5,4,36,8,0,LinkedIn,San Francisco
EMP0891,Daniel Rivera,44,Male,Finance,Auditor,Master's,5,2023-09-16,,Active,85495,3,3,30,9,21,LinkedIn,Boston
EMP0892,Amanda Moore,37,Non-binary,IT,Data Scientist,PhD,2,2022-08-26,,Active,159984,3,2,43,0,75,Glassdoor,Seattle
EMP0893,Margaret Hill,36,Female,Customer Service,Support Lead,Master's,2,2025-03-01,,Active,57805,4,3,61,11,67,Indeed,Atlanta
EMP0894,Mark Hernandez,34,Male,Marketing,Brand Manager,MBA,4,2022-06-30,,Active,123954,4,3,27,1,0,College Campus,Atlanta
EMP0895,Mary Davis,28,Female,Finance,Auditor,Bachelor's,3,2023-01-16,,Active,85528,3,3,0,1,17,Indeed,Seattle
EMP0896,Linda Smith,24,Female,IT,System Administrator,Bachelor's,0,2024-10-29,,Active,94061,4,4,19,4,90,Indeed,San Francisco
EMP0897,Susan King,54,Non-binary,Marketing,Brand Manager,Bachelor's,19,2025-09-16,,Active,210916,4,1,29,0,3,Indeed,Boston
EMP0898,Christopher Gonzalez,35,Female,Customer Service,Support Lead,Bachelor's,2,2022-05-02,2024-02-16,Left,55655,2,2,6,6,131,LinkedIn,Austin
EMP0899,Andrew Johnson,45,Male,Operations,Operations Analyst,Bachelor's,1,2021-02-11,,Active,61690,3,4,12,12,33,College Campus,Austin
EMP0900,Nancy Adams,58,Male,Sales,Sales Representative,Bachelor's,15,2026-02-25,2026-06-25,Left,107202,3,2,14,0,163,LinkedIn,Seattle
EMP0901,Donna Brown,37,Female,Operations,Supply Chain Planner,Bachelor's,1,2021-01-12,,Active,79047,5,4,47,2,40,LinkedIn,Austin
EMP0902,William Miller,29,Male,Customer Service,Customer Success Manager,PhD,1,2021-12-04,2022-02-17,Left,77247,3,2,50,4,100,College Campus,Boston
EMP0903,Patricia Taylor,46,Non-binary,IT,Software Engineer,MBA,2,2020-08-21,,Active,101209,4,4,20,0,24,Referral,New York
EMP0904,David Rodriguez,24,Non-binary,IT,Senior Developer,Master's,0,2026-05-28,,Active,114699,4,3,29,5,82,College Campus,Chicago
EMP0905,Linda King,30,Non-binary,Marketing,Content Writer,Master's,0,2022-05-21,,Active,56059,4,3,28,2,117,LinkedIn,Boston
EMP0906,Amanda Garcia,46,Female,Customer Service,Customer Support Agent,Bachelor's,17,2026-04-03,,Active,76611,4,4,19,2,0,LinkedIn,Boston
EMP0907,James Nelson,30,Male,Customer Service,Support Lead,Bachelor's,1,2020-11-20,,Active,85772,4,4,31,8,39,Referral,San Francisco
EMP0908,Timothy Martin,40,Female,Operations,Logistics Coordinator,Master's,3,2020-11-24,,Active,86143,3,5,12,1,0,Indeed,Seattle
EMP0909,Steven Gonzalez,23,Non-binary,HR,HR Generalist,Master's,0,2021-05-25,,Active,58863,5,4,4,9,3,Indeed,Chicago
EMP0910,Michael Mitchell,27,Female,IT,QA Engineer,Bachelor's,3,2020-03-29,2025-02-01,Left,89237,3,3,15,6,51,Indeed,San Francisco
EMP0911,Daniel Ramirez,21,Male,Sales,Business Development Associate,Bachelor's,0,2020-06-14,,Active,55935,3,3,47,1,40,LinkedIn,Atlanta
EMP0912,Richard Jackson,39,Female,HR,HR Manager,Bachelor's,5,2024-05-30,,Active,134818,4,3,3,3,97,Glassdoor,Atlanta
EMP0913,Linda Brown,33,Male,Marketing,Brand Manager,MBA,3,2024-07-11,,Active,118041,3,1,47,0,122,Glassdoor,San Francisco
EMP0914,Betty Miller,33,Female,Customer Service,Customer Success Manager,Bachelor's,5,2021-10-01,,Active,91470,3,2,0,1,0,Glassdoor,Chicago
EMP0915,George Smith,37,Female,Marketing,Content Writer,Bachelor's,8,2025-11-07,,Active,66005,3,3,34,9,10,LinkedIn,Boston
EMP0916,Elizabeth Smith,41,Female,Sales,Sales Director,Master's,3,2022-03-30,2023-11-27,Left,170286,3,5,28,2,46,Referral,New York
EMP0917,Emily Smith,36,Female,HR,Benefits Specialist,Bachelor's,6,2020-02-24,,Active,79794,5,3,53,12,137,Referral,New York
EMP0918,Timothy Martinez,49,Male,IT,System Administrator,Master's,8,2022-11-08,,Active,138802,4,2,56,0,125,Executive Search,Seattle
EMP0919,Thomas White,34,Female,Customer Service,Support Lead,Bachelor's,1,2024-05-27,,Active,63372,4,4,28,4,0,College Campus,Chicago
EMP0920,Sarah Baker,42,Male,Operations,Operations Analyst,Master's,10,2021-11-15,,Active,111028,2,3,19,8,96,Indeed,San Francisco
EMP0921,Brian Ramirez,36,Non-binary,Operations,Operations Analyst,Bachelor's,5,2025-06-07,,Active,93568,3,2,25,7,0,Glassdoor,San Francisco
EMP0922,Dorothy Lopez,43,Female,Operations,Operations Manager,Bachelor's,5,2025-01-04,2026-04-13,Left,132751,5,3,30,6,107,LinkedIn,Chicago
EMP0923,Nancy Flores,44,Non-binary,Customer Service,Support Lead,Bachelor's,4,2022-06-15,2025-07-06,Left,71189,1,2,0,13,0,College Campus,Atlanta
EMP0924,Dorothy Jackson,31,Male,Operations,Logistics Coordinator,Master's,2,2022-06-14,2026-02-15,Left,65828,3,1,36,0,55,Indeed,Chicago
EMP0925,Linda Brown,24,Non-binary,IT,QA Engineer,Bachelor's,0,2020-01-02,,Active,76635,2,1,11,0,120,College Campus,Chicago
EMP0926,Kevin Roberts,23,Non-binary,IT,System Administrator,Master's,0,2021-09-03,2024-11-08,Left,105025,5,3,0,6,61,LinkedIn,San Francisco
EMP0927,Carol Green,44,Male,Sales,Sales Representative,Bachelor's,8,2025-01-28,,Active,65862,3,3,37,8,78,Glassdoor,Chicago
EMP0928,William Baker,46,Non-binary,Finance,Senior Accountant,Master's,16,2021-09-11,,Active,144585,2,3,43,12,94,Indeed,Austin
EMP0929,Barbara Harris,50,Non-binary,Customer Service,Support Lead,Master's,14,2024-06-24,,Active,106354,3,3,0,11,73,College Campus,New York
EMP0930,Daniel Ramirez,47,Female,Sales,Business Development Associate,Bachelor's,2,2020-03-23,,Active,85473,4,5,71,8,1,Referral,New York
EMP0931,Jessica Nguyen,42,Female,HR,HR Manager,Master's,7,2021-01-26,,Active,169172,1,4,0,3,66,Referral,New York
EMP0932,Patricia Garcia,38,Female,Customer Service,Customer Success Manager,Bachelor's,0,2025-01-20,2025-05-07,Left,88658,3,2,53,0,49,Indeed,New York
EMP0933,Melissa Nguyen,43,Male,Operations,Operations Analyst,Master's,2,2024-05-22,2025-12-28,Left,61256,4,2,27,4,70,Indeed,Boston
EMP0934,Elizabeth Martin,37,Non-binary,Operations,Operations Analyst,Master's,3,2025-04-21,,Active,92247,2,4,37,0,94,LinkedIn,Seattle
EMP0935,Dorothy Miller,28,Male,IT,QA Engineer,Bachelor's,3,2023-10-10,,Active,100203,5,3,21,9,0,LinkedIn,New York
EMP0936,Jessica Wright,52,Male,Marketing,Content Writer,Bachelor's,5,2023-09-05,,Active,66054,1,2,13,3,74,LinkedIn,Seattle
EMP0937,David Allen,32,Male,Marketing,Digital Marketing Manager,Master's,1,2022-06-20,,Active,110746,2,3,56,5,44,Indeed,Austin
EMP0938,Betty Harris,36,Female,IT,QA Engineer,Master's,3,2021-04-05,2023-12-31,Left,77190,3,1,57,2,5,Indeed,Austin
EMP0939,Michelle Adams,23,Male,Marketing,Content Writer,MBA,0,2021-03-08,,Active,64528,4,3,39,6,40,LinkedIn,New York
EMP0940,Steven Allen,42,Female,Operations,Supply Chain Planner,Bachelor's,0,2021-06-26,,Active,57056,3,3,43,1,75,Glassdoor,Atlanta
EMP0941,William Moore,33,Non-binary,Operations,Operations Manager,Master's,0,2025-06-27,,Active,89470,5,3,28,6,98,Glassdoor,Austin
EMP0942,Steven Roberts,41,Non-binary,Finance,Senior Accountant,Master's,1,2025-01-03,,Active,83843,3,5,30,9,0,Glassdoor,Boston
EMP0943,Mary Campbell,32,Male,IT,Software Engineer,Bachelor's,1,2024-01-20,,Active,90750,3,4,10,9,0,Referral,Austin
EMP0944,Michael Lopez,33,Male,Sales,Business Development Associate,Master's,2,2025-03-16,,Active,63489,1,3,43,5,71,Glassdoor,New York
EMP0945,Joshua Green,23,Female,HR,HR Manager,MBA,0,2023-03-19,2025-06-19,Left,136823,3,1,25,3,144,Indeed,New York
EMP0946,Carol Jackson,44,Female,Operations,Logistics Coordinator,Bachelor's,4,2021-08-20,2022-01-30,Left,72288,1,2,47,11,47,College Campus,Austin
EMP0947,James White,30,Male,Marketing,Marketing Specialist,Master's,3,2025-10-21,,Active,60560,5,4,64,11,0,Glassdoor,Chicago
EMP0948,Andrew Walker,37,Male,Finance,Senior Accountant,Master's,1,2023-09-25,2026-02-05,Left,93860,3,2,7,13,141,LinkedIn,Seattle
EMP0949,Michael Davis,36,Female,IT,Data Scientist,Bachelor's,1,2020-03-11,2026-05-04,Left,105754,5,1,46,9,121,College Campus,Atlanta
EMP0950,Robert Hernandez,35,Female,IT,Data Scientist,PhD,3,2024-05-27,2026-01-19,Left,107318,3,5,19,6,55,Indeed,Atlanta
EMP0951,Emily Walker,30,Male,Finance,Financial Analyst,MBA,1,2023-08-02,,Active,89800,3,4,17,3,30,Referral,New York
EMP0952,George Perez,30,Non-binary,Operations,Operations Analyst,MBA,1,2020-08-14,,Active,86023,3,4,53,4,0,Glassdoor,San Francisco
EMP0953,Daniel Jones,46,Male,Marketing,Marketing Specialist,MBA,7,2021-02-06,,Active,81520,1,3,34,6,61,LinkedIn,Atlanta
EMP0954,Daniel Ramirez,33,Non-binary,Customer Service,Customer Support Agent,Bachelor's,3,2020-03-22,,Active,50268,4,3,45,0,145,Indeed,New York
EMP0955,Carol Mitchell,36,Non-binary,Sales,Sales Representative,Bachelor's,5,2025-11-30,2026-03-16,Left,62833,4,2,23,5,81,Indeed,Austin
EMP0956,Lisa Thompson,36,Non-binary,Sales,Sales Representative,Bachelor's,8,2020-10-12,,Active,78544,3,3,39,14,83,Glassdoor,San Francisco
EMP0957,Andrew Williams,34,Non-binary,IT,Senior Developer,PhD,1,2020-08-26,2025-12-09,Left,141345,4,1,63,11,31,LinkedIn,Seattle
EMP0958,Jessica Jackson,34,Non-binary,Sales,Business Development Associate,Bachelor's,3,2025-08-01,,Active,54891,3,1,51,9,0,Indeed,Boston
EMP0959,Daniel Anderson,46,Non-binary,Finance,Finance Manager,Bachelor's,3,2022-06-28,,Active,176590,3,4,26,4,0,College Campus,Seattle
EMP0960,Steven Miller,36,Non-binary,Sales,Business Development Associate,Bachelor's,1,2021-09-24,,Active,49472,4,5,39,1,0,Indeed,Chicago
EMP0961,Susan Davis,31,Non-binary,Customer Service,Customer Support Agent,Bachelor's,3,2025-12-09,2026-02-20,Left,54391,4,3,29,6,97,College Campus,New York
EMP0962,Sarah Nguyen,36,Female,Customer Service,Customer Support Agent,Bachelor's,2,2025-03-09,2025-10-29,Left,53422,1,2,59,6,144,Indeed,New York
EMP0963,Matthew Lopez,29,Male,Marketing,Marketing Specialist,Master's,0,2020-04-07,,Active,57999,3,3,31,1,32,LinkedIn,Boston
EMP0964,Thomas Carter,38,Female,Customer Service,Customer Support Agent,Master's,3,2025-04-15,,Active,52517,4,3,65,0,43,Glassdoor,Chicago
EMP0965,Michael Scott,57,Male,Operations,Operations Manager,Bachelor's,12,2023-12-11,,Active,222085,4,4,54,3,26,Referral,Seattle
EMP0966,Sandra Mitchell,36,Female,HR,Talent Acquisition Specialist,PhD,5,2025-10-21,,Active,85795,2,5,4,7,2,LinkedIn,New York
EMP0967,Andrew Sanchez,29,Female,Finance,Finance Manager,Bachelor's,4,2022-02-17,,Active,154515,4,4,12,0,112,Glassdoor,Chicago
EMP0968,Kevin Lee,43,Non-binary,Customer Service,Customer Support Agent,MBA,4,2020-02-23,,Active,49393,3,3,41,0,9,College Campus,Austin
EMP0969,Susan Clark,45,Non-binary,IT,System Administrator,Bachelor's,3,2022-09-02,,Active,87437,4,5,69,0,68,LinkedIn,Atlanta
EMP0970,Ashley Rodriguez,32,Female,HR,Talent Acquisition Specialist,Bachelor's,4,2025-07-31,,Active,98959,2,1,46,8,58,LinkedIn,Seattle
EMP0971,Emily Lee,33,Female,Operations,Logistics Coordinator,Bachelor's,3,2022-03-10,,Active,74883,4,2,24,12,50,Referral,New York
EMP0972,Joshua Thomas,47,Male,IT,Data Scientist,Bachelor's,6,2024-05-06,,Active,108397,3,1,58,7,68,Indeed,Austin
EMP0973,Anthony Jones,40,Non-binary,Finance,Senior Accountant,Master's,8,2025-02-28,,Active,133155,3,4,42,0,73,Indeed,New York
EMP0974,Charles Flores,21,Female,Finance,Financial Analyst,Bachelor's,0,2025-01-10,,Active,62917,3,2,12,10,1,Referral,Chicago
EMP0975,Steven Nguyen,23,Non-binary,HR,Benefits Specialist,Master's,0,2020-04-11,,Active,86366,2,4,1,3,0,Referral,Seattle
EMP0976,Joseph Torres,38,Male,Marketing,Content Writer,Master's,1,2024-06-27,,Active,45730,3,4,33,1,35,Glassdoor,Atlanta
EMP0977,Sarah Gonzalez,30,Female,Finance,Senior Accountant,MBA,3,2023-01-29,,Active,87320,3,2,41,10,150,Executive Search,Chicago
EMP0978,George Clark,35,Female,Finance,Financial Analyst,Bachelor's,1,2024-02-13,,Active,82584,3,3,41,6,60,Indeed,Chicago
EMP0979,Paul Thomas,28,Male,Sales,Account Manager,Master's,0,2022-06-10,,Active,68528,2,3,24,7,0,Indeed,Atlanta
EMP0980,Andrew Young,33,Male,Customer Service,Customer Support Agent,Master's,2,2023-11-11,,Active,66634,2,1,12,13,99,LinkedIn,San Francisco
EMP0981,Melissa Miller,34,Female,IT,QA Engineer,Bachelor's,3,2021-06-02,,Active,108655,2,5,55,0,0,Referral,New York
EMP0982,Daniel Rodriguez,36,Female,Marketing,Digital Marketing Manager,Bachelor's,7,2021-01-04,,Active,120610,4,3,22,12,84,LinkedIn,Boston
EMP0983,George Williams,34,Male,Finance,Auditor,Bachelor's,4,2023-10-29,,Active,87778,3,5,17,3,71,Referral,Austin
EMP0984,Barbara Campbell,48,Non-binary,Customer Service,Customer Success Manager,Master's,8,2020-01-25,,Active,107231,3,3,19,0,0,Glassdoor,New York
EMP0985,Barbara Allen,32,Female,Finance,Financial Analyst,Master's,4,2024-03-12,,Active,98227,3,3,32,11,35,College Campus,San Francisco
EMP0986,Charles Lee,43,Female,Customer Service,Customer Support Agent,Bachelor's,8,2026-04-01,,Active,58883,4,4,20,1,36,Indeed,San Francisco
EMP0987,Christopher Miller,52,Non-binary,HR,HR Generalist,Bachelor's,15,2024-02-20,,Active,86356,4,3,25,12,113,LinkedIn,Chicago
EMP0988,Timothy Miller,23,Non-binary,Operations,Operations Manager,MBA,0,2021-10-04,,Active,114111,3,3,14,4,47,LinkedIn,San Francisco
EMP0989,Paul Wright,46,Male,IT,QA Engineer,Master's,2,2023-02-22,,Active,75389,5,2,21,5,0,Indeed,Seattle
EMP0990,William Robinson,32,Non-binary,IT,Software Engineer,Bachelor's,3,2023-09-05,,Active,105421,2,3,29,7,20,LinkedIn,Austin
EMP0991,Linda Thompson,44,Non-binary,Operations,Logistics Coordinator,MBA,6,2022-10-13,,Active,58820,4,2,68,6,42,Indeed,Boston
EMP0992,Deborah Jones,23,Non-binary,Finance,Financial Analyst,Master's,0,2025-12-30,,Active,61291,3,5,25,1,89,Referral,Austin
EMP0993,John Green,23,Non-binary,HR,Talent Acquisition Specialist,Master's,0,2021-11-15,,Active,60327,3,3,5,3,0,LinkedIn,Atlanta
EMP0994,Ashley Jackson,47,Non-binary,Operations,Operations Analyst,Bachelor's,4,2026-05-17,,Active,85492,3,2,2,2,10,Indeed,Atlanta
EMP0995,Barbara Williams,21,Non-binary,Finance,Auditor,Bachelor's,0,2021-12-30,,Active,74133,3,3,43,9,37,Glassdoor,Boston
EMP0996,Joseph Jackson,36,Female,Sales,Business Development Associate,Master's,4,2024-08-15,,Active,65774,2,3,33,6,92,LinkedIn,Atlanta
EMP0997,Anthony Lewis,29,Female,Operations,Supply Chain Planner,Bachelor's,3,2023-12-14,,Active,85082,3,5,8,0,6,LinkedIn,New York
EMP0998,Deborah Walker,45,Male,Customer Service,Support Lead,MBA,9,2025-11-05,,Active,86359,3,3,15,6,21,Indeed,Atlanta
EMP0999,Patricia Scott,28,Female,Finance,Finance Manager,Master's,0,2023-10-05,,Active,115649,3,3,0,5,22,LinkedIn,Austin
EMP1000,Nancy Green,29,Male,Finance,Auditor,MBA,0,2024-11-13,,Active,62251,3,5,37,0,73,Referral,Austin
EMP1001,Donna Perez,29,Non-binary,Marketing,Marketing Specialist,Bachelor's,1,2023-03-24,,Active,50638,4,2,39,9,0,College Campus,Boston
EMP1002,Robert Adams,22,Non-binary,HR,HR Manager,Bachelor's,0,2021-05-02,,Active,93004,3,4,21,12,0,Glassdoor,Atlanta
EMP1003,Lisa Perez,27,Male,Marketing,Digital Marketing Manager,Bachelor's,1,2020-03-03,,Active,100573,3,4,31,0,45,Indeed,New York
EMP1004,David Jackson,33,Male,HR,Talent Acquisition Specialist,Bachelor's,2,2026-05-18,2026-08-22,Left,76851,4,2,8,1,104,Glassdoor,New York
EMP1005,Jennifer Jones,46,Female,Operations,Supply Chain Planner,Bachelor's,11,2026-04-26,,Active,99869,3,4,0,11,0,LinkedIn,New York
EMP1006,Richard Hill,43,Female,Customer Service,Support Lead,MBA,2,2026-04-28,2026-08-22,Left,72131,3,1,42,8,71,LinkedIn,Austin
EMP1007,Matthew Jackson,27,Female,HR,Benefits Specialist,Bachelor's,2,2024-02-10,,Active,63857,4,3,24,6,5,Indeed,Atlanta
EMP1008,George Sanchez,29,Female,Customer Service,Customer Success Manager,PhD,0,2023-11-06,2025-08-01,Left,63548,5,2,13,7,39,Indeed,Boston
EMP1009,Andrew Miller,35,Female,Finance,Senior Accountant,Master's,6,2020-09-16,,Active,140493,2,3,40,3,60,Referral,Seattle
EMP1010,Jennifer Martinez,34,Male,Customer Service,Support Lead,Bachelor's,3,2026-06-21,,Active,76795,4,2,59,7,122,LinkedIn,Atlanta
EMP1011,Elizabeth Williams,46,Female,Marketing,Content Writer,Bachelor's,3,2022-04-13,,Active,56254,4,5,49,2,84,Referral,Seattle
EMP1012,Michelle Thomas,30,Female,Operations,Supply Chain Planner,Bachelor's,2,2026-04-17,,Active,79033,2,5,3,6,75,LinkedIn,Atlanta
EMP1013,William Carter,34,Female,Marketing,Marketing Specialist,Bachelor's,3,2023-09-21,,Active,76253,2,4,5,3,6,College Campus,San Francisco
EMP1014,Dorothy Young,35,Non-binary,Customer Service,Customer Success Manager,Bachelor's,9,2020-01-29,,Active,99398,3,3,33,6,106,LinkedIn,Austin
EMP1015,Sarah King,50,Non-binary,Finance,Senior Accountant,Bachelor's,8,2024-06-13,,Active,131189,4,4,0,5,0,College Campus,San Francisco
EMP1016,Thomas Walker,61,Non-binary,Finance,Senior Accountant,Bachelor's,18,2026-01-30,2026-04-13,Left,187441,1,3,41,2,129,Indeed,San Francisco
EMP1017,Karen Hall,40,Male,Operations,Operations Analyst,Bachelor's,2,2022-10-25,2025-09-08,Left,70229,3,2,36,5,81,Indeed,Atlanta
EMP1018,Joseph Thompson,44,Non-binary,HR,HR Manager,Master's,2,2024-12-20,,Active,116563,3,4,4,0,121,Referral,Chicago
EMP1019,Paul Adams,48,Non-binary,IT,Data Scientist,Master's,9,2026-03-20,2026-07-08,Left,147471,3,2,0,15,0,Indeed,San Francisco
EMP1020,Michelle Roberts,43,Non-binary,Marketing,Brand Manager,Bachelor's,7,2021-10-12,2023-03-11,Left,177640,4,2,9,9,0,Executive Search,Seattle
EMP1021,David Walker,34,Male,Finance,Financial Analyst,MBA,0,2024-05-08,,Active,78110,3,4,31,5,0,Indeed,New York
EMP1022,Jessica Scott,37,Male,Customer Service,Support Lead,Bachelor's,3,2023-01-07,,Active,73412,3,3,20,1,38,Indeed,Boston
EMP1023,David Green,37,Male,Operations,Logistics Coordinator,MBA,5,2024-10-07,,Active,88990,4,3,23,0,88,LinkedIn,Seattle
EMP1024,Michelle Thompson,38,Female,Customer Service,Support Lead,Bachelor's,0,2025-09-12,,Active,81590,3,3,18,4,0,Glassdoor,Seattle
EMP1025,Matthew White,40,Male,Operations,Operations Analyst,Bachelor's,14,2023-01-26,2024-10-20,Left,125747,1,3,22,5,88,LinkedIn,San Francisco
EMP1026,Steven Smith,38,Female,IT,System Administrator,Master's,3,2023-05-22,,Active,84769,4,1,47,7,0,LinkedIn,Boston
EMP1027,Mary Rivera,32,Non-binary,Marketing,Content Writer,MBA,2,2024-01-10,2025-10-06,Left,49349,3,4,25,4,65,Indeed,Austin
EMP1028,Donna Rivera,38,Male,Operations,Logistics Coordinator,Bachelor's,1,2020-09-14,,Active,64106,4,3,24,7,22,LinkedIn,Seattle
EMP1029,Christopher Miller,38,Male,Finance,Senior Accountant,MBA,4,2026-04-10,,Active,104538,4,2,59,11,15,Referral,Boston
EMP1030,David Nguyen,28,Non-binary,Finance,Financial Analyst,Master's,1,2023-07-17,,Active,74059,3,4,23,2,24,LinkedIn,Boston
EMP1031,Elizabeth Campbell,55,Non-binary,HR,Benefits Specialist,Bachelor's,11,2025-03-05,,Active,106250,3,2,12,0,88,LinkedIn,New York
EMP1032,Karen Moore,23,Male,IT,System Administrator,Master's,0,2025-12-03,,Active,78617,5,2,9,3,118,LinkedIn,Austin
EMP1033,George Garcia,44,Male,Marketing,Marketing Specialist,Bachelor's,7,2020-02-02,,Active,85676,2,1,11,16,0,LinkedIn,Seattle
EMP1034,Karen Baker,62,Male,Customer Service,Customer Support Agent,Master's,7,2026-04-12,2026-06-24,Left,60650,2,2,25,0,16,Glassdoor,Boston
EMP1035,Christopher Clark,48,Non-binary,HR,HR Manager,Bachelor's,11,2022-07-05,,Active,164892,3,3,24,7,105,LinkedIn,San Francisco
EMP1036,Daniel Roberts,38,Female,Sales,Account Manager,Master's,6,2024-12-23,,Active,135395,3,3,27,10,106,LinkedIn,New York
EMP1037,Michelle Baker,24,Female,HR,HR Manager,Master's,0,2024-09-09,,Active,113014,4,4,28,9,14,LinkedIn,Boston
EMP1038,Susan Robinson,37,Female,IT,Data Scientist,Bachelor's,3,2021-08-02,,Active,135923,3,3,40,4,54,LinkedIn,Boston
EMP1039,Emily Williams,33,Non-binary,IT,System Administrator,Bachelor's,3,2021-05-08,2024-07-23,Left,84361,3,3,39,2,27,Glassdoor,Seattle
EMP1040,David Robinson,48,Female,Customer Service,Customer Support Agent,Master's,10,2025-03-30,,Active,67561,3,3,42,3,77,Indeed,Austin
EMP1041,Thomas Campbell,28,Male,Finance,Auditor,Bachelor's,2,2022-07-21,,Active,73595,5,1,56,7,14,LinkedIn,Boston
EMP1042,Michael Clark,35,Non-binary,Finance,Auditor,Bachelor's,5,2021-05-24,,Active,67122,5,3,24,10,0,College Campus,Atlanta
EMP1043,Richard Torres,23,Non-binary,HR,HR Manager,Master's,0,2020-10-07,,Active,104406,4,4,11,6,15,Referral,Seattle
EMP1044,Sandra Smith,47,Male,HR,Talent Acquisition Specialist,Master's,8,2020-09-06,,Active,76661,4,2,2,3,97,Indeed,Chicago
EMP1045,Carol Scott,49,Male,Finance,Financial Analyst,MBA,16,2022-12-06,2025-02-07,Left,103680,4,2,62,2,39,Indeed,Austin
EMP1046,Matthew Robinson,29,Non-binary,Customer Service,Customer Support Agent,Master's,2,2022-09-16,,Active,40073,2,5,52,3,0,Referral,Austin
EMP1047,George Ramirez,51,Non-binary,Marketing,Marketing Specialist,Master's,9,2025-09-12,,Active,87039,3,4,44,1,42,LinkedIn,Chicago
EMP1048,Lisa White,37,Male,Customer Service,Customer Support Agent,Bachelor's,1,2026-05-24,,Active,46608,3,3,67,4,3,LinkedIn,Atlanta
EMP1049,Susan Martin,39,Male,Finance,Auditor,Bachelor's,2,2023-08-15,,Active,65765,3,2,29,9,25,Glassdoor,Boston
EMP1050,Anthony Lopez,51,Female,Operations,Operations Analyst,Bachelor's,10,2022-12-11,,Active,73789,2,5,13,6,0,Referral,Austin
EMP1051,David Lee,51,Male,Marketing,Content Writer,Bachelor's,14,2020-02-06,,Active,85642,5,3,41,10,37,Indeed,Boston
EMP1052,Margaret Taylor,37,Female,IT,Data Scientist,Master's,5,2024-04-08,,Active,164262,3,3,28,4,27,LinkedIn,Seattle
EMP1053,Linda Lopez,33,Female,Marketing,Content Writer,PhD,3,2021-04-12,2025-10-27,Left,59669,5,1,49,13,29,Glassdoor,Seattle
EMP1054,George Robinson,21,Non-binary,Sales,Sales Director,Bachelor's,0,2024-03-01,,Active,147456,2,3,27,0,0,Indeed,New York
EMP1055,Nancy Baker,26,Female,Customer Service,Customer Support Agent,Bachelor's,1,2021-07-09,,Active,40953,3,3,60,3,11,Indeed,Atlanta
EMP1056,Joshua Davis,49,Male,IT,Data Scientist,Bachelor's,19,2022-02-11,2026-06-23,Left,186500,4,2,75,4,9,LinkedIn,Boston
EMP1057,Sarah Thompson,35,Female,Operations,Logistics Coordinator,PhD,2,2024-11-03,,Active,83909,2,3,45,8,58,Indeed,Seattle
EMP1058,Kenneth Miller,31,Non-binary,Operations,Operations Analyst,Bachelor's,2,2026-05-16,,Active,76533,3,3,20,3,0,LinkedIn,Chicago
EMP1059,Michelle Mitchell,32,Non-binary,Customer Service,Support Lead,MBA,2,2024-11-08,,Active,75976,3,3,10,5,43,Indeed,New York
EMP1060,Brian Brown,37,Male,Sales,Account Manager,Bachelor's,3,2022-05-03,,Active,104043,4,4,48,9,0,LinkedIn,Seattle
EMP1061,Betty Lopez,37,Non-binary,Finance,Financial Analyst,Master's,3,2020-02-28,,Active,72561,3,4,33,0,68,LinkedIn,Austin
EMP1062,Christopher Miller,36,Non-binary,IT,System Administrator,Bachelor's,4,2025-03-14,,Active,90027,4,4,45,2,61,Referral,San Francisco
EMP1063,Joshua Perez,23,Non-binary,Sales,Sales Representative,Master's,0,2022-09-20,,Active,51160,3,3,19,6,0,Indeed,Chicago
EMP1064,Paul Hall,27,Male,Sales,Sales Director,Bachelor's,1,2025-08-14,,Active,116598,5,4,82,5,32,Glassdoor,Austin
EMP1065,Jennifer Wilson,47,Female,Marketing,Brand Manager,Master's,10,2026-05-21,,Active,138773,4,3,0,3,10,LinkedIn,Chicago
EMP1066,Donna Thompson,26,Male,Sales,Sales Representative,Master's,1,2024-09-24,,Active,64092,5,4,43,0,0,Indeed,Seattle
EMP1067,Joshua Davis,35,Female,HR,Talent Acquisition Specialist,Bachelor's,4,2022-06-17,,Active,96717,2,3,26,0,43,Referral,New York
EMP1068,Kimberly Clark,55,Female,HR,Benefits Specialist,Bachelor's,7,2022-09-19,,Active,75696,3,4,39,5,29,Glassdoor,Atlanta
EMP1069,Timothy Green,39,Non-binary,Marketing,Content Writer,Bachelor's,5,2024-03-17,,Active,79855,3,4,0,4,45,College Campus,San Francisco
EMP1070,Betty Jackson,60,Male,Customer Service,Support Lead,Bachelor's,19,2025-07-31,,Active,143451,5,2,28,0,15,Indeed,Seattle
EMP1071,Anthony Gonzalez,23,Female,Marketing,Digital Marketing Manager,Master's,0,2020-09-07,,Active,134985,4,3,16,7,0,College Campus,San Francisco
EMP1072,David Torres,44,Male,Operations,Operations Analyst,Master's,1,2026-04-27,,Active,52773,4,3,41,5,0,Indeed,Chicago
EMP1073,David Robinson,39,Male,Customer Service,Customer Support Agent,Bachelor's,10,2026-01-23,,Active,74788,3,4,16,3,174,LinkedIn,San Francisco
EMP1074,Andrew Robinson,39,Male,Operations,Supply Chain Planner,Bachelor's,2,2023-12-04,,Active,82073,2,3,47,4,0,Glassdoor,San Francisco
EMP1075,Jessica Robinson,39,Male,IT,Software Engineer,Master's,7,2025-10-19,,Active,84555,4,3,30,10,0,Executive Search,Boston
EMP1076,Anthony Taylor,45,Male,Marketing,Marketing Specialist,MBA,6,2025-07-03,,Active,84182,4,5,43,5,108,Indeed,Boston
EMP1077,Charles Sanchez,42,Male,Operations,Operations Analyst,MBA,1,2026-02-04,,Active,65611,4,5,71,3,24,Indeed,Chicago
EMP1078,Elizabeth Taylor,42,Male,Marketing,Marketing Specialist,Master's,3,2023-02-12,,Active,59960,3,3,4,13,41,College Campus,Boston
EMP1079,Thomas Miller,36,Male,Operations,Operations Analyst,Bachelor's,2,2024-03-07,,Active,79093,5,4,64,2,16,LinkedIn,Austin
EMP1080,Mark Hall,49,Female,Finance,Financial Analyst,Bachelor's,10,2021-04-04,,Active,109529,1,3,40,4,55,College Campus,Seattle
EMP1081,Charles Martin,45,Non-binary,HR,HR Manager,MBA,6,2025-09-22,2026-03-15,Left,134944,4,2,51,0,148,Glassdoor,Austin
EMP1082,Thomas Green,30,Female,Customer Service,Customer Support Agent,Bachelor's,1,2021-04-05,,Active,41561,3,3,34,5,27,Glassdoor,Atlanta
EMP1083,Betty Walker,30,Non-binary,HR,HR Manager,Master's,2,2024-12-29,,Active,97432,3,4,56,5,0,Indeed,Boston
EMP1084,Michelle Hernandez,27,Female,Sales,Account Manager,MBA,1,2023-03-26,2024-05-07,Left,92972,5,1,24,11,2,LinkedIn,Austin
EMP1085,Sarah Hill,55,Male,Customer Service,Customer Support Agent,Master's,2,2023-01-12,2026-05-15,Left,41284,2,2,39,18,75,Glassdoor,Boston
EMP1086,Joseph Mitchell,37,Non-binary,Operations,Operations Analyst,Bachelor's,4,2020-11-03,,Active,81809,3,4,36,8,170,LinkedIn,Austin
EMP1087,Paul Garcia,40,Non-binary,IT,QA Engineer,PhD,5,2022-02-09,,Active,86562,4,3,4,2,39,LinkedIn,Atlanta
EMP1088,Joseph Hall,30,Male,HR,HR Generalist,Master's,2,2024-09-10,,Active,58004,4,3,7,7,48,Glassdoor,Atlanta
EMP1089,Dorothy Martin,29,Male,HR,Talent Acquisition Specialist,Bachelor's,3,2024-01-22,,Active,75092,3,4,50,7,0,Referral,Atlanta
EMP1090,Robert Gonzalez,31,Non-binary,Sales,Sales Representative,Bachelor's,2,2020-11-06,,Active,50185,3,3,0,3,9,Indeed,Austin
EMP1091,Margaret Davis,42,Non-binary,Sales,Account Manager,Master's,12,2025-05-26,,Active,127876,3,2,36,6,123,LinkedIn,Atlanta
EMP1092,Sarah Young,53,Non-binary,Finance,Auditor,Master's,10,2025-06-27,,Active,90017,4,3,32,10,62,LinkedIn,Atlanta
EMP1093,Steven Martin,31,Non-binary,IT,Senior Developer,Master's,0,2022-09-18,,Active,105427,3,4,58,4,0,Indeed,Austin
EMP1094,Carol Martin,43,Female,Customer Service,Support Lead,Bachelor's,6,2021-07-21,2024-04-25,Left,83883,2,2,25,7,19,LinkedIn,Chicago
EMP1095,Deborah King,26,Female,Operations,Operations Manager,Bachelor's,3,2024-11-09,,Active,110634,3,3,21,5,0,LinkedIn,Atlanta
EMP1096,David Flores,44,Male,Finance,Auditor,Master's,7,2023-07-19,,Active,95365,3,3,20,9,128,College Campus,Boston
EMP1097,Lisa Martinez,44,Female,Operations,Operations Manager,Bachelor's,9,2023-10-29,2025-09-15,Left,179632,3,4,29,9,23,Referral,Seattle
EMP1098,Anthony Thompson,39,Male,HR,Benefits Specialist,Master's,4,2020-03-01,,Active,85528,3,4,37,5,43,Glassdoor,Seattle
EMP1099,Mary Lee,32,Female,Sales,Sales Director,Bachelor's,0,2026-04-15,,Active,146698,3,2,14,12,61,Indeed,Atlanta
EMP1100,Robert Thomas,38,Male,Operations,Supply Chain Planner,Bachelor's,1,2023-12-30,,Active,77406,5,5,41,8,30,Referral,Boston
EMP1101,Ashley Thomas,26,Non-binary,Marketing,Content Writer,Bachelor's,1,2020-06-23,,Active,56319,3,3,6,6,10,Indeed,New York
EMP1102,Donald Rodriguez,23,Male,IT,System Administrator,MBA,0,2023-07-09,,Active,105000,4,4,46,0,16,Indeed,Seattle
EMP1103,Jennifer Lewis,23,Non-binary,Marketing,Brand Manager,Bachelor's,0,2022-06-24,,Active,114801,2,4,13,9,172,Referral,Atlanta
EMP1104,Amanda Mitchell,43,Non-binary,Customer Service,Support Lead,Bachelor's,3,2026-05-10,,Active,90452,3,4,39,8,80,Indeed,Seattle
EMP1105,Richard Baker,26,Female,Finance,Finance Manager,PhD,0,2021-03-11,,Active,91516,3,2,36,5,62,Indeed,Atlanta
EMP1106,Dorothy Brown,39,Male,Marketing,Brand Manager,MBA,11,2023-09-20,,Active,210733,5,4,29,2,123,College Campus,New York
EMP1107,Ashley Jackson,35,Non-binary,Operations,Operations Analyst,Master's,4,2024-10-22,2026-01-24,Left,60870,3,2,31,4,0,LinkedIn,Boston
EMP1108,Andrew Robinson,32,Male,HR,HR Generalist,Master's,1,2022-05-10,,Active,76857,4,3,12,2,56,Executive Search,Seattle
EMP1109,Robert Lopez,42,Female,Finance,Auditor,Master's,5,2026-04-16,,Active,93232,3,3,28,1,123,LinkedIn,Atlanta
EMP1110,Donna Harris,31,Male,HR,HR Manager,Bachelor's,3,2022-03-15,,Active,100645,3,5,40,4,31,Referral,Austin
EMP1111,Kevin Gonzalez,29,Non-binary,Marketing,Brand Manager,Master's,3,2021-04-19,2025-12-31,Left,131940,2,2,12,5,29,LinkedIn,Boston
EMP1112,John Roberts,42,Non-binary,Finance,Financial Analyst,Bachelor's,11,2022-09-06,,Active,124597,3,5,17,1,0,LinkedIn,Chicago
EMP1113,Joseph Wilson,27,Female,IT,Senior Developer,Master's,1,2023-03-11,2023-07-25,Left,117590,4,2,0,1,73,Referral,Austin
EMP1114,Mark Sanchez,41,Female,Customer Service,Support Lead,Bachelor's,1,2020-10-15,,Active,56247,3,5,18,0,69,Indeed,Atlanta
EMP1115,Timothy Wilson,36,Male,Sales,Sales Director,Bachelor's,8,2023-07-13,2024-10-12,Left,172612,5,3,0,5,18,Referral,Boston
EMP1116,Linda Robinson,56,Non-binary,Sales,Business Development Associate,Bachelor's,3,2023-01-06,,Active,54071,3,3,3,12,94,LinkedIn,Austin
EMP1117,Karen Anderson,54,Non-binary,IT,QA Engineer,PhD,14,2022-05-03,,Active,86609,4,4,10,10,65,LinkedIn,Austin
EMP1118,Andrew Smith,35,Male,HR,Talent Acquisition Specialist,Bachelor's,1,2026-06-26,,Active,65929,3,1,51,0,8,LinkedIn,Boston
EMP1119,Lisa Flores,59,Female,HR,Benefits Specialist,Bachelor's,9,2024-05-30,2026-06-12,Left,94727,4,5,13,9,128,Referral,San Francisco
EMP1120,David Johnson,31,Male,Finance,Auditor,Bachelor's,2,2022-04-03,2024-06-02,Left,72606,1,3,34,3,40,LinkedIn,Boston
EMP1121,Melissa Martinez,28,Male,IT,Data Scientist,MBA,1,2025-02-02,,Active,135169,2,4,9,3,13,LinkedIn,Austin
EMP1122,Jennifer Clark,26,Male,IT,QA Engineer,PhD,0,2024-07-25,2025-09-28,Left,68601,4,4,1,1,3,Referral,Austin
EMP1123,Thomas Rodriguez,41,Female,Marketing,Brand Manager,Bachelor's,10,2024-01-24,,Active,120843,5,3,63,7,55,Indeed,Atlanta
EMP1124,William Martinez,39,Non-binary,IT,Software Engineer,Bachelor's,6,2022-05-27,,Active,97007,3,4,68,5,0,LinkedIn,Boston
EMP1125,Karen Perez,37,Non-binary,Sales,Sales Director,Master's,6,2021-02-13,,Active,261874,3,3,30,7,0,LinkedIn,Seattle
EMP1126,Melissa Harris,45,Male,Customer Service,Customer Support Agent,Master's,4,2021-03-20,,Active,51089,4,3,44,3,35,LinkedIn,San Francisco
EMP1127,Andrew Walker,45,Male,Finance,Senior Accountant,Bachelor's,7,2023-06-14,,Active,113808,3,3,40,9,6,Glassdoor,Boston
EMP1128,Melissa Moore,41,Male,Marketing,Brand Manager,Master's,0,2022-03-04,,Active,92210,4,4,38,4,25,Referral,Chicago
EMP1129,Kevin Perez,37,Male,Finance,Financial Analyst,Master's,1,2023-08-18,,Active,90966,5,2,17,5,121,LinkedIn,Seattle
EMP1130,Linda Davis,23,Female,Finance,Senior Accountant,Master's,0,2022-08-11,,Active,101737,3,3,25,2,0,College Campus,Seattle
EMP1131,Barbara Sanchez,50,Non-binary,Marketing,Digital Marketing Manager,MBA,1,2020-02-21,,Active,116400,4,2,50,3,46,Indeed,San Francisco
EMP1132,Dorothy King,27,Non-binary,Marketing,Brand Manager,Bachelor's,2,2025-11-25,2026-03-29,Left,102709,3,5,38,15,24,Indeed,Atlanta
EMP1133,Kenneth Flores,42,Non-binary,Customer Service,Customer Success Manager,Bachelor's,11,2025-03-09,,Active,139897,3,3,41,3,0,LinkedIn,San Francisco
EMP1134,Charles Harris,38,Female,Sales,Business Development Associate,MBA,1,2021-02-26,,Active,57769,4,4,61,7,34,LinkedIn,Austin
EMP1135,Karen Wilson,29,Non-binary,Marketing,Marketing Specialist,MBA,1,2021-03-11,,Active,79881,4,3,49,3,0,Referral,New York
EMP1136,Betty Hernandez,42,Male,Sales,Account Manager,Master's,3,2022-12-24,,Active,122274,5,1,6,0,30,LinkedIn,San Francisco
EMP1137,George Mitchell,48,Male,Operations,Logistics Coordinator,Master's,3,2021-03-18,2024-01-09,Left,83339,4,3,14,11,75,LinkedIn,San Francisco
EMP1138,Michael Roberts,47,Non-binary,Sales,Account Manager,Master's,12,2022-07-17,2026-06-13,Left,110054,3,3,7,5,184,Glassdoor,Boston
EMP1139,Nancy Moore,27,Non-binary,IT,QA Engineer,MBA,0,2020-12-16,,Active,79212,3,3,32,5,81,LinkedIn,Seattle
EMP1140,Timothy Jackson,57,Female,IT,Software Engineer,Bachelor's,2,2025-02-04,,Active,91550,3,5,16,1,51,Referral,Boston
EMP1141,Margaret Clark,40,Non-binary,IT,System Administrator,Bachelor's,5,2026-03-25,,Active,125587,3,3,48,3,57,Indeed,Seattle
EMP1142,Daniel Garcia,38,Female,Operations,Supply Chain Planner,Bachelor's,3,2024-03-17,,Active,103871,3,1,46,0,163,LinkedIn,San Francisco
EMP1143,Ashley Scott,44,Non-binary,Marketing,Content Writer,Master's,6,2025-09-05,,Active,70686,3,3,34,7,0,Indeed,Atlanta
EMP1144,Andrew Miller,41,Male,Customer Service,Customer Support Agent,Bachelor's,13,2025-09-20,,Active,67646,3,5,6,4,0,Referral,Chicago
EMP1145,Daniel Adams,51,Male,Customer Service,Support Lead,Master's,4,2020-04-25,,Active,77869,4,5,43,11,68,Glassdoor,Atlanta
EMP1146,Mary Wilson,38,Non-binary,IT,System Administrator,Master's,7,2023-07-04,,Active,111323,4,5,41,9,0,Referral,New York
EMP1147,Daniel Thompson,42,Non-binary,HR,HR Manager,PhD,3,2022-10-05,,Active,93107,5,3,36,6,81,LinkedIn,Austin
EMP1148,Kimberly Roberts,35,Male,Operations,Operations Manager,MBA,4,2026-05-29,,Active,129107,4,4,27,3,51,Referral,Boston
EMP1149,Daniel Flores,39,Female,Customer Service,Customer Support Agent,Master's,1,2022-08-08,2024-11-17,Left,50520,4,2,0,10,20,Glassdoor,Chicago
EMP1150,Barbara Carter,30,Non-binary,Finance,Auditor,Bachelor's,6,2023-09-22,,Active,81892,4,3,24,4,145,College Campus,Chicago
EMP1151,Richard Nguyen,21,Male,Marketing,Brand Manager,Bachelor's,0,2024-07-30,2026-04-04,Left,145867,3,2,22,7,78,LinkedIn,Seattle
EMP1152,Kevin Sanchez,31,Non-binary,HR,HR Manager,MBA,3,2023-05-17,,Active,115568,3,3,4,8,28,Referral,Atlanta
EMP1153,Donna Torres,26,Female,Finance,Senior Accountant,PhD,0,2022-02-02,,Active,71336,3,3,45,5,0,LinkedIn,Austin
EMP1154,Joseph Thomas,33,Non-binary,Sales,Account Manager,MBA,5,2022-07-11,,Active,90609,1,3,52,3,0,Glassdoor,San Francisco
EMP1155,Kimberly Scott,47,Female,HR,Benefits Specialist,PhD,7,2024-12-09,,Active,107187,3,3,34,0,0,College Campus,San Francisco
EMP1156,Amanda White,42,Female,Finance,Auditor,MBA,4,2021-12-30,2024-04-05,Left,77655,3,2,24,5,141,College Campus,Chicago
EMP1157,Emily Rodriguez,26,Non-binary,Customer Service,Customer Success Manager,Bachelor's,0,2024-07-21,,Active,75588,4,3,53,10,32,Glassdoor,Boston
EMP1158,Brian Adams,29,Non-binary,Customer Service,Customer Support Agent,PhD,0,2024-11-19,,Active,39409,3,4,29,1,97,Indeed,Austin
EMP1159,David Johnson,41,Male,Marketing,Marketing Specialist,Master's,6,2026-01-03,,Active,78886,4,2,31,6,47,LinkedIn,Chicago
EMP1160,Thomas Campbell,34,Non-binary,Marketing,Content Writer,Bachelor's,2,2023-05-16,,Active,47918,3,2,54,8,0,Indeed,Austin
EMP1161,Joseph Torres,51,Female,Marketing,Content Writer,Master's,6,2025-10-17,2026-05-04,Left,89407,4,3,27,2,76,Executive Search,San Francisco
EMP1162,Linda Roberts,26,Non-binary,Marketing,Marketing Specialist,PhD,0,2026-03-19,,Active,61556,3,2,9,5,42,Executive Search,Atlanta
EMP1163,Barbara Johnson,34,Male,Sales,Sales Representative,Master's,3,2020-10-19,,Active,48069,3,5,14,0,18,College Campus,Chicago
EMP1164,Matthew Hall,53,Female,Customer Service,Support Lead,Bachelor's,5,2022-08-24,,Active,79711,5,3,64,8,31,College Campus,San Francisco
EMP1165,Thomas Sanchez,31,Male,Finance,Financial Analyst,Bachelor's,5,2026-05-24,2026-08-19,Left,87362,4,2,92,6,0,College Campus,Chicago
EMP1166,Carol White,46,Male,IT,Data Scientist,Bachelor's,4,2022-10-12,,Active,116442,1,3,4,5,36,College Campus,New York
EMP1167,Barbara Gonzalez,34,Male,Sales,Account Manager,Master's,1,2022-12-08,2023-11-08,Left,69841,4,2,41,9,48,LinkedIn,Atlanta
EMP1168,Amanda Roberts,39,Female,HR,Benefits Specialist,Bachelor's,3,2020-04-30,,Active,98537,4,5,11,3,81,Referral,New York
EMP1169,Charles Miller,28,Female,HR,Talent Acquisition Specialist,Bachelor's,4,2021-08-23,,Active,93245,5,3,16,7,55,College Campus,New York
EMP1170,Kimberly Harris,32,Non-binary,IT,Data Scientist,Master's,3,2022-02-03,,Active,143042,3,4,54,1,0,Referral,New York
EMP1171,John Thompson,40,Female,Sales,Sales Representative,Bachelor's,2,2020-10-09,,Active,76995,3,3,43,0,3,Indeed,Seattle
EMP1172,Dorothy Sanchez,51,Non-binary,Operations,Logistics Coordinator,Master's,16,2021-02-24,,Active,91013,3,3,37,3,38,College Campus,Chicago
EMP1173,Matthew Garcia,29,Female,Sales,Sales Representative,Bachelor's,2,2024-02-13,,Active,63062,3,3,0,1,61,Executive Search,Chicago
EMP1174,Brian Brown,44,Non-binary,IT,Senior Developer,Master's,4,2024-12-30,,Active,181434,3,4,0,7,46,LinkedIn,New York
EMP1175,Paul Johnson,40,Male,Finance,Auditor,Bachelor's,7,2024-07-28,,Active,106441,4,1,0,7,2,College Campus,San Francisco
EMP1176,Barbara Allen,42,Non-binary,Operations,Operations Analyst,Bachelor's,6,2023-11-21,2024-12-01,Left,82509,4,5,23,0,20,Glassdoor,San Francisco
EMP1177,Susan Torres,45,Female,IT,Software Engineer,Master's,5,2025-11-11,,Active,86101,3,2,32,6,104,College Campus,Austin
EMP1178,Barbara Harris,39,Female,Finance,Auditor,MBA,6,2021-03-16,,Active,93168,3,3,18,2,0,LinkedIn,New York
EMP1179,Andrew Rivera,51,Non-binary,Operations,Operations Manager,MBA,12,2023-06-25,,Active,190302,3,3,0,3,121,Indeed,San Francisco
EMP1180,Deborah Young,35,Male,IT,QA Engineer,Bachelor's,4,2023-10-27,2024-08-29,Left,112818,4,2,17,8,0,LinkedIn,New York
EMP1181,Robert Lopez,36,Female,HR,HR Manager,Master's,3,2022-06-03,2023-02-04,Left,118827,3,3,46,7,104,Indeed,Boston
EMP1182,Richard Garcia,29,Female,Sales,Account Manager,Master's,0,2020-04-20,,Active,96226,2,3,53,4,90,LinkedIn,San Francisco
EMP1183,Jennifer Carter,34,Male,IT,Senior Developer,Master's,0,2023-02-26,2025-06-17,Left,145325,2,3,15,3,0,Indeed,Austin
EMP1184,Deborah Wilson,35,Male,IT,Data Scientist,Master's,3,2022-11-26,,Active,126011,4,4,67,2,107,LinkedIn,New York
EMP1185,Patricia Sanchez,39,Non-binary,Finance,Financial Analyst,Bachelor's,7,2025-05-02,,Active,102444,3,2,33,4,0,Indeed,San Francisco
EMP1186,Jessica Hill,37,Male,Marketing,Digital Marketing Manager,Master's,6,2020-06-25,2022-02-03,Left,148507,2,2,0,8,5,Indeed,San Francisco
EMP1187,Christopher White,39,Non-binary,IT,Senior Developer,Bachelor's,3,2020-01-11,,Active,181976,4,4,7,6,37,Referral,New York
EMP1188,Timothy Green,36,Male,Marketing,Marketing Specialist,Bachelor's,3,2024-01-20,,Active,96965,3,5,27,4,0,LinkedIn,New York
EMP1189,Melissa Thomas,23,Female,Marketing,Brand Manager,Master's,0,2024-01-28,,Active,109817,2,5,41,1,73,Indeed,Chicago
EMP1190,Charles Green,50,Male,Sales,Sales Director,Master's,9,2026-04-18,2026-08-08,Left,228007,4,1,60,13,98,LinkedIn,San Francisco
EMP1191,Betty Rodriguez,33,Male,Finance,Senior Accountant,MBA,0,2023-07-21,,Active,83799,3,3,36,4,12,College Campus,Austin
EMP1192,Christopher Nelson,49,Female,Operations,Logistics Coordinator,Bachelor's,7,2026-01-22,,Active,83374,3,2,23,7,43,College Campus,San Francisco
EMP1193,Lisa Robinson,26,Non-binary,Customer Service,Support Lead,Master's,1,2021-10-25,,Active,62458,3,3,20,5,0,Indeed,Chicago
EMP1194,Anthony Brown,33,Non-binary,Finance,Senior Accountant,Bachelor's,7,2024-05-26,,Active,105717,5,3,38,8,112,LinkedIn,Boston
EMP1195,Kevin Lopez,50,Non-binary,Operations,Logistics Coordinator,Bachelor's,8,2024-11-21,,Active,76781,3,4,23,9,100,Indeed,Boston
EMP1196,William Carter,37,Non-binary,Finance,Financial Analyst,MBA,4,2020-07-22,2021-06-26,Left,70968,1,3,57,4,66,Referral,Boston
EMP1197,Daniel Gonzalez,23,Female,HR,HR Manager,Master's,0,2023-02-01,,Active,105407,3,3,13,7,73,College Campus,Seattle
EMP1198,Amanda Lopez,42,Female,IT,Data Scientist,Bachelor's,6,2021-05-22,,Active,139441,3,3,19,0,49,Glassdoor,San Francisco
EMP1199,Kenneth Walker,35,Non-binary,Finance,Senior Accountant,Master's,6,2021-03-31,,Active,142217,2,5,0,3,39,LinkedIn,New York
EMP1200,Matthew Walker,34,Female,IT,Data Scientist,Bachelor's,2,2023-10-01,,Active,112048,3,3,41,8,0,College Campus,Boston
EMP1201,Andrew Thompson,34,Non-binary,IT,System Administrator,MBA,1,2021-02-23,2022-12-27,Left,85549,4,3,27,2,108,College Campus,New York
EMP1202,Christopher Jackson,43,Non-binary,Customer Service,Customer Support Agent,Master's,9,2024-03-17,2025-06-12,Left,61031,4,1,36,6,75,Indeed,Chicago
EMP1203,Steven Moore,27,Male,IT,QA Engineer,PhD,0,2020-06-10,,Active,60468,4,3,19,10,118,LinkedIn,Chicago
EMP1204,John Moore,27,Female,Customer Service,Customer Success Manager,Master's,0,2020-09-06,,Active,81607,1,3,28,4,28,College Campus,Austin
EMP1205,Melissa Torres,21,Male,Sales,Account Manager,Bachelor's,0,2023-04-21,2025-08-24,Left,72452,4,1,36,7,30,Glassdoor,Austin
EMP1206,Anthony Rivera,27,Female,Finance,Finance Manager,Bachelor's,0,2024-02-27,,Active,102642,2,2,20,11,156,Indeed,Atlanta
EMP1207,Christopher Allen,32,Non-binary,IT,Senior Developer,MBA,2,2022-01-24,,Active,151220,3,1,0,9,37,LinkedIn,Seattle
EMP1208,Robert Smith,39,Male,Operations,Operations Manager,Master's,5,2021-04-30,,Active,134418,5,3,40,9,18,College Campus,Seattle
EMP1209,Kevin Miller,31,Female,IT,Senior Developer,Master's,3,2021-07-30,,Active,154445,5,2,21,1,85,LinkedIn,San Francisco
EMP1210,Susan Brown,39,Male,Sales,Sales Director,Master's,4,2021-08-21,,Active,167840,3,3,33,0,0,Executive Search,Boston
EMP1211,Donald Jackson,32,Male,Marketing,Marketing Specialist,Master's,2,2024-04-26,2025-04-15,Left,58383,3,1,3,9,37,LinkedIn,Austin
EMP1212,Linda Hall,41,Non-binary,HR,Talent Acquisition Specialist,Master's,1,2026-06-07,,Active,76090,2,5,28,8,52,Glassdoor,Seattle
EMP1213,Anthony Allen,36,Non-binary,HR,Benefits Specialist,Master's,2,2026-04-03,,Active,66200,1,3,0,10,19,College Campus,Chicago
EMP1214,Timothy Hernandez,29,Female,IT,QA Engineer,Bachelor's,4,2020-07-06,,Active,91658,4,3,8,1,31,LinkedIn,Chicago
EMP1215,Mark Smith,61,Non-binary,Operations,Operations Analyst,PhD,12,2023-01-28,,Active,102522,3,4,43,1,21,College Campus,Chicago
EMP1216,Christopher Lewis,34,Non-binary,Customer Service,Support Lead,Bachelor's,0,2022-07-21,2025-03-20,Left,66374,3,4,50,0,113,Executive Search,Chicago
EMP1217,John Hall,31,Male,Sales,Business Development Associate,Bachelor's,0,2023-12-11,,Active,58213,3,4,44,1,0,LinkedIn,Chicago
EMP1218,Anthony Johnson,38,Female,Customer Service,Support Lead,MBA,8,2023-05-25,,Active,72461,3,4,3,0,18,Referral,Austin
EMP1219,Emily Lopez,43,Male,IT,QA Engineer,Bachelor's,5,2022-04-21,2026-07-13,Left,71893,1,3,52,3,2,Indeed,Austin
EMP1220,Sarah Anderson,38,Non-binary,Marketing,Content Writer,Bachelor's,1,2021-05-11,2024-04-09,Left,56427,3,3,0,9,84,Indeed,Austin
EMP1221,Donald Hill,53,Non-binary,HR,Benefits Specialist,Bachelor's,12,2023-07-17,,Active,105618,5,3,23,0,33,Glassdoor,Seattle
EMP1222,Carol Flores,41,Female,IT,Data Scientist,Bachelor's,2,2022-05-25,,Active,154858,3,3,36,0,0,Glassdoor,San Francisco
EMP1223,Donald Jones,31,Non-binary,Finance,Auditor,Bachelor's,2,2022-10-10,,Active,83515,5,4,40,1,75,College Campus,San Francisco
EMP1224,Sarah Scott,34,Female,Customer Service,Support Lead,Bachelor's,0,2021-01-29,,Active,56369,4,5,28,0,0,Indeed,Boston
EMP1225,Emily Flores,31,Non-binary,Customer Service,Customer Support Agent,Bachelor's,2,2023-12-30,,Active,47767,3,4,26,1,49,College Campus,Austin
EMP1226,Donna Lee,38,Male,Sales,Business Development Associate,Bachelor's,6,2020-07-26,,Active,66607,4,4,37,8,11,Referral,Atlanta
EMP1227,Lisa Roberts,50,Male,HR,Talent Acquisition Specialist,Bachelor's,11,2022-10-13,,Active,69264,3,3,30,5,54,Indeed,Boston
EMP1228,Ashley Lee,35,Female,Marketing,Digital Marketing Manager,Master's,1,2025-01-30,,Active,113532,3,2,29,0,135,LinkedIn,Seattle
EMP1229,Steven Jackson,47,Non-binary,Sales,Business Development Associate,Bachelor's,5,2022-07-15,,Active,54428,2,3,40,3,25,LinkedIn,Boston
EMP1230,Jennifer White,21,Female,HR,Benefits Specialist,Bachelor's,0,2024-09-21,,Active,62518,3,2,22,4,0,LinkedIn,Boston
EMP1231,Sarah Gonzalez,35,Female,Sales,Sales Director,Master's,3,2021-02-03,2025-04-25,Left,207809,1,2,45,2,124,LinkedIn,San Francisco
EMP1232,Elizabeth Lee,43,Female,Sales,Sales Representative,MBA,0,2025-07-01,,Active,54229,3,3,36,6,0,Glassdoor,Boston
EMP1233,Charles Lee,40,Non-binary,Marketing,Marketing Specialist,Master's,3,2026-02-23,2026-05-24,Left,55809,2,4,45,3,38,LinkedIn,Atlanta
EMP1234,Dorothy Hernandez,27,Male,HR,HR Generalist,MBA,0,2023-01-14,,Active,71007,3,4,13,2,66,Referral,Seattle
EMP1235,Patricia King,35,Non-binary,Customer Service,Support Lead,Bachelor's,1,2024-08-29,2025-05-19,Left,57281,4,4,37,8,14,Indeed,Boston
EMP1236,Jessica Brown,23,Male,Marketing,Marketing Specialist,Master's,0,2025-12-06,2026-04-04,Left,86332,1,2,20,7,40,LinkedIn,New York
EMP1237,Steven Lee,44,Male,Customer Service,Customer Success Manager,Bachelor's,10,2020-02-29,,Active,102156,3,3,22,3,26,LinkedIn,Boston
EMP1238,Kimberly Jones,39,Female,Marketing,Marketing Specialist,Bachelor's,4,2024-12-15,,Active,80504,3,3,28,9,31,LinkedIn,San Francisco
EMP1239,David Sanchez,44,Non-binary,Marketing,Marketing Specialist,Bachelor's,4,2022-05-24,,Active,79352,3,3,0,1,27,Indeed,Boston
EMP1240,Thomas Perez,42,Non-binary,Finance,Auditor,Bachelor's,8,2022-06-05,,Active,125918,3,3,52,4,58,College Campus,New York
EMP1241,Susan Lopez,25,Female,Sales,Sales Representative,Bachelor's,1,2021-09-13,,Active,48605,4,4,27,7,33,LinkedIn,Boston
EMP1242,Emily Martin,46,Male,IT,Senior Developer,Bachelor's,10,2021-11-04,,Active,170150,3,3,22,5,7,LinkedIn,Atlanta
EMP1243,Susan Young,40,Female,Sales,Sales Director,MBA,5,2023-04-29,,Active,209402,2,3,0,6,37,Indeed,Austin
EMP1244,Kevin Thomas,55,Female,IT,Software Engineer,Bachelor's,17,2025-04-08,2026-05-18,Left,138646,1,1,0,5,92,LinkedIn,Seattle
EMP1245,George Torres,39,Female,IT,Software Engineer,PhD,2,2025-06-29,2026-02-06,Left,77819,4,2,64,3,90,College Campus,Chicago
EMP1246,Mary Martin,33,Non-binary,IT,System Administrator,Master's,3,2023-11-20,,Active,96051,4,5,53,1,15,Referral,San Francisco
EMP1247,Melissa Baker,25,Non-binary,Sales,Account Manager,Master's,0,2020-09-24,,Active,79611,3,4,41,4,0,College Campus,New York
EMP1248,Sarah Johnson,37,Female,Sales,Sales Representative,Master's,2,2021-04-21,2025-02-22,Left,67681,3,2,21,1,0,Indeed,Boston
EMP1249,Anthony Lopez,26,Female,Marketing,Marketing Specialist,PhD,0,2022-05-22,,Active,50064,4,4,21,5,29,LinkedIn,Boston
EMP1250,Sarah Gonzalez,37,Non-binary,Sales,Sales Representative,Bachelor's,3,2024-10-15,,Active,46418,4,4,69,0,83,College Campus,Boston
EMP1251,Amanda Mitchell,47,Male,Finance,Financial Analyst,Bachelor's,1,2023-11-18,,Active,72836,3,4,20,9,57,Indeed,Atlanta
EMP1252,Kimberly Wright,32,Non-binary,Operations,Operations Manager,Bachelor's,2,2024-12-07,,Active,104112,3,3,39,8,7,LinkedIn,Austin
EMP1253,Timothy Young,42,Non-binary,Sales,Sales Director,Master's,6,2025-02-13,,Active,143424,2,3,28,8,0,College Campus,Austin
EMP1254,Timothy Wright,29,Female,HR,HR Generalist,MBA,1,2025-04-26,,Active,64055,3,1,26,0,152,Glassdoor,Chicago
EMP1255,William Wilson,40,Non-binary,Sales,Sales Representative,MBA,11,2020-12-13,,Active,96712,3,5,12,2,101,Indeed,Seattle
EMP1256,Kimberly Nelson,39,Female,Operations,Logistics Coordinator,MBA,3,2024-02-28,,Active,62689,4,3,26,0,34,Referral,Boston
EMP1257,Dorothy Nelson,37,Female,HR,HR Manager,MBA,5,2025-11-06,,Active,128085,2,4,26,11,86,Glassdoor,Boston
EMP1258,Timothy Gonzalez,30,Non-binary,Customer Service,Customer Success Manager,Master's,2,2024-03-18,2026-02-07,Left,85768,2,2,50,0,5,College Campus,Seattle
EMP1259,Susan Wright,39,Female,Customer Service,Customer Support Agent,Master's,3,2020-04-06,,Active,49371,3,4,22,5,31,Referral,New York
EMP1260,Thomas Lewis,59,Male,Sales,Sales Director,PhD,8,2020-02-02,2023-11-25,Left,180062,3,4,49,4,3,Indeed,Boston
EMP1261,Emily Walker,46,Non-binary,Marketing,Marketing Specialist,Master's,3,2020-04-07,,Active,71792,3,3,57,8,0,LinkedIn,Boston
EMP1262,Timothy Wright,34,Female,Sales,Sales Director,Master's,2,2020-03-25,2022-07-17,Left,153502,5,4,0,6,20,Referral,Boston
EMP1263,Jennifer Garcia,46,Non-binary,Customer Service,Customer Success Manager,Bachelor's,13,2023-11-13,,Active,95881,3,3,16,0,17,Glassdoor,Boston
EMP1264,Karen Scott,39,Female,Customer Service,Support Lead,Master's,3,2020-10-22,,Active,88835,2,2,0,4,114,Referral,San Francisco
EMP1265,Mark Jones,35,Non-binary,Sales,Sales Director,Master's,4,2023-04-21,,Active,170555,3,4,24,0,33,Glassdoor,Boston
EMP1266,Brian King,43,Male,Sales,Sales Director,Bachelor's,5,2020-05-03,2021-02-26,Left,180997,3,3,58,7,74,LinkedIn,Seattle
EMP1267,Donald Young,38,Male,Sales,Account Manager,Bachelor's,0,2020-05-16,,Active,90430,3,4,33,3,112,Referral,Seattle
EMP1268,Joseph Rivera,34,Female,Operations,Operations Analyst,Bachelor's,2,2021-03-08,2025-07-26,Left,74773,5,2,59,9,0,Glassdoor,New York
EMP1269,Brian Ramirez,31,Female,Marketing,Brand Manager,Bachelor's,4,2020-11-26,,Active,134115,1,3,45,2,0,Indeed,Boston
EMP1270,Robert Garcia,43,Male,Operations,Operations Manager,Bachelor's,4,2024-04-24,,Active,129109,5,5,0,4,48,College Campus,Austin
EMP1271,Jennifer Torres,35,Male,HR,Benefits Specialist,Bachelor's,2,2023-03-05,,Active,73319,3,3,0,4,68,Executive Search,Boston
EMP1272,Anthony Davis,46,Non-binary,HR,Talent Acquisition Specialist,Master's,8,2021-02-17,,Active,95437,3,4,7,10,78,Indeed,San Francisco
EMP1273,Linda King,49,Male,Marketing,Marketing Specialist,Master's,15,2022-09-19,,Active,83985,4,5,3,6,36,Referral,Chicago
EMP1274,Donald Walker,40,Female,HR,Benefits Specialist,Bachelor's,5,2025-05-02,,Active,84906,4,3,27,0,62,LinkedIn,Atlanta
EMP1275,Elizabeth Carter,40,Non-binary,Marketing,Marketing Specialist,Bachelor's,9,2022-02-06,,Active,72619,3,3,21,0,0,Glassdoor,Atlanta
EMP1276,Anthony Brown,55,Female,IT,System Administrator,Master's,5,2020-03-26,,Active,109396,4,2,21,0,67,Indeed,Seattle
EMP1277,Melissa Rodriguez,42,Male,Customer Service,Customer Success Manager,Bachelor's,12,2026-06-05,,Active,120130,3,3,60,6,13,Indeed,Austin
EMP1278,Margaret Hill,35,Male,IT,Data Scientist,Bachelor's,8,2021-03-28,2024-04-22,Left,208177,1,4,3,3,54,LinkedIn,New York
EMP1279,Paul Hill,29,Female,Finance,Auditor,Bachelor's,0,2023-04-14,,Active,70983,4,4,24,12,51,Indeed,Atlanta
EMP1280,Joshua Hill,42,Non-binary,Marketing,Digital Marketing Manager,Master's,2,2020-10-09,,Active,104857,5,4,41,1,72,Indeed,Austin
EMP1281,Thomas Green,36,Male,Finance,Finance Manager,Bachelor's,8,2021-12-08,,Active,163221,5,3,54,5,46,College Campus,Atlanta
EMP1282,Karen Gonzalez,23,Female,Marketing,Content Writer,MBA,0,2025-01-31,,Active,48647,3,4,24,8,0,Referral,Chicago
EMP1283,Deborah Hall,40,Male,Operations,Operations Manager,Bachelor's,8,2024-09-13,,Active,159153,5,3,69,4,0,Indeed,Boston
EMP1284,George Jackson,33,Non-binary,HR,HR Manager,Master's,1,2023-03-11,,Active,146338,3,3,29,6,0,LinkedIn,San Francisco
EMP1285,Nancy Martinez,42,Non-binary,IT,System Administrator,Bachelor's,3,2024-09-06,,Active,101274,1,5,21,5,77,LinkedIn,New York
EMP1286,Sandra Scott,34,Female,Finance,Auditor,Master's,3,2020-06-07,,Active,89188,3,5,18,3,76,Indeed,San Francisco
EMP1287,Matthew Lee,45,Female,HR,HR Generalist,Bachelor's,5,2020-05-07,,Active,56142,3,4,15,2,0,Indeed,Chicago
EMP1288,Melissa Baker,45,Male,IT,Data Scientist,Bachelor's,4,2020-12-12,,Active,116935,3,3,6,8,118,LinkedIn,New York
EMP1289,Joseph Flores,46,Male,Customer Service,Support Lead,Master's,13,2022-01-04,2025-06-08,Left,93609,3,2,21,1,0,LinkedIn,Atlanta
EMP1290,Paul Flores,41,Male,HR,HR Generalist,Bachelor's,5,2024-02-19,2025-01-02,Left,64605,3,2,17,7,69,Indeed,Atlanta
EMP1291,Joseph Moore,27,Male,HR,HR Manager,Bachelor's,2,2023-10-18,,Active,113769,2,2,21,10,0,LinkedIn,Austin
EMP1292,Elizabeth Mitchell,44,Female,Customer Service,Customer Success Manager,MBA,9,2020-03-12,,Active,123176,3,3,18,6,38,College Campus,Seattle
EMP1293,Nancy Lee,38,Non-binary,Marketing,Content Writer,Bachelor's,4,2025-02-27,,Active,79009,2,2,19,5,31,LinkedIn,Seattle
EMP1294,Matthew Hernandez,32,Non-binary,HR,Talent Acquisition Specialist,Master's,1,2023-06-12,,Active,61958,4,2,10,8,130,College Campus,Chicago
EMP1295,Mary Baker,44,Female,HR,HR Generalist,MBA,7,2023-04-23,,Active,58516,3,3,51,1,51,LinkedIn,Austin
EMP1296,Margaret Garcia,49,Female,Finance,Senior Accountant,Bachelor's,4,2022-03-18,,Active,95133,3,4,69,11,95,Referral,Chicago
EMP1297,Dorothy Gonzalez,39,Non-binary,Sales,Sales Director,MBA,5,2021-12-11,,Active,239779,5,2,25,0,80,LinkedIn,New York
EMP1298,Thomas Garcia,44,Male,Finance,Auditor,Master's,6,2021-03-16,,Active,100139,3,4,34,5,37,College Campus,San Francisco
EMP1299,David King,28,Female,Customer Service,Customer Support Agent,Bachelor's,1,2024-11-14,,Active,37288,4,3,19,6,48,College Campus,Atlanta
EMP1300,Charles Scott,42,Male,Sales,Account Manager,Bachelor's,4,2021-08-30,,Active,87816,2,4,4,6,71,Referral,San Francisco
EMP1301,Paul Davis,51,Male,Marketing,Brand Manager,Master's,4,2021-04-19,,Active,106400,3,3,0,0,127,Referral,Boston
EMP1302,Deborah Moore,40,Male,IT,Data Scientist,Master's,0,2023-05-08,2026-02-07,Left,83725,1,1,23,0,149,LinkedIn,Atlanta
EMP1303,Andrew Moore,41,Female,Sales,Account Manager,Bachelor's,7,2026-01-25,2026-06-07,Left,81408,3,4,17,8,108,Referral,Boston
EMP1304,James Jackson,28,Male,Customer Service,Support Lead,Bachelor's,1,2024-09-05,,Active,65460,4,3,65,11,36,Indeed,Boston
EMP1305,Daniel Hill,39,Non-binary,Customer Service,Customer Success Manager,Master's,7,2022-02-20,,Active,108325,3,3,52,10,11,Indeed,Austin
EMP1306,Susan Jones,43,Male,Finance,Finance Manager,Master's,2,2023-07-05,,Active,174972,3,3,18,8,30,LinkedIn,New York
EMP1307,Susan Ramirez,29,Male,Customer Service,Customer Support Agent,Master's,0,2025-01-08,,Active,49175,4,4,16,4,40,Glassdoor,Austin
EMP1308,Elizabeth Johnson,44,Male,Sales,Sales Director,MBA,8,2023-12-19,2024-05-07,Left,179736,3,4,14,3,90,LinkedIn,Austin
EMP1309,Elizabeth Green,47,Male,Finance,Finance Manager,MBA,9,2023-12-15,2025-05-15,Left,192054,4,5,45,9,0,College Campus,New York
EMP1310,Steven Scott,44,Female,Customer Service,Support Lead,Bachelor's,11,2022-10-26,,Active,110790,5,2,34,0,45,LinkedIn,New York
EMP1311,Melissa Rivera,42,Male,IT,Software Engineer,Master's,8,2025-05-13,,Active,95259,1,3,41,11,45,Indeed,Atlanta
EMP1312,Daniel Flores,44,Female,Finance,Financial Analyst,Bachelor's,2,2024-12-24,,Active,101169,3,2,47,0,38,Indeed,Seattle
EMP1313,Kevin Roberts,29,Male,Operations,Operations Analyst,Master's,0,2022-10-22,,Active,77978,3,3,11,10,29,Glassdoor,San Francisco
EMP1314,Timothy Gonzalez,32,Male,Sales,Sales Director,Bachelor's,5,2020-05-10,2022-03-02,Left,149319,1,1,31,8,83,LinkedIn,Austin
EMP1315,Elizabeth Ramirez,30,Female,Finance,Senior Accountant,Master's,1,2021-05-22,2025-07-15,Left,93821,3,4,9,9,53,Indeed,New York
EMP1316,Carol Young,30,Male,Operations,Supply Chain Planner,Bachelor's,5,2025-03-31,,Active,99345,3,4,44,4,0,Indeed,Seattle
EMP1317,Kimberly Scott,38,Non-binary,Customer Service,Customer Success Manager,MBA,4,2025-08-27,,Active,93603,2,3,15,4,22,Glassdoor,Chicago
EMP1318,Carol Moore,41,Non-binary,Customer Service,Customer Support Agent,MBA,4,2020-03-10,,Active,70108,3,3,21,3,47,College Campus,San Francisco
EMP1319,Betty Brown,46,Non-binary,Finance,Finance Manager,PhD,3,2024-09-20,2025-03-18,Left,139575,4,2,57,12,0,College Campus,New York
EMP1320,Brian Wright,42,Male,Sales,Business Development Associate,Master's,4,2022-10-26,,Active,73735,3,3,7,3,0,Glassdoor,Austin
EMP1321,Robert Roberts,21,Non-binary,IT,QA Engineer,Bachelor's,0,2021-04-23,,Active,69161,5,3,36,7,43,LinkedIn,Austin
EMP1322,Jessica Young,33,Female,Sales,Business Development Associate,MBA,1,2023-06-13,,Active,54093,3,3,19,1,56,LinkedIn,Atlanta
EMP1323,David Hill,42,Female,Sales,Sales Representative,Bachelor's,2,2020-09-12,,Active,57631,1,4,31,2,28,Indeed,New York
EMP1324,Brian Adams,34,Male,IT,Software Engineer,Bachelor's,4,2020-04-11,,Active,82148,5,2,20,15,72,Indeed,Austin
EMP1325,Daniel Nelson,43,Non-binary,IT,Senior Developer,Master's,1,2020-11-06,,Active,131701,3,1,0,6,31,Executive Search,Chicago
EMP1326,David Sanchez,38,Male,Sales,Sales Representative,MBA,1,2022-06-24,,Active,61820,3,4,24,1,48,Referral,Chicago
EMP1327,Sandra Hill,27,Male,HR,HR Generalist,MBA,1,2021-11-26,,Active,67467,1,5,45,4,4,Referral,Austin
EMP1328,Donald Lewis,31,Non-binary,Marketing,Brand Manager,Bachelor's,2,2023-07-22,,Active,114788,3,3,22,0,152,Executive Search,Chicago
EMP1329,Susan Thomas,37,Female,Operations,Logistics Coordinator,Bachelor's,1,2020-07-01,,Active,61883,2,3,17,0,28,LinkedIn,New York
EMP1330,George Jones,41,Male,Finance,Finance Manager,Bachelor's,10,2026-02-10,,Active,147950,3,3,40,0,0,College Campus,Atlanta
EMP1331,Kimberly Campbell,50,Non-binary,Operations,Logistics Coordinator,Master's,6,2023-02-05,2024-05-02,Left,57173,3,2,37,7,0,LinkedIn,Austin
EMP1332,Barbara Young,31,Female,Sales,Sales Director,Bachelor's,1,2022-10-12,,Active,123457,4,4,34,0,0,Glassdoor,Austin
EMP1333,Brian Lopez,43,Non-binary,Customer Service,Customer Support Agent,Bachelor's,10,2020-10-16,,Active,58536,5,3,8,0,38,LinkedIn,Chicago
EMP1334,Steven Hill,39,Male,Finance,Senior Accountant,Bachelor's,10,2023-07-22,2026-05-02,Left,106281,1,1,29,9,50,Indeed,Boston
EMP1335,Nancy Smith,33,Female,Customer Service,Customer Success Manager,Bachelor's,2,2021-04-04,,Active,90336,3,2,34,6,134,Glassdoor,San Francisco
EMP1336,Betty King,41,Non-binary,Marketing,Digital Marketing Manager,PhD,9,2023-11-14,,Active,105512,3,5,16,5,39,LinkedIn,Austin
EMP1337,John Jackson,34,Female,Sales,Sales Representative,Bachelor's,4,2023-12-11,,Active,62259,3,5,0,8,73,LinkedIn,Austin
EMP1338,Joseph Lewis,47,Non-binary,Operations,Operations Analyst,Bachelor's,8,2025-09-07,,Active,94906,3,5,48,10,106,LinkedIn,Seattle
EMP1339,Joseph Lewis,31,Male,IT,QA Engineer,Bachelor's,3,2022-04-30,2026-03-09,Left,80490,4,3,7,1,0,College Campus,New York
EMP1340,Deborah Green,23,Non-binary,Customer Service,Customer Success Manager,Master's,0,2024-03-22,,Active,61677,3,5,46,0,0,Glassdoor,Boston
EMP1341,Jessica Harris,52,Male,Finance,Senior Accountant,Master's,5,2021-09-14,2025-12-13,Left,109798,3,1,40,3,77,LinkedIn,Atlanta
EMP1342,Michael Rodriguez,51,Male,Operations,Operations Manager,MBA,5,2025-09-18,,Active,156235,2,3,49,2,0,Indeed,San Francisco
EMP1343,Michael Carter,41,Female,Finance,Financial Analyst,MBA,4,2021-01-12,,Active,91490,1,4,24,7,41,LinkedIn,New York
EMP1344,Barbara Davis,33,Female,Finance,Financial Analyst,Master's,3,2024-07-18,,Active,93072,2,3,26,7,41,Glassdoor,Atlanta
EMP1345,Daniel Garcia,43,Male,Sales,Account Manager,Bachelor's,6,2026-03-03,,Active,84569,5,2,41,1,0,Referral,Atlanta
EMP1346,Robert Hernandez,38,Male,HR,Talent Acquisition Specialist,Bachelor's,3,2022-12-27,,Active,76938,4,2,19,12,67,Referral,Austin
EMP1347,Deborah Sanchez,32,Non-binary,HR,Benefits Specialist,Bachelor's,2,2026-05-12,,Active,93437,5,4,71,12,61,Glassdoor,Seattle
EMP1348,Kimberly Roberts,29,Female,Finance,Finance Manager,Bachelor's,1,2020-04-23,,Active,120575,1,3,8,9,27,Indeed,San Francisco
EMP1349,Michelle Perez,41,Female,Customer Service,Customer Support Agent,Bachelor's,6,2023-12-10,,Active,60912,4,2,0,5,13,Indeed,Chicago
EMP1350,Emily Rodriguez,42,Male,Marketing,Brand Manager,Bachelor's,9,2025-06-05,,Active,139617,4,4,62,5,36,Referral,New York
EMP1351,Patricia Martin,50,Male,HR,HR Manager,Master's,10,2021-04-20,,Active,183533,4,3,42,6,27,Executive Search,Seattle
EMP1352,Robert Young,37,Female,Finance,Auditor,Bachelor's,6,2022-06-04,,Active,86576,4,4,28,5,38,Referral,New York
EMP1353,Joshua Miller,25,Non-binary,IT,System Administrator,Bachelor's,0,2022-09-15,,Active,88671,3,4,8,3,0,LinkedIn,Seattle
EMP1354,Patricia Moore,32,Male,Customer Service,Customer Success Manager,Bachelor's,3,2020-09-04,,Active,108831,3,4,44,2,0,Indeed,Seattle
EMP1355,Kimberly Nelson,45,Female,Sales,Sales Representative,Bachelor's,1,2020-10-15,2025-12-16,Left,55918,3,3,12,2,14,LinkedIn,Chicago
EMP1356,Michael Walker,37,Male,Customer Service,Support Lead,Bachelor's,11,2020-11-28,,Active,97572,3,3,41,5,68,Indeed,Austin
EMP1357,Nancy Hernandez,26,Male,Marketing,Marketing Specialist,Bachelor's,0,2024-01-01,,Active,48551,4,1,42,7,127,LinkedIn,Boston
EMP1358,Steven Thomas,27,Non-binary,IT,Data Scientist,PhD,0,2026-03-17,2026-06-26,Left,117794,3,4,31,0,0,Indeed,Chicago
EMP1359,Kevin Harris,37,Non-binary,Marketing,Brand Manager,Bachelor's,6,2023-06-10,,Active,110268,3,5,32,2,0,Indeed,Chicago
EMP1360,Linda Rivera,26,Non-binary,Operations,Supply Chain Planner,Bachelor's,1,2023-06-13,,Active,76381,4,3,35,2,33,Glassdoor,New York
EMP1361,Emily Davis,26,Non-binary,HR,Talent Acquisition Specialist,PhD,0,2021-12-18,,Active,49317,4,5,47,7,17,Glassdoor,Boston
EMP1362,Susan Moore,44,Male,Marketing,Marketing Specialist,PhD,1,2026-02-06,2026-07-03,Left,57082,4,2,21,0,40,Indeed,Boston
EMP1363,Elizabeth Campbell,42,Male,IT,System Administrator,Master's,3,2023-03-22,,Active,82287,5,3,88,5,0,Indeed,Chicago
EMP1364,Elizabeth Wilson,41,Non-binary,HR,Talent Acquisition Specialist,Bachelor's,3,2022-04-30,,Active,71702,3,3,38,5,29,Indeed,Austin
EMP1365,Melissa Robinson,44,Male,HR,Benefits Specialist,Master's,4,2021-03-13,,Active,86145,3,4,49,3,0,Referral,New York
EMP1366,Robert Nguyen,41,Non-binary,Finance,Senior Accountant,Bachelor's,5,2025-11-08,,Active,91899,4,4,20,8,32,College Campus,Austin
EMP1367,Joseph Lewis,23,Female,IT,Senior Developer,MBA,0,2023-04-09,,Active,136844,5,2,51,3,102,Indeed,Boston
EMP1368,Sarah Campbell,45,Male,Finance,Financial Analyst,Bachelor's,1,2025-08-07,2025-11-16,Left,89695,3,2,0,4,128,Indeed,Chicago
EMP1369,Charles Taylor,30,Male,Customer Service,Customer Success Manager,MBA,1,2025-03-21,,Active,91565,5,3,41,4,25,College Campus,Atlanta
EMP1370,James Martinez,30,Non-binary,Finance,Auditor,PhD,2,2020-01-05,,Active,71477,3,3,10,5,31,Glassdoor,Atlanta
EMP1371,Thomas Hall,32,Female,Marketing,Digital Marketing Manager,MBA,3,2025-09-12,2026-05-13,Left,113503,3,4,38,11,4,Indeed,Boston
EMP1372,Richard Thomas,41,Non-binary,Customer Service,Support Lead,Bachelor's,7,2026-06-15,,Active,83770,3,3,33,2,0,LinkedIn,Chicago
EMP1373,Brian Jones,22,Male,HR,Talent Acquisition Specialist,Bachelor's,0,2021-09-28,2026-07-29,Left,49437,3,3,30,10,0,Glassdoor,Austin
EMP1374,Amanda Rodriguez,28,Female,HR,Talent Acquisition Specialist,Bachelor's,3,2020-04-23,,Active,57313,5,3,0,13,73,Indeed,Chicago
EMP1375,Emily Lewis,38,Non-binary,IT,System Administrator,MBA,1,2021-01-04,,Active,104059,3,2,50,4,37,Indeed,San Francisco
EMP1376,John Walker,36,Male,Marketing,Digital Marketing Manager,Master's,5,2024-02-29,,Active,90499,3,3,29,2,139,Indeed,Boston
EMP1377,Steven Nguyen,31,Male,Marketing,Brand Manager,Bachelor's,2,2025-12-03,,Active,145786,3,3,25,0,45,Indeed,New York
EMP1378,Melissa Miller,46,Male,Marketing,Marketing Specialist,PhD,6,2021-08-21,,Active,70703,2,2,28,3,92,Glassdoor,Boston
EMP1379,Susan Gonzalez,35,Male,Sales,Sales Representative,Bachelor's,2,2021-12-01,,Active,59106,1,3,48,0,24,Glassdoor,Boston
EMP1380,Kenneth Carter,37,Female,Finance,Auditor,MBA,5,2020-07-15,,Active,116311,2,4,0,1,0,Indeed,San Francisco
EMP1381,Paul Lopez,25,Male,Sales,Sales Representative,Master's,0,2021-10-19,,Active,56452,3,1,53,6,57,Indeed,New York
EMP1382,Sarah Rivera,36,Male,Marketing,Brand Manager,Master's,0,2025-01-20,,Active,90315,3,3,25,6,44,College Campus,Austin
EMP1383,Mark Moore,38,Non-binary,Marketing,Digital Marketing Manager,Bachelor's,7,2021-09-01,,Active,97679,3,3,39,0,84,Indeed,Boston
EMP1384,Linda Hall,26,Non-binary,IT,Senior Developer,Bachelor's,0,2020-12-17,,Active,139966,3,3,17,0,49,Glassdoor,Boston
EMP1385,Patricia King,36,Male,HR,Talent Acquisition Specialist,Bachelor's,0,2024-04-28,,Active,62078,3,4,27,0,103,LinkedIn,San Francisco
EMP1386,Nancy King,38,Male,Finance,Finance Manager,Master's,2,2021-02-27,,Active,136050,1,4,45,3,68,Indeed,Chicago
EMP1387,Joseph Hall,40,Male,Marketing,Digital Marketing Manager,Master's,2,2020-08-09,,Active,112308,3,3,26,3,3,LinkedIn,Atlanta
EMP1388,David Baker,40,Female,Customer Service,Support Lead,Bachelor's,5,2020-02-05,,Active,76626,4,4,16,10,59,Glassdoor,New York
EMP1389,Mary Garcia,38,Non-binary,Customer Service,Customer Success Manager,Bachelor's,5,2024-12-25,,Active,121311,4,2,38,3,84,Indeed,Seattle
EMP1390,Paul Adams,41,Female,Customer Service,Customer Success Manager,Bachelor's,10,2020-03-21,,Active,111748,5,4,15,10,0,LinkedIn,Boston
EMP1391,Michelle Jackson,45,Non-binary,Finance,Senior Accountant,Master's,12,2021-04-04,,Active,162583,3,3,7,6,69,Indeed,New York
EMP1392,Elizabeth Lopez,29,Male,Finance,Financial Analyst,MBA,0,2023-12-27,,Active,70433,3,1,34,1,129,LinkedIn,Chicago
EMP1393,Kevin Taylor,54,Male,Sales,Sales Director,MBA,6,2020-10-02,,Active,164149,3,3,0,3,30,Indeed,Boston
EMP1394,Linda Thomas,29,Non-binary,Customer Service,Support Lead,Bachelor's,4,2022-09-26,2025-05-09,Left,66660,1,3,6,7,1,LinkedIn,Atlanta
EMP1395,George Williams,49,Female,IT,QA Engineer,Master's,8,2021-10-07,,Active,112739,3,2,48,8,169,Glassdoor,New York
EMP1396,Mary Roberts,37,Female,Operations,Logistics Coordinator,Master's,2,2020-07-07,,Active,63603,1,3,19,0,51,LinkedIn,San Francisco
EMP1397,Linda Scott,46,Non-binary,Operations,Operations Analyst,MBA,5,2026-03-28,,Active,84597,4,3,45,4,0,LinkedIn,Chicago
EMP1398,Jessica King,22,Female,Operations,Logistics Coordinator,Bachelor's,0,2023-05-26,,Active,47102,2,3,47,2,0,LinkedIn,Atlanta
EMP1399,Carol Jackson,46,Non-binary,Marketing,Brand Manager,Master's,6,2021-05-07,2026-01-03,Left,123382,5,2,72,10,56,Referral,Austin
EMP1400,Susan Miller,41,Female,Customer Service,Support Lead,Bachelor's,0,2020-05-06,,Active,81421,3,4,15,7,10,Executive Search,New York
EMP1401,Timothy White,37,Female,Customer Service,Customer Support Agent,Master's,1,2021-12-12,2023-09-29,Left,54089,3,4,0,0,0,Indeed,San Francisco
EMP1402,Mary Nelson,34,Non-binary,Sales,Sales Director,Bachelor's,0,2022-05-19,,Active,161910,3,4,44,5,43,College Campus,Austin
EMP1403,Deborah Anderson,50,Male,Finance,Senior Accountant,Master's,6,2024-04-05,,Active,115136,4,3,15,7,39,LinkedIn,Atlanta
EMP1404,Sandra Flores,33,Male,IT,System Administrator,MBA,0,2025-11-03,,Active,86865,5,3,36,0,91,LinkedIn,New York
EMP1405,Susan Carter,32,Male,HR,HR Manager,MBA,1,2026-01-11,,Active,104673,4,3,9,11,39,Referral,Atlanta
EMP1406,Michael Rivera,33,Male,Marketing,Content Writer,Master's,0,2024-08-18,2026-03-28,Left,44055,5,1,28,11,76,LinkedIn,Boston
EMP1407,Ashley Wilson,35,Male,Operations,Operations Manager,Bachelor's,1,2023-06-17,,Active,113839,4,4,51,6,13,College Campus,San Francisco
EMP1408,Timothy Allen,21,Non-binary,Finance,Auditor,Bachelor's,0,2024-04-04,,Active,87661,5,4,62,3,102,Glassdoor,New York
EMP1409,James Lopez,51,Male,IT,Software Engineer,Bachelor's,6,2022-11-05,,Active,84936,3,4,61,9,21,LinkedIn,Atlanta
EMP1410,Jessica Hall,44,Male,Sales,Business Development Associate,Bachelor's,12,2025-01-25,2026-07-22,Left,80355,4,1,31,6,135,Indeed,Chicago
EMP1411,Susan Sanchez,25,Non-binary,Customer Service,Support Lead,Bachelor's,0,2020-08-24,,Active,64872,2,3,28,9,0,LinkedIn,San Francisco
EMP1412,Charles Miller,23,Non-binary,HR,Talent Acquisition Specialist,Master's,0,2024-01-23,,Active,65363,1,3,20,3,48,LinkedIn,Austin
EMP1413,David Campbell,37,Male,HR,Talent Acquisition Specialist,Bachelor's,5,2023-11-03,,Active,83801,3,3,54,5,89,LinkedIn,New York
EMP1414,Brian Mitchell,31,Male,Finance,Senior Accountant,MBA,2,2023-06-19,2025-01-23,Left,94572,1,5,40,2,112,Indeed,Atlanta
EMP1415,Ashley Sanchez,30,Male,Customer Service,Customer Success Manager,Bachelor's,3,2025-11-25,,Active,107823,4,2,34,5,2,Indeed,New York
EMP1416,Richard Brown,36,Male,HR,HR Manager,Master's,6,2025-03-02,2026-04-20,Left,131529,4,2,24,0,0,LinkedIn,Austin
EMP1417,Christopher Mitchell,33,Male,HR,Talent Acquisition Specialist,Bachelor's,3,2023-01-10,,Active,66256,3,1,24,2,0,Indeed,Chicago
EMP1418,Ashley Green,51,Male,Sales,Account Manager,MBA,7,2024-06-17,2025-04-09,Left,85643,3,4,7,0,65,College Campus,Atlanta
EMP1419,James King,29,Non-binary,Customer Service,Customer Support Agent,PhD,1,2022-01-07,,Active,41484,3,3,25,3,57,Indeed,Chicago
EMP1420,Anthony Williams,48,Male,Operations,Operations Manager,Bachelor's,9,2020-06-14,2021-01-08,Left,126663,3,2,22,4,85,Glassdoor,Atlanta
EMP1421,Lisa Torres,29,Non-binary,IT,System Administrator,Master's,1,2021-07-18,,Active,81963,4,5,3,4,79,Indeed,Chicago
EMP1422,Betty Carter,36,Male,Marketing,Content Writer,Master's,3,2023-03-13,,Active,82272,3,5,41,2,38,Referral,Seattle
EMP1423,Melissa Campbell,48,Non-binary,Customer Service,Support Lead,Master's,7,2022-07-07,,Active,107377,4,2,0,10,50,Indeed,New York
EMP1424,Jessica Martinez,43,Non-binary,IT,System Administrator,Bachelor's,11,2022-08-19,,Active,137516,4,4,34,3,0,Referral,New York
EMP1425,Michael Lopez,44,Male,Customer Service,Customer Support Agent,MBA,7,2021-03-14,,Active,61168,3,4,39,5,0,Indeed,Chicago
EMP1426,Anthony Flores,36,Male,Marketing,Content Writer,Master's,4,2025-06-12,2026-01-29,Left,76909,4,2,22,2,0,Executive Search,San Francisco
EMP1427,Melissa Wilson,28,Male,Operations,Logistics Coordinator,Bachelor's,1,2021-11-15,,Active,67476,3,3,36,1,0,College Campus,Atlanta
EMP1428,William Nelson,32,Non-binary,Customer Service,Customer Support Agent,MBA,0,2022-06-03,,Active,60517,4,4,29,1,0,College Campus,Seattle
EMP1429,Elizabeth Hall,36,Male,Sales,Sales Director,Master's,2,2021-04-02,2023-09-06,Left,197093,4,3,2,11,0,Indeed,New York
EMP1430,Kimberly Harris,52,Male,Finance,Auditor,Master's,12,2021-11-04,,Active,84929,3,1,25,0,44,Indeed,Boston
EMP1431,Elizabeth Roberts,33,Non-binary,Marketing,Brand Manager,Bachelor's,6,2026-05-20,,Active,126573,4,3,22,7,42,Referral,Atlanta
EMP1432,Jessica Nguyen,23,Male,Finance,Finance Manager,Master's,0,2020-04-01,2026-02-04,Left,92658,2,5,54,8,0,Referral,Boston
EMP1433,Margaret Hill,31,Non-binary,Sales,Sales Representative,Bachelor's,2,2026-06-29,,Active,59165,3,3,36,8,29,LinkedIn,New York
EMP1434,Nancy Johnson,30,Non-binary,IT,QA Engineer,Bachelor's,1,2025-03-16,2026-01-20,Left,59107,2,3,4,0,0,Glassdoor,Atlanta
EMP1435,Sandra Clark,30,Male,Customer Service,Customer Success Manager,Master's,1,2024-12-14,2025-11-25,Left,69075,3,5,9,7,69,Glassdoor,Atlanta
EMP1436,Kenneth Moore,42,Male,Sales,Business Development Associate,Bachelor's,6,2022-05-24,,Active,80131,2,3,34,1,77,College Campus,Austin
EMP1437,Betty Carter,43,Non-binary,Operations,Logistics Coordinator,MBA,3,2022-12-06,,Active,55434,4,1,40,3,102,Glassdoor,Atlanta
EMP1438,Donald Harris,45,Non-binary,HR,HR Generalist,MBA,5,2020-03-11,2022-01-07,Left,80452,3,3,45,4,71,Indeed,Seattle
EMP1439,Richard Robinson,31,Male,HR,HR Manager,Bachelor's,3,2021-09-21,,Active,102168,5,3,38,0,96,LinkedIn,Chicago
EMP1440,Sandra Smith,46,Male,HR,HR Generalist,Bachelor's,10,2021-05-22,2025-12-02,Left,113323,2,2,27,5,26,Referral,New York
EMP1441,Christopher Rodriguez,35,Non-binary,Marketing,Brand Manager,Bachelor's,2,2021-08-14,2024-01-13,Left,94982,2,2,56,0,51,Glassdoor,Austin
EMP1442,Patricia Campbell,41,Non-binary,Customer Service,Customer Success Manager,PhD,1,2021-03-13,,Active,64027,3,4,34,6,44,LinkedIn,Chicago
EMP1443,Sarah Jackson,31,Female,HR,Benefits Specialist,PhD,1,2020-11-11,,Active,75654,3,3,10,1,31,College Campus,San Francisco
EMP1444,Ashley Nelson,35,Non-binary,HR,HR Generalist,Master's,4,2025-06-08,,Active,72921,3,3,15,5,22,Referral,New York
EMP1445,Michael Green,32,Male,Marketing,Content Writer,Bachelor's,0,2024-08-23,,Active,73450,4,4,18,10,32,Referral,San Francisco
EMP1446,Joseph Carter,35,Female,Customer Service,Customer Support Agent,Bachelor's,8,2024-08-02,,Active,79985,2,3,30,6,77,Indeed,Seattle
EMP1447,Anthony Johnson,44,Female,Marketing,Content Writer,Bachelor's,3,2024-03-11,,Active,45640,3,4,17,0,23,Glassdoor,Boston
EMP1448,Linda Robinson,21,Non-binary,IT,QA Engineer,Bachelor's,0,2022-01-03,,Active,89085,3,5,39,3,0,Referral,Seattle
EMP1449,Lisa Carter,50,Male,Marketing,Digital Marketing Manager,Bachelor's,7,2021-07-14,2025-01-16,Left,137923,3,2,33,2,0,Glassdoor,New York
EMP1450,Kevin White,32,Non-binary,Finance,Auditor,Bachelor's,0,2022-04-03,,Active,96878,2,3,21,7,0,LinkedIn,New York
EMP1451,Robert Torres,48,Male,Marketing,Content Writer,Bachelor's,6,2020-05-02,,Active,73741,3,3,36,6,66,Glassdoor,Austin
EMP1452,Joshua Wright,36,Non-binary,Marketing,Marketing Specialist,Bachelor's,4,2020-04-27,,Active,75627,4,4,26,7,0,College Campus,San Francisco
EMP1453,Kevin Wright,40,Male,Operations,Operations Manager,Bachelor's,2,2025-07-07,,Active,112457,4,2,19,7,1,LinkedIn,Atlanta
EMP1454,Kimberly Green,35,Non-binary,IT,System Administrator,Bachelor's,1,2025-04-29,,Active,77798,3,4,28,6,42,Referral,Chicago
EMP1455,Michelle Lewis,46,Non-binary,HR,Talent Acquisition Specialist,Bachelor's,9,2023-10-22,,Active,83178,3,4,8,0,71,Referral,Atlanta
EMP1456,Donna Lewis,30,Male,Customer Service,Customer Support Agent,Bachelor's,3,2026-02-13,,Active,40364,5,3,53,6,11,Indeed,Atlanta
EMP1457,Paul Martinez,38,Female,Marketing,Content Writer,MBA,2,2026-02-10,,Active,60796,4,4,59,0,0,LinkedIn,Atlanta
EMP1458,Ashley Mitchell,25,Male,Operations,Operations Manager,Bachelor's,1,2020-01-03,,Active,124140,3,3,48,0,95,Glassdoor,Boston
EMP1459,Brian Moore,36,Male,Operations,Operations Manager,MBA,1,2023-03-29,2026-04-08,Left,143739,3,4,26,3,25,Indeed,Seattle
EMP1460,David Moore,42,Male,HR,HR Manager,MBA,9,2022-04-13,,Active,177726,5,2,33,14,131,Indeed,Seattle
EMP1461,William Thompson,25,Male,Marketing,Brand Manager,MBA,0,2025-05-23,,Active,120202,4,5,23,0,0,Glassdoor,San Francisco
EMP1462,Joseph Gonzalez,42,Female,Marketing,Marketing Specialist,Master's,4,2021-05-25,,Active,71069,4,3,33,3,55,College Campus,Chicago
EMP1463,George Walker,21,Female,Finance,Auditor,Bachelor's,0,2021-06-17,,Active,92320,3,4,40,9,46,Referral,San Francisco
EMP1464,Joshua Baker,44,Non-binary,HR,HR Generalist,Bachelor's,1,2023-02-21,,Active,60131,5,3,46,3,27,Indeed,Atlanta
EMP1465,Kimberly Lee,21,Female,Finance,Auditor,Bachelor's,0,2022-06-11,,Active,96606,3,3,29,10,132,LinkedIn,Seattle
EMP1466,Carol Allen,41,Male,IT,Software Engineer,MBA,5,2024-02-13,2025-04-15,Left,101553,3,2,41,7,164,Referral,Austin
EMP1467,John Garcia,41,Female,HR,Benefits Specialist,MBA,8,2022-10-07,,Active,69814,2,4,0,4,87,Referral,Chicago
EMP1468,George Lopez,44,Male,HR,Benefits Specialist,Bachelor's,5,2020-10-29,2026-04-10,Left,80624,3,4,31,7,0,Referral,Austin
EMP1469,Elizabeth Hall,23,Female,Customer Service,Customer Support Agent,MBA,0,2020-09-27,,Active,47611,3,1,20,3,116,Indeed,Chicago
EMP1470,Brian Nguyen,50,Male,Marketing,Marketing Specialist,Master's,4,2026-06-12,,Active,60683,3,3,27,7,27,LinkedIn,Atlanta
EMP1471,Kimberly Roberts,29,Non-binary,HR,Talent Acquisition Specialist,Bachelor's,1,2023-08-23,,Active,68915,5,4,5,0,40,Referral,Chicago
EMP1472,Timothy Lewis,34,Female,Finance,Finance Manager,Master's,1,2021-03-05,,Active,131277,3,3,48,4,111,LinkedIn,Seattle
EMP1473,Sarah Wright,38,Non-binary,Operations,Supply Chain Planner,Master's,5,2026-01-23,,Active,78477,3,4,37,5,17,Indeed,Chicago
EMP1474,Linda Garcia,41,Non-binary,Sales,Sales Director,MBA,8,2020-01-20,,Active,196219,1,5,30,7,75,Referral,New York
EMP1475,Emily Adams,35,Male,IT,Senior Developer,MBA,1,2020-12-25,2024-01-15,Left,191250,4,4,11,0,34,LinkedIn,San Francisco
EMP1476,John King,40,Female,Operations,Supply Chain Planner,Bachelor's,4,2021-07-19,,Active,91856,3,3,59,0,122,LinkedIn,Atlanta
EMP1477,Matthew Harris,34,Non-binary,Operations,Supply Chain Planner,Master's,1,2025-11-14,,Active,92781,3,5,34,4,42,Indeed,San Francisco
EMP1478,George Jackson,37,Female,HR,HR Generalist,Master's,2,2024-05-20,,Active,76952,4,5,31,0,0,College Campus,San Francisco
EMP1479,Dorothy Wilson,41,Male,HR,HR Generalist,MBA,0,2021-08-14,,Active,49381,2,4,11,3,0,Glassdoor,Boston
EMP1480,James Green,33,Non-binary,IT,Software Engineer,Bachelor's,0,2020-01-26,,Active,89192,3,4,45,4,55,Indeed,Austin
EMP1481,Amanda Scott,33,Male,IT,Data Scientist,Bachelor's,3,2023-06-09,,Active,155274,2,3,38,4,53,Indeed,San Francisco
EMP1482,Donald Robinson,39,Female,Operations,Operations Manager,Bachelor's,6,2024-02-12,2024-11-19,Left,126985,2,2,5,6,57,Indeed,Atlanta
EMP1483,Jennifer Allen,46,Non-binary,Customer Service,Customer Success Manager,MBA,1,2023-04-03,,Active,77856,3,4,3,6,59,Glassdoor,Boston
EMP1484,Barbara Rivera,49,Non-binary,IT,QA Engineer,Bachelor's,3,2023-11-21,,Active,79903,3,5,32,4,5,Referral,San Francisco
EMP1485,Michelle Nguyen,50,Non-binary,Customer Service,Customer Support Agent,PhD,9,2021-06-20,2025-02-18,Left,51650,5,2,40,10,63,College Campus,Chicago
EMP1486,Michael Campbell,25,Male,Finance,Financial Analyst,Bachelor's,1,2022-01-04,,Active,70652,2,2,25,6,139,College Campus,Boston
EMP1487,Brian Thomas,29,Female,Customer Service,Customer Success Manager,Master's,1,2024-09-23,,Active,91639,4,5,69,1,106,LinkedIn,San Francisco
EMP1488,Melissa Mitchell,30,Female,HR,Talent Acquisition Specialist,MBA,1,2022-06-19,,Active,79144,1,3,47,9,16,LinkedIn,Seattle
EMP1489,Deborah Young,34,Non-binary,Operations,Operations Analyst,Master's,2,2025-02-18,,Active,87265,4,4,1,0,0,Indeed,San Francisco
EMP1490,Mark Jones,35,Male,Finance,Senior Accountant,Bachelor's,4,2023-12-26,,Active,103850,5,4,24,7,79,Glassdoor,Boston
EMP1491,Christopher Rodriguez,24,Non-binary,Marketing,Digital Marketing Manager,Master's,0,2020-03-28,,Active,105975,4,4,16,1,90,LinkedIn,San Francisco
EMP1492,George Campbell,38,Female,Marketing,Digital Marketing Manager,MBA,3,2020-05-18,,Active,108453,3,3,8,2,32,Glassdoor,San Francisco
EMP1493,Dorothy Allen,40,Female,Marketing,Content Writer,Master's,5,2025-11-24,,Active,56280,4,4,60,3,21,Indeed,Chicago
EMP1494,Jessica Green,31,Male,IT,Software Engineer,Master's,0,2022-05-14,2024-12-18,Left,81960,3,5,46,3,41,Indeed,San Francisco
EMP1495,Christopher Davis,38,Non-binary,Finance,Senior Accountant,Bachelor's,6,2024-11-07,,Active,145472,4,4,22,0,52,LinkedIn,San Francisco
EMP1496,David Roberts,23,Non-binary,Marketing,Brand Manager,MBA,0,2020-10-14,,Active,81574,3,3,36,3,23,Glassdoor,Boston
EMP1497,Patricia Flores,23,Male,IT,Data Scientist,MBA,0,2020-09-13,,Active,110808,3,2,30,6,17,LinkedIn,Austin
EMP1498,Betty Brown,36,Male,Operations,Logistics Coordinator,Master's,1,2021-05-04,,Active,67328,4,2,46,3,0,Glassdoor,New York
EMP1499,Timothy Nelson,45,Female,IT,Data Scientist,Bachelor's,1,2025-09-23,2026-01-31,Left,167558,2,2,42,14,0,Indeed,Seattle
EMP1500,Linda Flores,54,Male,Sales,Account Manager,Master's,10,2025-08-17,,Active,99731,3,4,0,2,14,Indeed,Boston
EMP1501,Melissa Campbell,65,Non-binary,Finance,Senior Accountant,Bachelor's,10,2022-11-13,,Active,115445,1,2,26,0,4,LinkedIn,Austin
EMP1502,Karen Roberts,32,Non-binary,HR,HR Manager,Master's,4,2020-10-06,,Active,125545,4,3,5,0,74,Glassdoor,San Francisco
EMP1503,Nancy Smith,37,Male,Finance,Senior Accountant,Master's,4,2022-06-09,2026-03-16,Left,129833,1,4,7,0,0,Referral,San Francisco
EMP1504,Daniel Campbell,31,Female,Customer Service,Customer Support Agent,Bachelor's,4,2026-04-05,,Active,68379,4,3,55,5,0,LinkedIn,Seattle
EMP1505,Daniel Rodriguez,48,Non-binary,Marketing,Content Writer,Master's,7,2020-10-28,2024-01-17,Left,64894,3,2,38,7,29,LinkedIn,Seattle
EMP1506,Christopher Wright,42,Non-binary,Finance,Senior Accountant,Bachelor's,11,2022-03-16,2026-06-20,Left,127594,4,5,51,9,116,Referral,San Francisco
EMP1507,Margaret Davis,46,Male,HR,Benefits Specialist,Bachelor's,4,2024-03-17,,Active,98990,2,3,45,3,12,Glassdoor,San Francisco
EMP1508,Jennifer Ramirez,44,Non-binary,Marketing,Marketing Specialist,Bachelor's,10,2021-02-07,,Active,77667,3,2,36,1,50,Glassdoor,Austin
EMP1509,Christopher Taylor,39,Female,HR,HR Generalist,PhD,3,2020-04-10,,Active,76094,2,3,0,2,120,Glassdoor,San Francisco
EMP1510,Ashley Torres,45,Female,Operations,Supply Chain Planner,MBA,8,2022-08-15,,Active,90904,3,3,52,2,79,Indeed,Chicago
EMP1511,Lisa Jackson,39,Female,HR,Talent Acquisition Specialist,Bachelor's,10,2020-11-26,2021-06-11,Left,89199,4,2,11,10,52,Indeed,Chicago
EMP1512,Patricia Roberts,48,Non-binary,Customer Service,Customer Success Manager,Bachelor's,9,2021-10-05,,Active,104157,5,2,40,6,74,Referral,New York
EMP1513,Mark Sanchez,40,Male,IT,QA Engineer,Bachelor's,1,2024-05-23,,Active,89553,2,1,62,0,46,LinkedIn,San Francisco
EMP1514,Mark Miller,46,Female,IT,Software Engineer,Bachelor's,7,2020-07-07,,Active,112739,3,3,16,7,63,LinkedIn,Chicago
EMP1515,Patricia Robinson,45,Male,Finance,Financial Analyst,Master's,4,2022-06-12,,Active,122728,3,3,15,9,26,LinkedIn,New York
EMP1516,Barbara Davis,35,Female,IT,Software Engineer,Master's,3,2021-07-18,,Active,88767,4,3,11,2,13,Glassdoor,Atlanta
EMP1517,Margaret Hill,34,Non-binary,IT,Senior Developer,Bachelor's,1,2020-01-17,,Active,184316,5,4,47,5,25,Referral,New York
EMP1518,Betty Hernandez,23,Non-binary,Sales,Sales Director,MBA,0,2023-05-07,2024-07-14,Left,173337,2,3,39,0,9,Indeed,Seattle
EMP1519,Brian Walker,27,Male,IT,System Administrator,Bachelor's,1,2023-08-15,2024-01-27,Left,76535,5,2,15,0,0,Glassdoor,Austin
EMP1520,Patricia Lewis,42,Male,Operations,Supply Chain Planner,Master's,3,2020-04-26,,Active,88573,3,1,55,3,80,Indeed,New York
EMP1521,Robert Rivera,40,Non-binary,Operations,Operations Manager,Master's,2,2022-09-05,,Active,92013,5,3,32,5,0,LinkedIn,Atlanta
EMP1522,Thomas Flores,24,Male,IT,Data Scientist,Master's,0,2025-01-31,,Active,122374,5,4,33,8,76,Indeed,Chicago
EMP1523,Kenneth Anderson,36,Female,HR,Benefits Specialist,Master's,3,2025-10-29,,Active,72111,3,2,0,11,0,Glassdoor,Atlanta
EMP1524,Anthony Harris,41,Male,HR,Talent Acquisition Specialist,PhD,5,2020-06-01,,Active,68871,3,3,49,5,21,LinkedIn,Austin
EMP1525,Margaret Lopez,50,Female,Operations,Operations Manager,Bachelor's,8,2020-12-19,,Active,161375,3,5,16,0,43,LinkedIn,Atlanta
EMP1526,David Ramirez,50,Female,Operations,Logistics Coordinator,MBA,13,2023-12-22,,Active,98843,3,1,17,11,80,College Campus,New York
EMP1527,Jennifer Clark,37,Male,HR,HR Generalist,Bachelor's,2,2020-10-22,,Active,57783,5,4,0,4,88,Indeed,Boston
EMP1528,Jessica White,23,Male,Customer Service,Customer Success Manager,Master's,0,2025-01-24,,Active,76808,5,3,22,5,0,Indeed,Atlanta
EMP1529,Jennifer Lewis,27,Male,Operations,Operations Manager,PhD,0,2020-04-04,,Active,118306,4,4,40,9,0,Executive Search,Boston
EMP1530,Karen Wright,47,Female,Customer Service,Customer Support Agent,Bachelor's,15,2023-01-11,,Active,79072,4,3,6,7,6,LinkedIn,Austin
EMP1531,Lisa Lewis,30,Non-binary,Marketing,Digital Marketing Manager,MBA,0,2022-03-17,,Active,95853,3,3,30,9,11,LinkedIn,New York
EMP1532,Richard Harris,38,Male,Finance,Auditor,Master's,7,2025-09-06,,Active,121971,2,2,30,0,32,College Campus,New York
EMP1533,Sarah Hernandez,47,Non-binary,Sales,Account Manager,Master's,5,2026-05-25,,Active,100555,5,3,52,5,0,Glassdoor,Austin
EMP1534,Kenneth Brown,45,Non-binary,Marketing,Brand Manager,Bachelor's,7,2022-03-14,2025-12-30,Left,140363,2,5,0,3,0,Indeed,San Francisco
EMP1535,Ashley Scott,25,Male,HR,Benefits Specialist,Master's,0,2024-09-30,,Active,68127,4,2,37,6,49,Indeed,Chicago
EMP1536,Emily Nelson,24,Female,Sales,Account Manager,Master's,0,2020-05-20,,Active,80971,5,4,32,0,66,Glassdoor,Chicago
EMP1537,Matthew Harris,36,Non-binary,Operations,Operations Manager,Master's,2,2020-03-20,,Active,122185,3,3,0,6,0,LinkedIn,Atlanta
EMP1538,Kimberly Perez,39,Male,HR,Talent Acquisition Specialist,Bachelor's,2,2026-06-19,,Active,72365,3,3,54,2,116,LinkedIn,Chicago
EMP1539,Steven Torres,37,Male,Customer Service,Customer Support Agent,PhD,4,2023-05-28,,Active,50760,3,2,44,4,193,Glassdoor,Chicago
EMP1540,Thomas Sanchez,35,Male,Customer Service,Customer Success Manager,Bachelor's,0,2024-11-23,2025-03-21,Left,79724,1,2,39,7,45,Referral,Austin
EMP1541,Linda Nguyen,48,Male,Operations,Logistics Coordinator,MBA,4,2025-06-11,,Active,74994,5,4,17,4,27,College Campus,Chicago
EMP1542,Joseph Wilson,21,Male,Sales,Sales Representative,Bachelor's,0,2022-02-11,2025-02-08,Left,46113,3,1,43,11,14,Indeed,Chicago
EMP1543,Mary Hernandez,23,Non-binary,Finance,Finance Manager,Bachelor's,0,2022-03-25,2023-03-20,Left,99479,2,2,18,10,55,LinkedIn,Austin
EMP1544,Charles Moore,21,Non-binary,Marketing,Content Writer,Bachelor's,0,2023-12-31,,Active,42070,3,4,18,5,38,College Campus,Austin
EMP1545,William Hall,24,Non-binary,Marketing,Marketing Specialist,Bachelor's,1,2026-03-16,2026-07-07,Left,68357,4,2,61,3,83,Referral,Atlanta
EMP1546,Mark Moore,42,Male,Customer Service,Customer Support Agent,Bachelor's,11,2022-10-11,,Active,69678,5,3,54,7,62,Glassdoor,Seattle
EMP1547,Margaret Flores,26,Non-binary,Marketing,Digital Marketing Manager,Master's,1,2025-12-03,,Active,104977,3,3,17,2,119,College Campus,Boston
EMP1548,Brian Garcia,40,Female,Marketing,Brand Manager,Bachelor's,0,2020-12-09,2025-03-03,Left,83230,2,2,32,12,35,Indeed,Chicago
EMP1549,Jessica Hall,42,Female,Operations,Operations Analyst,MBA,2,2020-08-06,,Active,58012,3,3,3,9,50,Glassdoor,Chicago
EMP1550,Paul Carter,23,Non-binary,Customer Service,Support Lead,Master's,0,2022-09-03,2025-04-20,Left,79753,5,3,0,2,76,Glassdoor,San Francisco
EMP1551,Christopher White,34,Female,Sales,Business Development Associate,Master's,3,2020-03-17,2024-11-19,Left,65254,3,3,7,4,84,LinkedIn,New York
EMP1552,Thomas Lopez,36,Non-binary,Sales,Business Development Associate,Bachelor's,3,2026-04-19,,Active,60454,3,4,7,6,9,Indeed,Boston
EMP1553,Margaret Taylor,43,Female,Customer Service,Support Lead,Bachelor's,4,2023-02-05,2025-03-06,Left,74100,3,3,9,4,21,Indeed,Chicago
EMP1554,Deborah Lee,39,Female,HR,HR Generalist,PhD,6,2022-01-23,,Active,61115,3,5,18,5,10,Referral,Austin
EMP1555,Kenneth Lopez,34,Male,Finance,Finance Manager,Master's,6,2023-05-16,,Active,150511,3,3,35,3,23,LinkedIn,New York
EMP1556,Brian Baker,27,Male,Customer Service,Customer Support Agent,Bachelor's,0,2021-04-17,,Active,47331,5,4,0,0,117,Referral,New York
EMP1557,Brian Nelson,36,Female,Sales,Account Manager,Bachelor's,7,2025-03-20,2025-08-04,Left,112566,2,1,64,5,93,LinkedIn,Seattle
EMP1558,Lisa Allen,23,Male,Finance,Auditor,MBA,0,2026-06-20,,Active,69000,3,5,57,8,65,LinkedIn,New York
EMP1559,Donald Rivera,54,Female,Marketing,Digital Marketing Manager,Bachelor's,10,2021-06-21,,Active,140325,4,3,52,0,81,Indeed,San Francisco
EMP1560,Sarah Lewis,36,Male,Operations,Supply Chain Planner,Bachelor's,3,2021-05-24,2022-12-17,Left,89069,4,3,63,2,0,LinkedIn,Seattle
EMP1561,Susan King,45,Male,Operations,Supply Chain Planner,Bachelor's,8,2023-08-29,,Active,82460,3,3,30,13,7,Indeed,Chicago
EMP1562,Sandra Scott,42,Male,Customer Service,Customer Success Manager,Bachelor's,2,2022-04-02,,Active,97299,3,5,0,3,0,LinkedIn,San Francisco
EMP1563,Timothy Anderson,29,Non-binary,Finance,Finance Manager,Master's,1,2020-05-26,,Active,139861,5,1,51,1,0,LinkedIn,Seattle
EMP1564,Michelle Robinson,37,Female,HR,Talent Acquisition Specialist,Bachelor's,4,2020-12-12,,Active,73243,3,2,60,5,0,College Campus,Seattle
EMP1565,Deborah Wright,40,Female,Operations,Supply Chain Planner,Master's,0,2026-03-28,,Active,75342,2,4,13,1,42,Indeed,Boston
EMP1566,Jessica Nelson,31,Male,Operations,Logistics Coordinator,Bachelor's,0,2020-04-05,,Active,50561,4,2,24,0,73,Indeed,Austin
EMP1567,Donald Thompson,23,Male,Operations,Operations Analyst,Master's,0,2025-02-28,,Active,65255,5,5,47,5,58,Referral,Seattle
EMP1568,Kenneth Gonzalez,59,Non-binary,Marketing,Digital Marketing Manager,Bachelor's,20,2021-03-25,,Active,194340,4,3,11,3,22,LinkedIn,Chicago
EMP1569,James Williams,41,Female,Customer Service,Customer Success Manager,MBA,2,2026-04-19,2026-08-06,Left,109062,2,2,0,9,35,College Campus,Seattle
EMP1570,Steven Jones,34,Female,Finance,Senior Accountant,MBA,4,2022-03-01,,Active,90858,5,4,21,3,169,LinkedIn,Chicago
EMP1571,Susan Wright,31,Non-binary,Operations,Operations Analyst,MBA,4,2025-04-08,2026-02-11,Left,80911,4,2,34,7,43,Indeed,Austin
EMP1572,Michelle Hill,31,Male,Marketing,Content Writer,Bachelor's,2,2025-08-15,,Active,61336,4,3,78,0,98,Indeed,Atlanta
EMP1573,Margaret Nguyen,24,Non-binary,Customer Service,Customer Support Agent,Master's,0,2025-02-03,,Active,57892,5,1,15,10,69,LinkedIn,Seattle
EMP1574,Donald Miller,34,Male,Sales,Account Manager,Bachelor's,0,2021-12-23,,Active,72348,2,1,46,4,107,Glassdoor,Chicago
EMP1575,Matthew Rivera,52,Non-binary,Finance,Senior Accountant,Bachelor's,8,2025-07-08,2026-07-11,Left,145600,3,2,20,9,69,Indeed,San Francisco
EMP1576,Elizabeth Davis,46,Male,Operations,Supply Chain Planner,PhD,8,2021-05-03,,Active,111937,4,5,61,0,47,Executive Search,New York
EMP1577,Patricia Rivera,36,Non-binary,HR,Talent Acquisition Specialist,Master's,2,2020-05-19,,Active,70158,1,4,33,7,0,LinkedIn,San Francisco
EMP1578,Robert Hall,40,Male,Sales,Business Development Associate,Master's,2,2020-05-20,,Active,52655,3,5,46,7,0,Glassdoor,Austin
EMP1579,Carol Walker,39,Non-binary,IT,Software Engineer,Master's,1,2022-07-06,2025-10-04,Left,70448,3,2,44,11,39,LinkedIn,Atlanta
EMP1580,Kimberly Jackson,48,Male,Operations,Logistics Coordinator,MBA,7,2025-01-05,,Active,61166,2,3,61,1,0,Indeed,Boston
EMP1581,Michelle Rodriguez,44,Non-binary,Finance,Auditor,Bachelor's,12,2022-09-09,,Active,137436,4,4,23,4,57,LinkedIn,Seattle
EMP1582,Sandra Carter,42,Male,HR,HR Generalist,Bachelor's,5,2022-10-20,2023-01-18,Left,64968,3,5,11,0,110,Indeed,Chicago
EMP1583,John Ramirez,35,Non-binary,Operations,Supply Chain Planner,Bachelor's,8,2020-10-12,,Active,84219,5,1,70,4,20,Indeed,Austin
EMP1584,Amanda Garcia,38,Male,HR,HR Manager,Master's,2,2024-08-09,,Active,147548,3,4,44,3,66,Referral,New York
EMP1585,Deborah Flores,38,Female,Marketing,Marketing Specialist,Bachelor's,6,2026-06-19,,Active,82342,3,2,23,6,0,LinkedIn,Chicago
EMP1586,Paul Campbell,45,Female,Marketing,Content Writer,Master's,8,2025-02-28,,Active,86999,1,3,36,12,0,LinkedIn,San Francisco
EMP1587,Dorothy Green,27,Non-binary,Sales,Business Development Associate,Master's,0,2020-08-13,2024-08-21,Left,81413,3,3,7,0,0,Indeed,Seattle
EMP1588,Andrew Robinson,40,Male,IT,Data Scientist,MBA,6,2020-03-10,,Active,136849,2,5,8,3,0,College Campus,San Francisco
EMP1589,Sandra Green,23,Female,Marketing,Digital Marketing Manager,Master's,0,2022-07-29,,Active,75962,3,5,44,5,74,LinkedIn,Austin
EMP1590,Lisa Rodriguez,31,Non-binary,Customer Service,Support Lead,MBA,1,2024-05-05,,Active,63436,5,3,43,11,0,Indeed,Chicago
EMP1591,Jennifer Nelson,30,Non-binary,Sales,Sales Director,Master's,1,2021-07-28,,Active,155438,2,4,19,0,0,Glassdoor,Austin
EMP1592,Elizabeth Moore,21,Non-binary,Operations,Supply Chain Planner,Bachelor's,0,2022-04-07,2024-12-05,Left,86597,2,2,36,5,0,College Campus,San Francisco
EMP1593,Mark Brown,36,Male,Finance,Finance Manager,MBA,1,2020-11-22,,Active,102588,3,4,11,0,49,LinkedIn,Chicago
EMP1594,Christopher Ramirez,41,Male,HR,HR Generalist,Master's,5,2021-03-15,2026-04-03,Left,95908,4,2,33,2,76,Indeed,Seattle
EMP1595,George Brown,29,Male,Sales,Account Manager,Bachelor's,1,2022-11-29,,Active,93018,5,3,39,0,43,Indeed,Boston
EMP1596,Sarah Walker,50,Male,Marketing,Digital Marketing Manager,PhD,8,2026-02-18,,Active,127382,3,4,8,10,55,LinkedIn,Atlanta
EMP1597,Dorothy Lopez,24,Non-binary,Finance,Auditor,Bachelor's,1,2021-02-27,,Active,75337,2,5,28,3,0,College Campus,San Francisco
EMP1598,James Walker,37,Female,Customer Service,Support Lead,Bachelor's,4,2020-10-11,2024-11-20,Left,60242,3,2,56,2,64,LinkedIn,Atlanta
EMP1599,Kevin Garcia,24,Male,Sales,Sales Representative,Bachelor's,0,2026-04-30,,Active,41429,5,4,28,1,50,Referral,Boston
EMP1600,William Gonzalez,35,Non-binary,Sales,Sales Representative,Bachelor's,2,2025-01-18,2026-08-09,Left,73029,1,3,48,7,99,College Campus,Seattle
EMP1601,Steven Torres,51,Male,Marketing,Brand Manager,Master's,16,2021-12-06,,Active,162694,2,4,24,6,52,Indeed,Boston
EMP1602,Kimberly Torres,45,Non-binary,Customer Service,Support Lead,Bachelor's,4,2025-01-23,,Active,62998,5,3,53,8,127,Referral,Chicago
EMP1603,Jennifer Flores,25,Non-binary,Marketing,Digital Marketing Manager,Master's,0,2022-08-23,,Active,88250,2,4,18,9,109,College Campus,Austin
EMP1604,John Taylor,23,Male,HR,HR Manager,Bachelor's,0,2021-11-20,,Active,133036,2,4,33,0,0,College Campus,Seattle
EMP1605,Lisa Lewis,35,Non-binary,Customer Service,Customer Support Agent,Bachelor's,1,2021-04-15,,Active,51247,2,4,5,6,49,Referral,Chicago
EMP1606,John Mitchell,55,Female,HR,Talent Acquisition Specialist,Bachelor's,10,2022-07-19,,Active,78730,3,5,17,3,17,Indeed,Boston
EMP1607,Joseph Harris,32,Female,Customer Service,Customer Success Manager,MBA,0,2023-06-15,2025-07-04,Left,87202,3,5,55,8,29,LinkedIn,Seattle
EMP1608,Amanda Brown,33,Female,Sales,Sales Director,Bachelor's,1,2023-02-05,,Active,119855,2,5,28,5,73,Indeed,Chicago
EMP1609,Joshua Williams,48,Male,Finance,Finance Manager,Master's,6,2024-03-12,,Active,143816,4,3,67,7,7,LinkedIn,New York
EMP1610,Joseph Miller,51,Male,IT,QA Engineer,PhD,6,2023-04-20,,Active,111026,5,2,38,12,22,LinkedIn,Seattle
EMP1611,Amanda Lewis,47,Female,IT,Senior Developer,Master's,6,2020-03-14,,Active,227135,3,2,35,8,126,College Campus,San Francisco
EMP1612,Brian Garcia,26,Female,IT,Software Engineer,Master's,0,2021-07-20,,Active,69431,3,4,48,11,27,Referral,Boston
EMP1613,James Hernandez,35,Male,Customer Service,Customer Success Manager,MBA,2,2022-09-19,2026-08-14,Left,84491,3,2,45,7,15,Glassdoor,New York
EMP1614,Michelle Baker,30,Female,Finance,Auditor,Master's,3,2022-11-21,,Active,84266,3,1,29,1,0,College Campus,Boston
EMP1615,Amanda Gonzalez,28,Female,Sales,Sales Representative,MBA,3,2026-04-27,,Active,70794,3,3,32,3,44,LinkedIn,Chicago
EMP1616,Patricia Smith,31,Male,Finance,Senior Accountant,PhD,0,2020-02-07,2021-05-04,Left,93637,4,2,45,8,10,LinkedIn,Chicago
EMP1617,Susan Ramirez,38,Male,Marketing,Brand Manager,Bachelor's,8,2024-08-13,,Active,139786,3,3,23,8,79,LinkedIn,New York
EMP1618,Nancy Flores,33,Non-binary,HR,HR Manager,Master's,1,2023-03-07,,Active,99804,3,4,47,5,98,LinkedIn,Chicago
EMP1619,Patricia Clark,50,Male,Marketing,Marketing Specialist,PhD,1,2023-05-20,,Active,50574,5,3,32,0,0,College Campus,Boston
EMP1620,Paul Harris,32,Male,Sales,Sales Director,Master's,1,2025-11-30,,Active,209307,5,4,17,10,5,Indeed,New York
EMP1621,Amanda Wilson,50,Male,Marketing,Brand Manager,Master's,8,2025-12-11,2026-08-18,Left,155864,3,5,32,1,74,LinkedIn,Chicago
EMP1622,Matthew Carter,23,Female,HR,HR Manager,MBA,0,2021-11-08,,Active,80527,3,2,39,0,0,LinkedIn,Chicago
EMP1623,Christopher Taylor,39,Female,Sales,Account Manager,Bachelor's,1,2023-11-28,2026-07-04,Left,66003,3,3,19,2,37,LinkedIn,Chicago
EMP1624,Deborah Martinez,45,Non-binary,HR,HR Manager,Bachelor's,9,2020-08-04,,Active,117289,4,1,38,3,11,Indeed,Chicago
EMP1625,Carol Williams,21,Female,IT,Data Scientist,Bachelor's,0,2024-05-04,2026-02-20,Left,107132,1,3,26,0,5,College Campus,Atlanta
EMP1626,Mark Anderson,34,Female,Marketing,Marketing Specialist,Master's,3,2022-11-05,,Active,78654,5,5,62,8,0,Indeed,Chicago
EMP1627,Kimberly Wright,26,Non-binary,Customer Service,Customer Success Manager,Bachelor's,0,2020-09-29,2024-04-09,Left,82621,4,3,21,4,0,Referral,Seattle
EMP1628,Joseph Thomas,40,Male,Customer Service,Customer Support Agent,Bachelor's,5,2025-11-26,2026-07-24,Left,52707,3,2,40,0,39,Indeed,Seattle
EMP1629,Mary Hall,23,Female,IT,QA Engineer,Master's,0,2022-12-05,2023-11-24,Left,72470,3,5,32,3,19,Referral,New York
EMP1630,Brian Hernandez,31,Female,Customer Service,Customer Success Manager,Bachelor's,0,2021-06-15,2026-06-28,Left,81635,5,1,13,6,55,Indeed,Boston
EMP1631,George Smith,38,Female,Marketing,Marketing Specialist,Master's,3,2020-12-14,,Active,57665,3,3,21,3,48,Indeed,Austin
EMP1632,George Nguyen,23,Male,Marketing,Content Writer,MBA,0,2021-06-04,2022-01-06,Left,55415,2,4,33,4,75,Indeed,Boston
EMP1633,Jessica Walker,45,Female,Customer Service,Customer Success Manager,Master's,4,2021-11-01,2026-01-29,Left,102215,5,1,19,7,119,Glassdoor,Atlanta
EMP1634,Steven Moore,40,Male,Finance,Financial Analyst,Bachelor's,2,2024-05-15,2024-11-29,Left,66035,4,2,45,6,30,Indeed,Boston
EMP1635,Susan Flores,32,Non-binary,HR,Talent Acquisition Specialist,Bachelor's,2,2021-04-28,,Active,94105,2,1,38,5,42,LinkedIn,San Francisco
EMP1636,Susan Campbell,22,Non-binary,Operations,Operations Analyst,Bachelor's,0,2023-01-23,,Active,79762,4,3,0,12,0,Glassdoor,New York
EMP1637,Kenneth Mitchell,37,Non-binary,IT,Senior Developer,Bachelor's,6,2026-01-28,,Active,190887,3,4,53,0,48,LinkedIn,New York
EMP1638,Daniel Rodriguez,37,Female,IT,Senior Developer,Master's,0,2020-05-08,,Active,117711,4,4,14,2,29,Indeed,Chicago
EMP1639,Anthony Taylor,29,Male,IT,Software Engineer,Bachelor's,1,2025-01-22,,Active,91974,4,3,45,3,22,Indeed,Chicago
EMP1640,Michael Flores,43,Non-binary,HR,HR Generalist,Master's,1,2025-07-17,,Active,47580,3,2,24,5,56,Indeed,Boston
EMP1641,Melissa Jones,36,Non-binary,Sales,Sales Representative,Bachelor's,2,2024-12-13,,Active,61038,3,4,28,3,76,LinkedIn,Seattle
EMP1642,Jessica Mitchell,33,Female,Finance,Financial Analyst,Master's,2,2023-05-02,2024-01-01,Left,76338,3,3,42,9,31,Referral,Atlanta
EMP1643,Ashley Smith,23,Female,Finance,Auditor,Master's,0,2023-07-21,,Active,67077,5,4,23,13,35,Indeed,Atlanta
EMP1644,Matthew Anderson,30,Male,HR,HR Generalist,Master's,1,2023-05-08,,Active,64252,2,2,31,0,186,Indeed,Atlanta
EMP1645,Karen Adams,30,Female,Sales,Business Development Associate,Bachelor's,1,2022-08-09,,Active,87673,3,3,0,0,74,LinkedIn,San Francisco
EMP1646,Karen Adams,34,Male,HR,Benefits Specialist,Master's,3,2021-06-08,2022-11-07,Left,75938,3,3,27,5,135,Referral,San Francisco
EMP1647,Susan Clark,47,Female,Customer Service,Customer Success Manager,Master's,4,2024-09-19,,Active,94479,3,4,52,13,59,LinkedIn,Chicago
EMP1648,Kenneth Williams,29,Non-binary,Sales,Sales Representative,Master's,3,2023-06-20,,Active,67655,3,2,30,5,74,LinkedIn,Boston
EMP1649,Kevin Hill,35,Male,Sales,Sales Director,Master's,3,2024-10-04,,Active,172442,3,3,30,0,32,LinkedIn,San Francisco
EMP1650,Sandra Lopez,30,Female,Operations,Operations Analyst,MBA,1,2022-01-02,,Active,70116,3,2,29,5,54,LinkedIn,Chicago
EMP1651,Jessica Jones,41,Non-binary,Customer Service,Support Lead,Bachelor's,2,2024-03-31,,Active,90900,3,2,12,5,134,Glassdoor,Seattle
EMP1652,Deborah Campbell,44,Female,Operations,Operations Manager,Bachelor's,3,2023-11-10,,Active,119481,4,3,0,3,116,Glassdoor,Austin
EMP1653,Deborah Green,44,Non-binary,HR,HR Manager,Bachelor's,4,2023-02-25,,Active,157487,5,3,43,8,21,LinkedIn,San Francisco
EMP1654,Joshua Roberts,38,Non-binary,Customer Service,Customer Support Agent,Master's,6,2022-05-21,2025-07-07,Left,47638,3,1,42,6,154,LinkedIn,Austin
EMP1655,Andrew Perez,41,Male,Marketing,Brand Manager,MBA,1,2022-11-27,,Active,89165,3,2,27,4,37,LinkedIn,Atlanta
EMP1656,Andrew Harris,36,Female,Customer Service,Support Lead,Bachelor's,2,2022-01-14,2023-03-18,Left,72490,4,1,39,4,35,LinkedIn,San Francisco
EMP1657,Barbara Harris,37,Female,Customer Service,Support Lead,Bachelor's,3,2025-07-14,2026-02-20,Left,82146,3,4,13,2,44,Referral,New York
EMP1658,Karen Roberts,29,Male,Finance,Senior Accountant,Bachelor's,1,2023-11-07,,Active,74702,4,4,63,5,36,Referral,Boston
EMP1659,Mary Johnson,44,Non-binary,Operations,Operations Analyst,Master's,9,2023-01-11,,Active,91655,2,5,37,0,9,LinkedIn,Austin
EMP1660,Mark Garcia,45,Non-binary,Marketing,Brand Manager,MBA,7,2021-10-11,,Active,115521,5,3,23,0,23,LinkedIn,Chicago
EMP1661,Steven Robinson,26,Female,Customer Service,Customer Success Manager,Bachelor's,1,2025-10-09,,Active,92739,2,3,42,0,0,LinkedIn,Boston
EMP1662,Carol Johnson,32,Non-binary,Sales,Sales Director,Master's,0,2021-04-03,,Active,163762,3,2,45,5,89,Indeed,Boston
EMP1663,Carol Lee,34,Female,HR,Benefits Specialist,Bachelor's,7,2022-05-15,,Active,85843,3,5,40,1,0,LinkedIn,New York
EMP1664,Daniel Martinez,38,Non-binary,Marketing,Marketing Specialist,MBA,5,2022-10-08,2023-07-31,Left,90061,3,3,33,7,38,LinkedIn,New York
EMP1665,Carol Lopez,34,Female,IT,System Administrator,Master's,0,2023-12-09,2025-05-20,Left,88097,5,2,43,11,139,LinkedIn,San Francisco
EMP1666,Andrew Hall,23,Male,Customer Service,Customer Support Agent,Master's,0,2024-07-01,2024-09-27,Left,51900,5,4,62,0,49,Indeed,Seattle
EMP1667,Linda Gonzalez,50,Male,Finance,Finance Manager,Bachelor's,6,2024-05-28,,Active,124127,3,4,21,6,38,Glassdoor,Boston
EMP1668,Andrew Campbell,38,Male,Sales,Account Manager,Master's,5,2026-02-12,,Active,77025,4,4,72,0,68,Referral,Chicago
EMP1669,Susan Thomas,22,Non-binary,HR,Benefits Specialist,Bachelor's,0,2021-08-13,,Active,87728,3,4,7,3,4,LinkedIn,San Francisco
EMP1670,Brian Hall,47,Female,Customer Service,Customer Support Agent,MBA,5,2021-12-01,2022-05-18,Left,61200,3,1,33,6,130,LinkedIn,Seattle
EMP1671,Betty Garcia,32,Female,Marketing,Content Writer,MBA,2,2021-08-05,,Active,76624,3,3,33,0,90,College Campus,New York
EMP1672,Richard Harris,36,Male,IT,QA Engineer,Bachelor's,5,2023-05-16,,Active,90165,3,2,37,6,0,College Campus,New York
EMP1673,Kimberly Baker,39,Male,HR,HR Generalist,Master's,2,2025-08-31,,Active,82557,3,4,49,6,23,College Campus,Seattle
EMP1674,Thomas Roberts,28,Non-binary,HR,HR Manager,Bachelor's,0,2021-02-11,,Active,97213,5,2,0,11,40,College Campus,Austin
EMP1675,Elizabeth Hernandez,44,Male,Marketing,Marketing Specialist,MBA,9,2026-06-01,,Active,70008,3,3,27,9,100,LinkedIn,Boston
EMP1676,Melissa Torres,33,Non-binary,Customer Service,Customer Success Manager,Bachelor's,1,2021-07-26,2024-08-07,Left,83914,5,2,5,11,16,Indeed,Boston
EMP1677,Lisa Adams,40,Male,Sales,Account Manager,Bachelor's,8,2025-05-28,2025-10-24,Left,147501,3,5,54,5,53,Referral,Seattle
EMP1678,Patricia Moore,41,Non-binary,Customer Service,Support Lead,Bachelor's,4,2022-01-04,,Active,61972,3,1,41,8,0,LinkedIn,Chicago
EMP1679,Deborah Davis,42,Female,Finance,Senior Accountant,Master's,1,2020-08-10,2023-03-20,Left,119113,3,2,40,5,20,Indeed,New York
EMP1680,Betty Anderson,32,Non-binary,Operations,Supply Chain Planner,Master's,1,2023-04-14,2024-10-20,Left,69650,4,2,10,8,40,Referral,Boston
EMP1681,Andrew Jones,53,Female,Operations,Operations Analyst,Master's,1,2023-08-23,,Active,54946,3,5,22,7,0,LinkedIn,Chicago
EMP1682,Nancy Perez,27,Non-binary,IT,Data Scientist,Bachelor's,4,2024-11-25,,Active,99742,3,4,0,2,3,LinkedIn,Boston
EMP1683,Ashley Thompson,37,Non-binary,IT,QA Engineer,MBA,1,2021-03-01,,Active,71522,2,1,15,5,52,Executive Search,Seattle
EMP1684,Donna Adams,31,Male,HR,HR Generalist,Bachelor's,3,2020-08-15,,Active,77105,3,5,41,5,36,Referral,San Francisco
EMP1685,Betty Robinson,23,Non-binary,Operations,Supply Chain Planner,Master's,0,2024-10-25,,Active,56190,3,5,30,6,0,LinkedIn,Austin
EMP1686,Joseph Garcia,34,Female,Customer Service,Customer Support Agent,Master's,2,2025-07-18,,Active,56933,4,3,21,9,0,Indeed,San Francisco
EMP1687,Dorothy Wright,46,Non-binary,Operations,Supply Chain Planner,Master's,9,2025-06-03,,Active,85371,5,5,21,0,120,Glassdoor,Chicago
EMP1688,Brian Martin,22,Non-binary,Marketing,Marketing Specialist,Bachelor's,0,2022-10-18,,Active,60524,1,3,20,4,0,Indeed,Boston
EMP1689,Kenneth Perez,33,Non-binary,IT,Senior Developer,Bachelor's,0,2021-01-11,,Active,144237,3,2,37,3,161,LinkedIn,New York
EMP1690,Sarah Jackson,37,Female,Sales,Sales Director,Master's,2,2026-01-17,2026-05-17,Left,119287,2,1,0,2,0,College Campus,Austin
EMP1691,Paul Nelson,41,Female,Sales,Business Development Associate,Master's,4,2023-10-23,2024-10-30,Left,73956,5,3,0,0,69,College Campus,Chicago
EMP1692,Daniel Ramirez,30,Female,IT,System Administrator,Master's,1,2020-04-12,2022-02-20,Left,92082,3,1,44,8,73,LinkedIn,Seattle
EMP1693,Emily Mitchell,21,Male,Finance,Auditor,Bachelor's,0,2023-12-13,,Active,61110,2,3,46,0,76,Glassdoor,Atlanta
EMP1694,Andrew Hall,44,Male,Finance,Senior Accountant,Bachelor's,4,2023-02-26,,Active,134507,4,3,5,13,85,LinkedIn,New York
EMP1695,Dorothy Hernandez,46,Male,Operations,Logistics Coordinator,Bachelor's,4,2021-12-30,,Active,63591,4,5,50,9,0,Glassdoor,Austin
EMP1696,Kimberly Torres,28,Non-binary,Marketing,Content Writer,Master's,2,2023-07-10,,Active,53168,3,3,34,6,16,Executive Search,Chicago
EMP1697,Melissa Anderson,35,Female,Finance,Financial Analyst,Bachelor's,6,2022-08-06,,Active,135442,3,3,12,7,80,College Campus,Seattle
EMP1698,Jessica Rivera,25,Non-binary,Finance,Finance Manager,MBA,0,2022-06-04,2024-10-28,Left,119549,4,2,0,1,0,College Campus,Atlanta
EMP1699,Kevin Hall,32,Non-binary,HR,Talent Acquisition Specialist,Master's,3,2022-10-16,,Active,94417,2,3,19,9,0,Glassdoor,New York
EMP1700,Andrew Nelson,36,Male,Operations,Operations Manager,MBA,2,2021-05-04,,Active,136795,1,2,11,0,44,College Campus,New York
EMP1701,Patricia Hall,35,Male,Customer Service,Support Lead,Bachelor's,2,2024-01-27,2025-12-29,Left,69417,4,3,10,9,5,Indeed,Seattle
EMP1702,Nancy Walker,25,Female,HR,Talent Acquisition Specialist,MBA,0,2020-02-01,2020-10-17,Left,70011,3,1,24,3,0,Indeed,New York
EMP1703,George Flores,35,Male,IT,Software Engineer,Bachelor's,4,2026-04-09,,Active,136879,2,5,29,8,38,Referral,San Francisco
EMP1704,Nancy Sanchez,31,Female,Marketing,Content Writer,MBA,2,2024-12-14,2026-01-12,Left,68631,4,3,47,13,62,Indeed,San Francisco
EMP1705,Andrew Flores,53,Male,IT,System Administrator,Bachelor's,9,2024-09-12,,Active,97664,3,3,10,11,91,LinkedIn,Boston
EMP1706,Robert Anderson,24,Male,Marketing,Brand Manager,MBA,0,2022-07-10,,Active,116768,4,4,73,5,24,Indeed,New York
EMP1707,William Williams,28,Non-binary,HR,HR Manager,MBA,1,2021-07-22,,Active,103152,3,3,38,4,21,LinkedIn,Austin
EMP1708,Mark Rivera,41,Non-binary,Marketing,Content Writer,Master's,8,2020-03-28,,Active,95209,4,1,40,14,81,Executive Search,Seattle
EMP1709,Amanda Martinez,28,Non-binary,Finance,Auditor,Master's,1,2020-06-04,,Active,96315,4,2,39,7,54,LinkedIn,Seattle
EMP1710,Mark Jackson,37,Female,Finance,Senior Accountant,Bachelor's,1,2021-10-07,,Active,103868,2,4,22,9,65,LinkedIn,New York
EMP1711,Patricia Hernandez,32,Female,Marketing,Brand Manager,Bachelor's,3,2022-11-17,,Active,118287,5,2,68,1,0,Glassdoor,Austin
EMP1712,Richard Gonzalez,32,Male,HR,Talent Acquisition Specialist,Bachelor's,1,2020-02-20,2020-05-21,Left,68205,3,2,16,11,105,Executive Search,New York
EMP1713,Mary Anderson,37,Male,Sales,Business Development Associate,Bachelor's,2,2026-03-30,,Active,50996,4,4,0,6,0,Indeed,Austin
EMP1714,Mark Ramirez,38,Male,Sales,Sales Director,Bachelor's,5,2022-09-06,,Active,245002,4,3,32,4,23,LinkedIn,Seattle
EMP1715,Patricia Garcia,42,Male,HR,Talent Acquisition Specialist,MBA,2,2024-09-23,2025-06-21,Left,72425,4,4,39,15,24,LinkedIn,Boston
EMP1716,William Williams,51,Non-binary,Finance,Auditor,Bachelor's,5,2026-04-22,,Active,111082,5,4,56,1,29,LinkedIn,New York
EMP1717,David Nelson,37,Male,Finance,Financial Analyst,Master's,4,2023-09-27,,Active,69502,4,4,10,3,79,College Campus,Chicago
EMP1718,Sandra Campbell,23,Non-binary,IT,QA Engineer,Master's,0,2025-11-16,,Active,75842,5,3,86,3,37,Indeed,Boston
EMP1719,Barbara Taylor,41,Non-binary,Finance,Senior Accountant,Bachelor's,1,2021-04-23,,Active,87818,3,4,50,7,54,LinkedIn,Atlanta
EMP1720,Barbara Martinez,21,Male,IT,Data Scientist,Bachelor's,0,2022-12-02,,Active,156367,4,3,43,4,32,LinkedIn,Seattle
EMP1721,George Mitchell,35,Non-binary,HR,Benefits Specialist,Bachelor's,2,2021-08-05,,Active,95245,4,3,56,0,0,LinkedIn,San Francisco
EMP1722,Jennifer Garcia,57,Male,IT,Data Scientist,PhD,16,2020-05-10,,Active,186390,3,3,55,2,65,Glassdoor,Austin
EMP1723,Donna Brown,47,Non-binary,IT,QA Engineer,Master's,14,2024-02-15,2024-12-05,Left,110410,1,3,31,7,118,Glassdoor,Seattle
EMP1724,Michael Nguyen,40,Female,Marketing,Brand Manager,PhD,7,2021-07-07,2022-07-19,Left,132175,4,3,14,6,32,College Campus,Boston
EMP1725,Barbara Martinez,27,Male,Sales,Sales Director,MBA,0,2024-09-28,,Active,155547,3,3,79,8,79,Indeed,San Francisco
EMP1726,Linda Harris,46,Male,Operations,Operations Manager,Bachelor's,9,2025-01-10,,Active,138832,3,4,55,5,102,College Campus,Boston
EMP1727,Melissa Smith,62,Non-binary,Customer Service,Customer Support Agent,Master's,10,2022-07-03,,Active,69560,4,4,33,5,101,Referral,San Francisco
EMP1728,Ashley Allen,34,Non-binary,Finance,Financial Analyst,Master's,4,2020-03-05,,Active,84939,1,3,9,3,138,Indeed,Chicago
EMP1729,Carol Thompson,54,Non-binary,Customer Service,Support Lead,Bachelor's,6,2024-03-23,,Active,100263,4,3,32,5,110,LinkedIn,San Francisco
EMP1730,Susan Hernandez,23,Non-binary,Marketing,Brand Manager,MBA,0,2022-04-12,,Active,95281,5,2,37,8,54,Indeed,Austin
EMP1731,Daniel Torres,52,Male,Sales,Sales Representative,Bachelor's,20,2024-08-13,,Active,92601,4,2,14,0,0,LinkedIn,Austin
EMP1732,George Hernandez,35,Non-binary,Finance,Financial Analyst,Bachelor's,0,2023-06-29,,Active,85712,2,2,40,5,0,LinkedIn,New York
EMP1733,Emily Sanchez,28,Non-binary,HR,Benefits Specialist,Bachelor's,3,2025-06-29,,Active,61657,4,3,48,5,28,Glassdoor,Boston
EMP1734,John Ramirez,44,Male,Finance,Finance Manager,Bachelor's,6,2020-03-25,,Active,153399,3,3,20,5,35,LinkedIn,Atlanta
EMP1735,Joseph Adams,42,Male,Customer Service,Customer Support Agent,Master's,6,2024-11-18,2026-05-30,Left,61172,4,3,15,5,41,Glassdoor,New York
EMP1736,Barbara Martinez,32,Male,Customer Service,Customer Support Agent,Bachelor's,4,2023-03-02,2024-11-29,Left,52561,3,4,14,5,27,College Campus,Seattle
EMP1737,Elizabeth Ramirez,56,Non-binary,Marketing,Content Writer,Master's,10,2020-01-27,2024-10-21,Left,69668,3,2,9,6,52,Indeed,Austin
EMP1738,Matthew Martin,35,Male,Customer Service,Customer Support Agent,PhD,2,2025-09-24,,Active,65758,4,1,41,9,76,LinkedIn,Seattle
EMP1739,Mark Green,25,Female,HR,HR Manager,Master's,0,2026-04-07,,Active,101449,3,5,0,3,43,LinkedIn,Atlanta
EMP1740,Karen Roberts,26,Non-binary,Marketing,Content Writer,Master's,0,2021-11-07,,Active,44236,3,3,16,1,0,Glassdoor,Boston
EMP1741,Elizabeth Lopez,48,Female,HR,HR Generalist,Bachelor's,6,2020-05-21,,Active,58397,3,3,22,0,60,Indeed,Chicago
EMP1742,Charles Campbell,37,Male,Marketing,Marketing Specialist,Bachelor's,0,2025-03-25,,Active,79293,4,3,28,6,115,Indeed,New York
EMP1743,Sarah Torres,23,Non-binary,IT,Senior Developer,Master's,0,2020-12-10,2024-08-04,Left,118052,1,3,47,7,159,LinkedIn,Atlanta
EMP1744,Melissa Hall,32,Male,Operations,Operations Analyst,Master's,3,2022-12-16,,Active,70246,4,5,8,10,15,Indeed,New York
EMP1745,Richard Miller,36,Female,Operations,Operations Analyst,Bachelor's,4,2022-04-19,,Active,64820,3,3,15,0,58,LinkedIn,Chicago
EMP1746,Kimberly Hall,39,Female,Sales,Account Manager,Bachelor's,6,2024-10-20,,Active,106026,3,4,62,2,63,Indeed,Boston
EMP1747,David Robinson,35,Female,HR,Talent Acquisition Specialist,Master's,5,2021-10-04,,Active,99318,3,4,24,0,89,College Campus,San Francisco
EMP1748,Susan Walker,42,Male,Operations,Operations Analyst,Bachelor's,5,2025-05-26,,Active,73220,3,2,27,6,0,Indeed,Atlanta
EMP1749,Barbara Sanchez,39,Female,HR,Benefits Specialist,Bachelor's,3,2020-12-03,,Active,67182,2,1,26,5,60,LinkedIn,Atlanta
EMP1750,Richard Anderson,38,Male,HR,HR Generalist,Master's,4,2024-04-27,,Active,72747,4,4,68,6,101,College Campus,Boston
EMP1751,George Jones,44,Non-binary,Finance,Financial Analyst,Master's,2,2024-02-07,,Active,94335,2,3,44,0,8,LinkedIn,Austin
EMP1752,Lisa Nguyen,47,Non-binary,Operations,Operations Analyst,Bachelor's,12,2022-04-07,,Active,132156,2,3,0,15,0,LinkedIn,Seattle
EMP1753,Linda Robinson,34,Female,Operations,Operations Analyst,MBA,0,2023-07-25,,Active,69445,3,3,23,6,62,LinkedIn,Chicago
EMP1754,Kevin Young,43,Female,Operations,Operations Analyst,Bachelor's,12,2021-04-13,,Active,109493,3,4,33,6,0,Glassdoor,Boston
EMP1755,Matthew Carter,41,Non-binary,Customer Service,Support Lead,Bachelor's,10,2021-03-05,,Active,74320,3,3,49,1,26,Glassdoor,Atlanta
EMP1756,Nancy Lee,34,Male,Finance,Auditor,Bachelor's,0,2020-01-29,,Active,75855,4,4,51,7,92,College Campus,Boston
EMP1757,Mary Lewis,38,Non-binary,Sales,Account Manager,Bachelor's,0,2023-07-04,,Active,100286,5,3,82,6,18,LinkedIn,Seattle
EMP1758,Donna Sanchez,23,Non-binary,Marketing,Marketing Specialist,Bachelor's,0,2023-11-21,,Active,67506,4,3,47,5,0,LinkedIn,Atlanta
EMP1759,Andrew Jackson,38,Non-binary,IT,Data Scientist,Bachelor's,2,2024-04-15,,Active,161815,2,4,36,5,41,Indeed,San Francisco
EMP1760,Dorothy Green,43,Female,Sales,Sales Representative,Bachelor's,6,2024-12-20,,Active,61502,3,3,49,3,105,LinkedIn,Austin
EMP1761,Kevin Green,56,Male,Sales,Sales Representative,Master's,20,2021-01-02,2025-01-26,Left,82080,5,4,15,10,60,LinkedIn,Chicago
EMP1762,Betty Sanchez,36,Male,Marketing,Marketing Specialist,Bachelor's,3,2021-07-10,2023-07-28,Left,92171,4,3,0,5,57,Indeed,New York
EMP1763,Kimberly Wright,38,Male,HR,HR Generalist,Master's,5,2022-08-05,,Active,72970,3,3,50,6,77,LinkedIn,Chicago
EMP1764,Thomas Mitchell,31,Female,Marketing,Brand Manager,PhD,0,2020-02-15,,Active,95503,5,3,44,7,51,Referral,Austin
EMP1765,James Wilson,27,Male,Finance,Auditor,Bachelor's,4,2023-06-07,2024-06-16,Left,112002,4,2,0,6,123,Referral,Seattle
EMP1766,Daniel Harris,28,Male,Marketing,Brand Manager,Bachelor's,0,2021-08-18,,Active,146311,5,4,34,0,15,Glassdoor,Seattle
EMP1767,Margaret Lewis,29,Female,Marketing,Content Writer,Master's,0,2025-07-23,,Active,40639,3,2,41,5,75,Indeed,Boston
EMP1768,Mary Davis,45,Male,HR,Benefits Specialist,Master's,4,2020-05-27,,Active,62670,5,3,47,9,100,LinkedIn,Chicago
EMP1769,Joshua Hill,31,Male,Sales,Business Development Associate,MBA,0,2022-12-01,,Active,66799,3,5,37,9,7,College Campus,Chicago
EMP1770,David Martin,47,Female,Sales,Account Manager,MBA,1,2021-01-26,,Active,111146,5,2,19,5,79,Glassdoor,Seattle
EMP1771,William Lee,43,Female,Customer Service,Customer Support Agent,MBA,1,2021-07-15,,Active,63713,1,2,42,2,0,LinkedIn,San Francisco
EMP1772,Kevin Jackson,41,Non-binary,IT,System Administrator,Bachelor's,5,2024-02-01,,Active,84082,3,5,41,2,5,LinkedIn,Austin
EMP1773,Joshua Anderson,29,Female,Finance,Senior Accountant,Master's,2,2024-07-18,,Active,104751,1,3,32,1,43,Referral,New York
EMP1774,Nancy Campbell,35,Female,IT,Senior Developer,Bachelor's,6,2020-06-24,2021-06-03,Left,178628,3,1,0,1,42,LinkedIn,Boston
EMP1775,Amanda Roberts,49,Male,Customer Service,Customer Success Manager,Bachelor's,8,2023-12-10,,Active,133240,3,3,11,5,4,LinkedIn,San Francisco
EMP1776,Jessica Flores,50,Non-binary,Finance,Finance Manager,Bachelor's,1,2021-06-15,,Active,115732,3,2,57,7,48,LinkedIn,Atlanta
EMP1777,Amanda Lee,39,Male,IT,Data Scientist,Bachelor's,2,2023-02-18,,Active,121028,3,3,43,8,85,LinkedIn,Chicago
EMP1778,Kenneth Brown,47,Non-binary,Marketing,Marketing Specialist,Bachelor's,8,2023-11-11,,Active,82746,3,4,8,1,43,Referral,Chicago
EMP1779,Deborah Martinez,30,Female,Customer Service,Customer Success Manager,Bachelor's,5,2026-03-25,2026-07-19,Left,101229,4,4,0,0,58,Referral,Boston
EMP1780,Brian Torres,29,Female,Finance,Finance Manager,Bachelor's,3,2021-09-23,2023-07-21,Left,181328,3,1,18,7,69,Indeed,Seattle
EMP1781,Dorothy Wilson,49,Male,Customer Service,Customer Support Agent,Bachelor's,2,2022-01-14,2022-07-09,Left,41356,3,4,15,0,62,Glassdoor,Boston
EMP1782,Donald Allen,23,Non-binary,HR,HR Generalist,Master's,0,2024-01-31,,Active,50704,4,3,63,0,13,LinkedIn,Chicago
EMP1783,Christopher Baker,37,Male,HR,HR Generalist,Bachelor's,4,2023-06-23,,Active,63820,3,3,30,3,104,College Campus,Austin
EMP1784,Steven Brown,21,Female,Marketing,Marketing Specialist,Bachelor's,0,2025-10-30,,Active,61921,3,4,39,4,107,Referral,Chicago
EMP1785,Donald Lewis,34,Non-binary,HR,Benefits Specialist,Master's,4,2022-08-22,,Active,60481,5,2,61,7,112,LinkedIn,Atlanta
EMP1786,Matthew Green,23,Female,Finance,Finance Manager,Master's,0,2024-12-30,2026-04-17,Left,162437,4,2,30,11,127,Glassdoor,New York
EMP1787,Kimberly Perez,50,Non-binary,Marketing,Marketing Specialist,Bachelor's,15,2025-10-25,,Active,89065,2,4,22,8,29,Glassdoor,Atlanta
EMP1788,Kevin King,37,Female,Finance,Senior Accountant,Bachelor's,7,2023-04-26,,Active,101964,5,4,43,8,5,Referral,Boston
EMP1789,Donna Campbell,50,Non-binary,Finance,Auditor,Bachelor's,8,2023-02-26,,Active,121083,5,3,65,2,138,LinkedIn,San Francisco
EMP1790,Timothy King,32,Female,Marketing,Marketing Specialist,Bachelor's,1,2020-06-08,,Active,87631,2,2,16,6,0,Glassdoor,Seattle
EMP1791,Joshua Nelson,23,Non-binary,Customer Service,Customer Success Manager,MBA,0,2021-03-03,,Active,78030,3,3,6,6,0,Glassdoor,Seattle
EMP1792,Jennifer Robinson,42,Female,Finance,Finance Manager,Bachelor's,5,2020-11-03,,Active,133851,4,4,23,2,79,LinkedIn,Chicago
EMP1793,Dorothy Sanchez,26,Male,IT,Software Engineer,PhD,0,2021-11-07,,Active,110991,3,3,20,2,100,Indeed,San Francisco
EMP1794,Linda Roberts,57,Non-binary,HR,Benefits Specialist,Bachelor's,4,2020-09-04,,Active,98098,5,3,35,6,54,Indeed,Seattle
EMP1795,Melissa Flores,36,Male,Customer Service,Customer Success Manager,Master's,8,2021-06-02,,Active,106460,3,4,43,8,91,Indeed,Atlanta
EMP1796,Kimberly Ramirez,47,Male,Marketing,Digital Marketing Manager,MBA,11,2020-10-04,,Active,179078,3,3,20,0,3,Glassdoor,San Francisco
EMP1797,Timothy Campbell,31,Male,Operations,Operations Analyst,Bachelor's,0,2022-09-16,,Active,89898,4,2,21,4,29,LinkedIn,Seattle
EMP1798,Andrew Thomas,37,Male,IT,Software Engineer,Master's,4,2024-07-12,2026-07-15,Left,134999,4,2,68,4,75,Indeed,San Francisco
EMP1799,Daniel Davis,40,Female,Sales,Sales Representative,Bachelor's,4,2025-11-14,,Active,48644,4,4,11,0,1,Referral,Atlanta
EMP1800,Linda Williams,37,Non-binary,IT,Senior Developer,Bachelor's,9,2026-01-29,,Active,161710,3,3,21,2,31,College Campus,Chicago
EMP1801,Ashley Wilson,32,Non-binary,Sales,Account Manager,Bachelor's,1,2021-11-05,,Active,65087,3,4,16,4,24,Indeed,Austin
EMP1802,Daniel Thomas,46,Male,IT,Software Engineer,Master's,0,2024-08-18,,Active,75940,4,4,13,3,80,Referral,Boston
EMP1803,Lisa Green,40,Male,Sales,Account Manager,PhD,5,2022-11-04,,Active,121980,4,4,59,7,19,LinkedIn,New York
EMP1804,Daniel Thompson,23,Male,IT,Software Engineer,Master's,0,2022-02-03,,Active,74508,4,3,13,4,77,LinkedIn,Austin
EMP1805,Jessica Walker,28,Non-binary,Sales,Sales Representative,Bachelor's,2,2024-08-19,,Active,61006,5,3,24,3,54,Glassdoor,Seattle
EMP1806,Jessica Jackson,27,Female,IT,QA Engineer,Bachelor's,2,2022-03-07,2023-03-28,Left,85525,4,1,29,11,54,Indeed,Seattle
EMP1807,Brian Robinson,43,Non-binary,Finance,Senior Accountant,PhD,7,2025-05-26,,Active,112056,3,5,39,0,51,LinkedIn,Chicago
EMP1808,John Gonzalez,39,Male,Marketing,Marketing Specialist,Master's,3,2021-10-26,,Active,89696,2,1,27,4,85,Indeed,San Francisco
EMP1809,Michael Taylor,41,Non-binary,Operations,Operations Manager,Master's,8,2024-07-01,2024-09-15,Left,122239,3,3,29,3,129,LinkedIn,Austin
EMP1810,Anthony Torres,50,Non-binary,Sales,Business Development Associate,Master's,5,2025-11-29,,Active,64227,5,5,26,2,114,Referral,Austin
EMP1811,James Torres,39,Non-binary,Marketing,Brand Manager,Bachelor's,2,2023-11-12,,Active,122436,4,5,12,11,104,Referral,Atlanta
EMP1812,Jessica Roberts,38,Non-binary,Operations,Supply Chain Planner,Bachelor's,3,2021-01-18,,Active,99521,4,3,11,7,73,LinkedIn,San Francisco
EMP1813,Kimberly Davis,38,Non-binary,Customer Service,Support Lead,Master's,7,2026-02-17,2026-07-25,Left,94206,1,4,0,4,46,LinkedIn,Seattle
EMP1814,Robert Allen,37,Non-binary,Marketing,Content Writer,Bachelor's,5,2024-05-09,,Active,62121,3,2,57,12,78,Indeed,Austin
EMP1815,James Taylor,24,Female,Operations,Operations Analyst,Bachelor's,1,2025-04-18,,Active,52424,5,5,28,8,75,LinkedIn,Atlanta
EMP1816,Anthony Johnson,36,Non-binary,HR,Benefits Specialist,Bachelor's,4,2022-04-01,2026-01-07,Left,89066,5,4,28,0,41,College Campus,San Francisco
EMP1817,Joseph Garcia,34,Male,Operations,Operations Manager,Master's,3,2021-02-20,2025-07-06,Left,129097,4,1,16,3,33,LinkedIn,Austin
EMP1818,Emily Rivera,48,Non-binary,Marketing,Digital Marketing Manager,Bachelor's,2,2023-02-27,2025-12-18,Left,125201,3,5,0,3,44,Indeed,San Francisco
EMP1819,Amanda Flores,23,Female,Operations,Logistics Coordinator,Bachelor's,0,2024-08-17,,Active,67597,2,5,72,11,38,Glassdoor,San Francisco
EMP1820,Melissa Harris,31,Male,Customer Service,Customer Success Manager,PhD,0,2021-07-23,2022-12-13,Left,66707,2,2,33,4,106,Indeed,Austin
EMP1821,Charles Smith,21,Male,Operations,Logistics Coordinator,Bachelor's,0,2020-11-05,2024-04-07,Left,73420,4,2,9,3,50,LinkedIn,San Francisco
EMP1822,Margaret Miller,29,Non-binary,HR,HR Generalist,Master's,2,2021-04-08,2022-09-21,Left,49024,3,3,12,2,0,Glassdoor,Austin
EMP1823,John Hill,40,Male,Customer Service,Customer Support Agent,Bachelor's,11,2023-07-10,,Active,71474,3,4,65,6,8,Indeed,Austin
EMP1824,Emily Johnson,53,Non-binary,Sales,Business Development Associate,Bachelor's,5,2020-04-03,,Active,66307,3,1,16,5,117,LinkedIn,Atlanta
EMP1825,James Johnson,40,Non-binary,HR,Benefits Specialist,Master's,5,2026-05-27,,Active,84313,3,4,10,7,89,LinkedIn,New York
EMP1826,Paul Harris,27,Male,Operations,Supply Chain Planner,Master's,0,2023-04-26,,Active,95581,3,3,47,3,53,LinkedIn,New York
EMP1827,Amanda Roberts,39,Female,Sales,Sales Representative,Bachelor's,3,2024-11-04,,Active,48871,4,2,38,4,60,College Campus,Austin
EMP1828,Sandra Taylor,31,Male,Sales,Sales Representative,Bachelor's,1,2026-06-17,,Active,61608,4,3,41,0,0,College Campus,San Francisco
EMP1829,Elizabeth Garcia,24,Female,IT,Senior Developer,Master's,0,2021-10-28,,Active,116867,3,5,25,5,49,LinkedIn,Chicago
EMP1830,George Johnson,35,Non-binary,Finance,Auditor,Master's,5,2021-07-14,,Active,105820,1,3,13,0,35,Glassdoor,Seattle
EMP1831,Daniel Lee,54,Non-binary,HR,Benefits Specialist,Bachelor's,3,2025-07-17,2026-06-05,Left,58895,4,3,48,4,22,Glassdoor,Austin
EMP1832,Sarah Thompson,41,Male,Finance,Finance Manager,MBA,3,2020-04-25,2025-01-17,Left,161072,2,2,12,1,24,Glassdoor,New York
EMP1833,Jennifer Hernandez,46,Non-binary,Marketing,Content Writer,MBA,0,2026-03-25,,Active,61695,3,3,52,10,76,Indeed,Seattle
EMP1834,Steven Baker,41,Female,HR,Benefits Specialist,Bachelor's,13,2020-01-31,2026-08-14,Left,78927,3,3,46,3,101,Indeed,Austin
EMP1835,Mark Nelson,41,Male,IT,Data Scientist,Master's,3,2020-04-11,2022-12-31,Left,164470,3,3,32,1,104,Indeed,New York
EMP1836,Patricia Sanchez,29,Male,Operations,Logistics Coordinator,Master's,1,2026-03-19,,Active,67516,4,4,13,1,54,Referral,Austin
EMP1837,Paul Moore,28,Female,Finance,Auditor,Master's,0,2021-05-05,2025-03-06,Left,89400,3,1,51,0,147,Indeed,New York
EMP1838,Elizabeth Rivera,30,Male,HR,HR Generalist,MBA,1,2026-04-28,,Active,66989,4,4,10,1,73,Glassdoor,San Francisco
EMP1839,Nancy Smith,28,Female,Customer Service,Customer Support Agent,MBA,1,2020-03-05,2026-06-01,Left,46797,3,1,21,2,153,LinkedIn,New York
EMP1840,Sandra Thomas,42,Female,Marketing,Marketing Specialist,Master's,2,2024-06-06,,Active,87632,4,3,18,2,57,Executive Search,New York
EMP1841,Betty Smith,32,Male,Customer Service,Customer Support Agent,Bachelor's,6,2026-05-28,,Active,54933,2,4,0,3,39,LinkedIn,Austin
EMP1842,Sandra Mitchell,33,Male,Operations,Supply Chain Planner,MBA,3,2025-04-03,2026-07-29,Left,87889,1,2,0,5,36,Referral,Boston
EMP1843,Kimberly Ramirez,33,Male,Finance,Auditor,Bachelor's,5,2020-06-06,,Active,84496,4,2,66,14,3,Referral,San Francisco
EMP1844,Carol Anderson,41,Female,IT,Software Engineer,Bachelor's,14,2022-01-29,,Active,144084,2,5,25,3,0,LinkedIn,Boston
EMP1845,Jennifer Nelson,32,Female,Operations,Operations Manager,Master's,0,2022-10-21,,Active,101982,4,3,14,11,67,College Campus,Boston
EMP1846,Richard Green,29,Male,Customer Service,Customer Success Manager,Bachelor's,0,2023-02-01,2025-02-24,Left,77801,4,1,32,3,147,LinkedIn,New York
EMP1847,Matthew Torres,24,Female,Finance,Finance Manager,Master's,0,2023-06-10,2024-03-10,Left,107913,2,3,33,0,107,LinkedIn,Atlanta
EMP1848,Michelle Campbell,42,Female,HR,HR Generalist,Bachelor's,9,2021-04-17,,Active,83793,3,5,26,6,0,Indeed,Boston
EMP1849,James Martinez,31,Female,Sales,Account Manager,PhD,1,2022-12-13,,Active,100613,2,3,44,14,0,LinkedIn,New York
EMP1850,Sandra Anderson,38,Male,Finance,Senior Accountant,Master's,3,2021-05-11,2024-01-11,Left,89834,4,5,68,3,68,Executive Search,Austin
EMP1851,David Flores,43,Male,Customer Service,Customer Success Manager,Bachelor's,11,2025-12-18,,Active,140536,3,3,32,3,92,Glassdoor,San Francisco
EMP1852,Barbara Green,51,Non-binary,Finance,Financial Analyst,PhD,2,2023-05-20,2023-10-13,Left,86193,1,2,4,13,17,Indeed,Chicago
EMP1853,Margaret Clark,50,Female,IT,Senior Developer,Bachelor's,7,2024-06-10,,Active,154725,2,2,0,0,114,LinkedIn,Atlanta
EMP1854,Richard Rodriguez,32,Male,Operations,Supply Chain Planner,Master's,1,2020-10-05,,Active,86444,3,2,38,6,55,LinkedIn,New York
EMP1855,James Young,35,Female,Sales,Sales Director,Master's,0,2026-03-19,,Active,215792,4,5,7,9,23,LinkedIn,San Francisco
EMP1856,Michelle Lopez,34,Female,Sales,Business Development Associate,MBA,3,2022-07-20,2023-09-21,Left,92085,5,3,3,5,0,LinkedIn,San Francisco
EMP1857,Lisa Young,38,Male,Customer Service,Customer Success Manager,Master's,7,2022-08-18,,Active,134371,2,3,27,7,0,LinkedIn,San Francisco
EMP1858,Jennifer Young,52,Female,Marketing,Digital Marketing Manager,PhD,11,2026-06-09,,Active,172493,4,3,30,3,75,Referral,San Francisco
EMP1859,Betty Lewis,33,Male,Marketing,Content Writer,PhD,1,2025-12-25,,Active,69819,5,4,7,7,86,College Campus,Seattle
EMP1860,William Moore,52,Male,Marketing,Content Writer,PhD,14,2023-10-05,,Active,90299,4,4,4,4,67,Referral,Austin
EMP1861,Jennifer Nelson,39,Female,IT,Senior Developer,Bachelor's,5,2020-04-23,,Active,127182,5,4,20,5,89,Referral,Chicago
EMP1862,Donald Martin,35,Non-binary,HR,Talent Acquisition Specialist,PhD,0,2021-10-12,,Active,56908,3,3,60,6,74,Indeed,Chicago
EMP1863,Kimberly Martinez,34,Female,HR,HR Generalist,MBA,2,2022-02-24,,Active,63916,5,3,67,8,0,LinkedIn,Chicago
EMP1864,Mary Sanchez,34,Male,Finance,Finance Manager,Master's,3,2021-01-19,2025-11-24,Left,107254,4,2,39,4,5,Indeed,Boston
EMP1865,Dorothy Martinez,45,Male,IT,QA Engineer,Bachelor's,8,2021-12-01,,Active,107332,3,3,26,1,58,LinkedIn,San Francisco
EMP1866,Barbara Campbell,45,Non-binary,Marketing,Brand Manager,Bachelor's,5,2024-07-25,,Active,129012,3,1,42,7,115,LinkedIn,Atlanta
EMP1867,Michael Miller,27,Female,HR,HR Generalist,PhD,0,2022-08-24,,Active,71448,4,2,33,10,0,LinkedIn,San Francisco
EMP1868,Mary Davis,33,Male,IT,System Administrator,Master's,4,2024-06-28,,Active,97878,4,3,2,10,30,LinkedIn,Atlanta
EMP1869,George Adams,31,Non-binary,Sales,Sales Representative,MBA,1,2021-05-21,2026-08-03,Left,60630,5,1,63,1,22,LinkedIn,New York
EMP1870,Joshua Brown,58,Non-binary,Customer Service,Support Lead,Bachelor's,13,2021-10-14,,Active,95820,5,4,23,0,113,Referral,New York
EMP1871,Ashley Mitchell,30,Non-binary,Customer Service,Support Lead,Bachelor's,1,2023-07-13,,Active,88631,4,1,22,2,41,College Campus,Seattle
EMP1872,Timothy Thompson,34,Male,Marketing,Marketing Specialist,Master's,4,2022-03-13,,Active,74963,3,3,7,10,68,Referral,Boston
EMP1873,Nancy White,32,Non-binary,Operations,Operations Analyst,MBA,4,2023-09-21,2025-11-23,Left,82288,3,3,56,0,46,LinkedIn,New York
EMP1874,Kimberly King,30,Male,Customer Service,Support Lead,Master's,2,2024-01-05,,Active,54122,3,3,27,9,0,Referral,Atlanta
EMP1875,Linda Clark,32,Female,IT,Data Scientist,Bachelor's,0,2020-12-11,,Active,113553,3,5,5,6,64,Referral,Boston
EMP1876,Carol Hill,34,Male,Marketing,Content Writer,MBA,3,2024-03-03,,Active,62456,3,4,53,2,92,Indeed,Chicago
EMP1877,Mark Clark,44,Male,IT,Software Engineer,Master's,6,2022-06-10,,Active,141293,4,3,17,6,42,Glassdoor,San Francisco
EMP1878,Sandra Allen,28,Female,HR,HR Manager,Bachelor's,2,2021-08-26,,Active,107148,2,4,4,0,0,College Campus,Boston
EMP1879,Linda Sanchez,47,Male,Customer Service,Support Lead,Master's,4,2024-09-09,,Active,72535,3,3,15,0,112,Indeed,Atlanta
EMP1880,Mark Baker,30,Female,IT,QA Engineer,Master's,2,2021-01-02,,Active,83820,4,3,35,12,10,College Campus,Atlanta
EMP1881,Elizabeth Garcia,44,Non-binary,Operations,Operations Analyst,Bachelor's,6,2022-07-15,,Active,98149,3,4,13,6,112,LinkedIn,Seattle
EMP1882,Richard White,31,Male,Customer Service,Customer Success Manager,Bachelor's,3,2022-03-12,,Active,95342,2,5,35,5,12,Referral,Atlanta
EMP1883,Linda Flores,31,Non-binary,HR,Talent Acquisition Specialist,Master's,4,2022-06-28,,Active,76274,3,3,47,0,37,LinkedIn,Chicago
EMP1884,Margaret Hill,43,Non-binary,IT,Software Engineer,MBA,2,2021-12-11,,Active,100568,2,1,36,9,0,College Campus,Chicago
EMP1885,Lisa Carter,31,Non-binary,Marketing,Content Writer,MBA,1,2023-06-10,,Active,51509,3,4,49,9,0,Glassdoor,Boston
EMP1886,Joseph Martin,25,Female,IT,Software Engineer,Master's,0,2021-01-03,,Active,65559,3,4,21,13,18,Indeed,Chicago
EMP1887,Ashley Allen,29,Male,Marketing,Content Writer,MBA,0,2022-09-21,,Active,55007,3,3,33,5,112,LinkedIn,Seattle
EMP1888,William Wright,56,Male,Sales,Business Development Associate,Master's,12,2021-02-20,,Active,71375,3,3,52,7,102,Indeed,Chicago
EMP1889,Lisa Taylor,47,Female,Customer Service,Customer Success Manager,Bachelor's,7,2025-09-17,,Active,135972,3,4,33,1,37,LinkedIn,New York
EMP1890,Charles Jackson,47,Male,Operations,Operations Manager,Bachelor's,5,2023-08-06,2024-03-11,Left,155043,3,4,39,0,6,LinkedIn,Seattle
EMP1891,Sandra Wilson,45,Male,Marketing,Content Writer,Bachelor's,9,2023-04-08,,Active,88145,5,4,66,4,47,Indeed,New York
EMP1892,Donald Nelson,28,Male,HR,HR Generalist,Master's,2,2022-08-11,,Active,59854,3,5,0,3,87,Referral,Austin
EMP1893,Robert Martin,35,Female,Finance,Auditor,Master's,1,2023-04-05,,Active,63370,3,1,12,8,4,LinkedIn,Boston
EMP1894,Carol King,27,Female,HR,Benefits Specialist,Bachelor's,0,2024-05-22,,Active,85232,5,4,10,11,40,Indeed,San Francisco
EMP1895,James Lewis,23,Male,Sales,Account Manager,Master's,0,2020-07-29,2025-05-28,Left,94587,4,4,16,0,81,College Campus,San Francisco
EMP1896,Donald Clark,57,Female,Finance,Senior Accountant,Master's,9,2023-09-01,,Active,148467,4,4,40,7,79,Glassdoor,San Francisco
EMP1897,Brian Johnson,34,Non-binary,Marketing,Content Writer,Master's,3,2021-07-01,2021-09-18,Left,53378,3,1,11,3,0,Indeed,Atlanta
EMP1898,Mary Baker,32,Female,Customer Service,Customer Success Manager,Master's,1,2024-01-13,,Active,84167,3,2,40,8,106,LinkedIn,Seattle
EMP1899,Mark Ramirez,38,Non-binary,Customer Service,Customer Support Agent,PhD,2,2025-10-19,,Active,41194,3,3,56,7,42,Indeed,Chicago
EMP1900,Joshua Robinson,31,Non-binary,Finance,Finance Manager,Bachelor's,2,2023-09-17,,Active,108438,3,5,34,0,28,Referral,Chicago
EMP1901,Thomas Martinez,28,Non-binary,Sales,Account Manager,MBA,0,2026-05-17,2026-07-25,Left,91483,3,4,30,10,56,LinkedIn,Seattle
EMP1902,Michelle Martinez,38,Male,IT,Software Engineer,Bachelor's,10,2023-02-26,,Active,140402,3,3,13,3,68,Glassdoor,Seattle
EMP1903,Margaret Hernandez,38,Male,Finance,Senior Accountant,Bachelor's,7,2023-03-01,,Active,112382,3,2,10,10,0,Indeed,Atlanta
EMP1904,John White,34,Male,IT,QA Engineer,Bachelor's,8,2021-10-06,,Active,72939,4,3,15,4,0,LinkedIn,Atlanta
EMP1905,Anthony Torres,40,Non-binary,IT,Software Engineer,Master's,6,2025-10-09,,Active,88090,3,3,20,0,50,LinkedIn,Chicago
EMP1906,Robert Lewis,38,Male,Customer Service,Customer Support Agent,Bachelor's,3,2020-09-06,2023-10-05,Left,67492,3,3,34,0,36,College Campus,San Francisco
EMP1907,James Williams,34,Non-binary,HR,Talent Acquisition Specialist,Bachelor's,1,2023-11-26,2024-07-19,Left,80003,5,2,3,5,0,Indeed,San Francisco
EMP1908,David Torres,31,Female,Sales,Business Development Associate,Bachelor's,4,2020-01-17,,Active,91629,5,3,0,8,48,LinkedIn,San Francisco
EMP1909,Thomas Brown,41,Female,Finance,Finance Manager,Bachelor's,8,2021-11-11,,Active,213772,3,4,26,0,65,Indeed,New York
EMP1910,Barbara Wright,46,Female,HR,HR Generalist,MBA,1,2021-11-21,,Active,75011,1,3,14,6,46,Executive Search,Seattle
EMP1911,Patricia Rodriguez,49,Female,Operations,Supply Chain Planner,MBA,2,2025-06-29,,Active,73382,3,4,31,1,70,Referral,Austin
EMP1912,Daniel Wilson,47,Female,Finance,Finance Manager,Master's,0,2026-02-23,,Active,149580,4,1,19,0,96,Indeed,New York
EMP1913,Melissa Young,31,Female,Customer Service,Support Lead,PhD,0,2021-06-11,2023-01-25,Left,63388,1,1,35,4,37,Glassdoor,Seattle
EMP1914,John Hernandez,37,Non-binary,IT,System Administrator,Bachelor's,3,2022-01-10,,Active,97729,3,3,30,0,13,Indeed,Seattle
EMP1915,Joseph Lopez,34,Non-binary,Finance,Senior Accountant,MBA,1,2021-06-22,2024-10-27,Left,99786,3,1,69,3,38,Indeed,San Francisco
EMP1916,Nancy Thompson,47,Non-binary,IT,Software Engineer,MBA,17,2026-03-16,,Active,157904,3,1,46,11,145,LinkedIn,Atlanta
EMP1917,Joseph Sanchez,29,Male,Customer Service,Customer Success Manager,Master's,1,2022-06-03,,Active,101865,3,4,30,0,80,LinkedIn,Seattle
EMP1918,David Jackson,29,Male,Sales,Account Manager,MBA,1,2021-02-14,,Active,76942,3,1,27,0,0,LinkedIn,Atlanta
EMP1919,Michelle Anderson,26,Non-binary,Customer Service,Support Lead,Bachelor's,0,2020-10-08,2026-01-09,Left,73567,3,2,46,9,68,Indeed,Seattle
EMP1920,Christopher Flores,33,Female,HR,HR Generalist,Master's,1,2022-01-24,,Active,64576,3,5,5,1,12,LinkedIn,New York
EMP1921,Lisa Moore,28,Non-binary,IT,QA Engineer,Bachelor's,1,2022-04-13,,Active,96857,3,3,31,8,0,College Campus,San Francisco
EMP1922,Emily Rodriguez,41,Male,Sales,Sales Representative,Bachelor's,1,2020-11-06,,Active,49406,3,3,44,4,107,Indeed,Boston
EMP1923,Donald Lee,41,Female,Customer Service,Customer Success Manager,Bachelor's,2,2022-02-21,2025-12-05,Left,78906,4,3,36,2,0,LinkedIn,Boston
EMP1924,Mark Roberts,40,Male,IT,Data Scientist,Bachelor's,4,2025-08-12,,Active,104836,3,4,46,13,89,LinkedIn,Atlanta
EMP1925,Patricia Gonzalez,48,Female,IT,Software Engineer,Bachelor's,6,2021-12-16,,Active,108679,3,4,22,9,60,LinkedIn,Chicago
EMP1926,Deborah Rodriguez,22,Non-binary,Operations,Operations Analyst,Bachelor's,0,2025-08-31,,Active,57791,3,4,43,7,0,Indeed,Chicago
EMP1927,Kenneth Rodriguez,46,Female,Marketing,Digital Marketing Manager,Bachelor's,6,2021-02-11,,Active,113422,2,2,42,4,45,Indeed,Chicago
EMP1928,Kenneth Baker,27,Female,Marketing,Marketing Specialist,Bachelor's,1,2026-04-05,,Active,56065,1,5,30,7,32,Referral,Atlanta
EMP1929,Margaret Young,38,Male,Customer Service,Customer Success Manager,Master's,3,2021-12-29,,Active,93585,3,4,18,6,0,Executive Search,San Francisco
EMP1930,Daniel Flores,36,Male,HR,HR Manager,MBA,0,2023-09-08,,Active,98994,4,3,55,0,61,LinkedIn,Austin
EMP1931,Melissa King,46,Female,Customer Service,Customer Success Manager,Master's,3,2022-09-23,,Active,73504,4,4,48,3,0,Indeed,Atlanta
EMP1932,Mary Mitchell,35,Male,Sales,Business Development Associate,Master's,2,2024-12-20,,Active,89877,3,4,26,10,13,College Campus,San Francisco
EMP1933,Christopher Mitchell,39,Non-binary,Customer Service,Customer Success Manager,Bachelor's,9,2024-09-21,,Active,89120,3,2,26,4,32,Indeed,Austin
EMP1934,Barbara Thompson,47,Non-binary,Operations,Supply Chain Planner,Master's,5,2022-07-20,,Active,119704,3,3,49,4,49,LinkedIn,San Francisco
EMP1935,Michelle Smith,40,Male,HR,Talent Acquisition Specialist,Bachelor's,9,2020-09-27,,Active,96835,3,3,21,0,42,Indeed,San Francisco
EMP1936,Brian Adams,21,Non-binary,HR,Benefits Specialist,Bachelor's,0,2023-06-27,,Active,68003,3,4,0,7,74,Referral,New York
EMP1937,Emily White,33,Male,HR,HR Generalist,Bachelor's,0,2025-07-03,2026-06-23,Left,54340,4,1,9,10,56,Glassdoor,Austin
EMP1938,Andrew Anderson,39,Male,Customer Service,Customer Support Agent,Bachelor's,6,2021-07-05,2023-07-26,Left,55978,3,2,43,1,117,Indeed,Atlanta
EMP1939,James Hall,42,Female,IT,Data Scientist,Bachelor's,11,2024-02-18,2026-01-27,Left,198428,3,3,36,7,33,LinkedIn,San Francisco
EMP1940,Donald Ramirez,28,Male,Sales,Sales Director,MBA,1,2024-06-21,,Active,203379,3,4,47,7,51,LinkedIn,San Francisco
EMP1941,Barbara Gonzalez,52,Female,IT,QA Engineer,Bachelor's,7,2025-08-09,,Active,110313,3,2,20,0,42,LinkedIn,Seattle
EMP1942,Anthony Davis,41,Male,Customer Service,Customer Success Manager,Bachelor's,9,2026-01-22,2026-04-12,Left,94216,3,2,22,4,35,LinkedIn,Chicago
EMP1943,Daniel Moore,34,Female,Finance,Financial Analyst,MBA,1,2023-11-29,,Active,67020,3,2,47,10,33,College Campus,Boston
EMP1944,Anthony Carter,44,Female,Customer Service,Customer Success Manager,Bachelor's,5,2022-02-18,,Active,128831,3,3,27,7,22,Executive Search,San Francisco
EMP1945,Robert Walker,54,Female,Finance,Financial Analyst,Bachelor's,10,2023-10-03,,Active,106453,2,2,11,0,103,Referral,Atlanta
EMP1946,Richard Lopez,32,Non-binary,HR,HR Generalist,Bachelor's,4,2024-10-06,2025-12-26,Left,78887,3,3,32,2,0,Referral,San Francisco
EMP1947,Joseph Moore,41,Male,Customer Service,Support Lead,Bachelor's,2,2024-04-05,,Active,76185,3,4,28,3,7,Indeed,Seattle
EMP1948,David Thompson,48,Male,Customer Service,Customer Success Manager,MBA,3,2021-12-01,,Active,94553,4,3,5,12,27,Indeed,Chicago
EMP1949,Brian Robinson,45,Female,Marketing,Content Writer,Bachelor's,2,2020-07-15,,Active,52620,5,3,18,3,0,LinkedIn,Boston
EMP1950,Nancy Green,35,Non-binary,Sales,Sales Director,MBA,6,2023-04-29,,Active,179781,3,5,27,0,36,Referral,San Francisco
EMP1951,Emily Roberts,21,Male,Marketing,Marketing Specialist,Bachelor's,0,2023-08-20,,Active,70018,3,1,0,7,66,Glassdoor,Chicago
EMP1952,Charles Anderson,37,Male,Marketing,Brand Manager,Bachelor's,1,2023-11-20,,Active,97667,4,1,57,4,137,LinkedIn,Chicago
EMP1953,Daniel Clark,36,Non-binary,Sales,Business Development Associate,Bachelor's,4,2023-04-19,,Active,97531,3,4,14,10,45,College Campus,San Francisco
EMP1954,Lisa Nelson,32,Male,Operations,Operations Analyst,Bachelor's,2,2024-05-26,,Active,67191,3,4,44,1,32,College Campus,Atlanta
EMP1955,Brian Hernandez,44,Female,IT,Software Engineer,Master's,8,2022-08-15,,Active,135202,4,3,13,4,14,Glassdoor,Seattle
EMP1956,Mary Jackson,36,Female,Finance,Auditor,PhD,3,2020-04-13,,Active,96651,1,3,30,6,29,Glassdoor,Seattle
EMP1957,Emily Allen,27,Female,IT,QA Engineer,Bachelor's,1,2023-09-29,,Active,79166,1,3,49,6,25,Indeed,Austin
EMP1958,Kimberly Rodriguez,40,Male,HR,Benefits Specialist,Bachelor's,4,2024-11-20,,Active,76069,4,3,0,5,24,Glassdoor,Austin
EMP1959,Steven Adams,39,Female,Finance,Senior Accountant,Master's,5,2022-10-20,,Active,113881,4,3,34,8,107,LinkedIn,Atlanta
EMP1960,Andrew Clark,39,Male,Operations,Logistics Coordinator,Bachelor's,5,2025-11-24,,Active,74251,4,4,27,4,0,Referral,Boston
EMP1961,Melissa Lee,36,Male,Operations,Operations Manager,Master's,2,2025-09-14,2026-05-09,Left,116687,3,3,54,1,2,LinkedIn,Seattle
EMP1962,Thomas Adams,32,Male,Sales,Sales Representative,MBA,1,2025-10-22,2026-01-14,Left,55281,1,4,48,11,23,Indeed,Atlanta
EMP1963,Betty Carter,47,Male,Operations,Operations Analyst,Bachelor's,7,2024-12-07,,Active,72038,4,3,43,4,0,Indeed,Austin
EMP1964,Andrew Wright,38,Non-binary,Sales,Sales Representative,MBA,9,2023-07-24,,Active,61258,5,5,25,7,44,Referral,Atlanta
EMP1965,Sandra Garcia,41,Male,IT,Data Scientist,Bachelor's,5,2025-03-12,2026-08-13,Left,120218,3,3,30,9,0,LinkedIn,Austin
EMP1966,Carol Nelson,24,Non-binary,IT,Senior Developer,Bachelor's,0,2025-11-04,,Active,124823,3,5,33,1,0,LinkedIn,Chicago
EMP1967,Donna Clark,36,Non-binary,Sales,Account Manager,Bachelor's,2,2022-11-22,,Active,108290,3,4,27,6,92,LinkedIn,New York
EMP1968,Dorothy Hernandez,45,Non-binary,Finance,Senior Accountant,PhD,2,2026-04-25,2026-07-09,Left,93740,4,4,68,0,19,LinkedIn,Atlanta
EMP1969,Carol Mitchell,28,Non-binary,Operations,Operations Analyst,Bachelor's,3,2024-04-08,,Active,73302,1,4,43,7,50,Glassdoor,Austin
EMP1970,Kevin Anderson,43,Female,Finance,Financial Analyst,Master's,5,2025-07-14,,Active,105658,4,4,36,11,94,Indeed,New York
EMP1971,Michelle Allen,30,Male,IT,Senior Developer,Bachelor's,0,2020-12-21,,Active,108039,5,3,30,4,28,Executive Search,Austin
EMP1972,John Lewis,38,Female,HR,HR Generalist,MBA,0,2020-04-07,2021-10-14,Left,62675,4,3,13,0,12,College Campus,Atlanta
EMP1973,Elizabeth King,31,Female,Sales,Account Manager,Bachelor's,4,2022-07-08,,Active,102673,4,4,28,9,57,LinkedIn,Boston
EMP1974,Mary Robinson,43,Non-binary,Marketing,Brand Manager,Bachelor's,11,2025-06-16,,Active,132549,3,3,42,0,85,LinkedIn,Atlanta
EMP1975,Margaret Nguyen,53,Male,Operations,Supply Chain Planner,Master's,7,2021-06-16,,Active,93776,3,3,23,5,130,LinkedIn,Seattle
EMP1976,William Johnson,32,Non-binary,IT,QA Engineer,Bachelor's,1,2026-06-11,,Active,98575,5,4,9,13,7,Indeed,New York
EMP1977,Sarah Moore,38,Female,Customer Service,Customer Success Manager,Bachelor's,4,2025-07-15,,Active,93554,3,2,24,6,62,Executive Search,Austin
EMP1978,James Garcia,22,Female,Operations,Operations Manager,Bachelor's,0,2022-07-15,,Active,117931,4,2,19,12,57,LinkedIn,Seattle
EMP1979,Jennifer Martinez,43,Non-binary,Sales,Sales Director,PhD,3,2021-07-21,,Active,154820,3,3,19,6,0,Indeed,San Francisco
EMP1980,Patricia Thomas,28,Non-binary,Operations,Supply Chain Planner,Master's,0,2026-06-01,,Active,74150,3,3,41,3,115,LinkedIn,New York
EMP1981,Karen Williams,36,Non-binary,HR,Benefits Specialist,Bachelor's,1,2026-05-31,,Active,69080,3,1,8,8,22,Indeed,Chicago
EMP1982,Carol Johnson,40,Female,Customer Service,Support Lead,PhD,2,2024-05-03,,Active,79531,2,3,7,1,67,College Campus,Seattle
EMP1983,Jessica King,32,Female,Operations,Supply Chain Planner,Bachelor's,6,2021-09-05,,Active,74386,4,5,74,5,0,LinkedIn,Austin
EMP1984,Joshua Roberts,42,Female,Marketing,Content Writer,Master's,4,2020-08-16,,Active,68647,3,2,22,0,20,Indeed,Chicago
EMP1985,Barbara Rodriguez,28,Non-binary,Finance,Senior Accountant,Master's,1,2023-04-17,2025-02-01,Left,90671,5,2,35,7,99,Indeed,Atlanta
EMP1986,Betty Jones,36,Female,Marketing,Content Writer,PhD,3,2022-12-07,,Active,64675,5,3,39,2,34,College Campus,San Francisco
EMP1987,Elizabeth Nguyen,36,Non-binary,Marketing,Digital Marketing Manager,MBA,5,2026-05-23,,Active,144016,3,3,37,7,0,Executive Search,San Francisco
EMP1988,Amanda Young,42,Female,HR,HR Manager,Bachelor's,6,2020-02-08,2022-05-29,Left,168068,3,2,48,4,175,Indeed,Seattle
EMP1989,Jessica Miller,32,Non-binary,Marketing,Digital Marketing Manager,Bachelor's,3,2021-04-25,,Active,112764,3,5,12,11,58,LinkedIn,Seattle
EMP1990,Karen Brown,32,Female,Operations,Supply Chain Planner,Master's,2,2025-03-31,,Active,64594,5,4,36,0,6,College Campus,Austin
EMP1991,Kevin Anderson,36,Non-binary,Customer Service,Support Lead,MBA,4,2020-08-07,,Active,79437,2,2,25,3,41,LinkedIn,Boston
EMP1992,Christopher Martinez,33,Female,Customer Service,Customer Success Manager,MBA,3,2020-04-13,,Active,72058,3,2,18,5,152,Glassdoor,Austin
EMP1993,Karen Hernandez,61,Female,Operations,Logistics Coordinator,Master's,9,2022-10-20,,Active,61705,4,3,37,0,66,LinkedIn,Chicago
EMP1994,Nancy Anderson,25,Male,Sales,Business Development Associate,Bachelor's,1,2020-11-13,,Active,67540,3,3,17,6,64,College Campus,Austin
EMP1995,Deborah Wright,34,Non-binary,Customer Service,Customer Support Agent,MBA,3,2023-02-23,,Active,54931,2,3,54,9,3,LinkedIn,Boston
EMP1996,Jessica Green,28,Female,Sales,Business Development Associate,MBA,0,2024-06-22,,Active,48293,3,3,26,1,89,Indeed,Austin
EMP1997,George Adams,37,Non-binary,Finance,Financial Analyst,PhD,2,2022-08-12,,Active,71412,2,3,3,0,60,LinkedIn,Chicago
EMP1998,Kevin Gonzalez,21,Male,Marketing,Brand Manager,Bachelor's,0,2020-10-28,,Active,133152,3,1,4,7,73,Indeed,Seattle
EMP1999,Ashley Thompson,23,Male,Sales,Sales Representative,Bachelor's,0,2026-06-24,,Active,73576,5,3,20,8,3,LinkedIn,Seattle
EMP2000,Melissa Nguyen,30,Non-binary,IT,Data Scientist,Master's,0,2024-02-13,,Active,142240,3,2,0,5,0,LinkedIn,San Francisco
EMP2001,Karen Moore,46,Female,Finance,Financial Analyst,MBA,8,2024-03-12,,Active,110347,3,3,0,8,43,College Campus,Seattle
EMP2002,Deborah Anderson,32,Male,IT,Software Engineer,Bachelor's,3,2024-01-01,,Active,103514,2,4,60,0,8,Referral,Boston
EMP2003,Kenneth Williams,34,Female,Operations,Operations Manager,PhD,1,2025-11-29,,Active,151676,3,3,20,6,172,Referral,New York
EMP2004,Sarah Thompson,31,Male,Finance,Financial Analyst,Bachelor's,3,2020-08-15,,Active,94831,3,3,60,1,9,LinkedIn,Atlanta
EMP2005,Jennifer Campbell,24,Non-binary,IT,System Administrator,Master's,0,2022-03-20,,Active,93508,4,3,53,4,21,Indeed,Seattle
EMP2006,Kevin Davis,30,Non-binary,IT,QA Engineer,MBA,1,2020-01-09,,Active,91639,1,1,0,8,27,LinkedIn,Seattle
EMP2007,Amanda Martin,22,Male,Finance,Financial Analyst,Bachelor's,0,2020-02-27,,Active,67053,3,5,13,3,76,College Campus,Atlanta
EMP2008,Barbara Garcia,33,Male,IT,Senior Developer,MBA,2,2023-05-08,2025-09-12,Left,140481,4,4,18,5,0,Glassdoor,Atlanta
EMP2009,Paul Scott,45,Female,Finance,Financial Analyst,Bachelor's,2,2024-07-17,,Active,78381,2,2,25,1,130,LinkedIn,Boston
EMP2010,Jennifer Harris,26,Female,Sales,Account Manager,Bachelor's,0,2026-02-22,2026-05-30,Left,83343,4,3,0,5,48,LinkedIn,Seattle
EMP2011,Sandra Martin,40,Non-binary,IT,Data Scientist,Bachelor's,6,2026-06-25,,Active,103541,3,4,36,0,73,LinkedIn,Atlanta
EMP2012,Kimberly Walker,43,Non-binary,IT,Data Scientist,PhD,1,2025-10-12,,Active,107494,3,4,31,8,0,Glassdoor,San Francisco
EMP2013,Brian Green,44,Non-binary,Finance,Senior Accountant,MBA,2,2021-09-12,,Active,98563,5,5,63,2,40,Referral,New York
EMP2014,Nancy Wright,35,Male,Finance,Financial Analyst,Bachelor's,2,2023-05-25,,Active,68408,3,3,36,12,0,LinkedIn,Chicago
EMP2015,Charles Robinson,41,Male,Operations,Logistics Coordinator,Master's,4,2022-09-01,,Active,66108,5,2,21,8,39,Glassdoor,San Francisco
EMP2016,Lisa Rivera,38,Female,Sales,Sales Representative,Bachelor's,1,2025-10-10,,Active,74653,4,4,44,3,24,College Campus,Seattle
EMP2017,Mark Carter,34,Male,Sales,Sales Representative,Bachelor's,7,2024-11-13,,Active,96379,3,3,26,4,61,LinkedIn,Seattle
EMP2018,Matthew Clark,47,Female,Sales,Account Manager,Bachelor's,3,2025-12-24,,Active,98987,3,4,28,2,0,LinkedIn,San Francisco
EMP2019,William Mitchell,53,Male,Operations,Operations Manager,Bachelor's,5,2023-03-07,,Active,140253,3,3,17,6,116,Indeed,New York
EMP2020,Dorothy Sanchez,41,Female,Customer Service,Customer Support Agent,Bachelor's,9,2020-05-09,,Active,52868,4,4,66,9,86,Referral,Austin
EMP2021,George King,40,Male,IT,QA Engineer,MBA,2,2025-04-22,,Active,59682,2,4,15,4,37,Referral,Chicago
EMP2022,Linda Hernandez,41,Non-binary,Operations,Logistics Coordinator,Bachelor's,1,2021-03-20,2023-01-31,Left,47781,1,3,47,11,46,LinkedIn,Boston
EMP2023,Timothy White,31,Female,Operations,Operations Manager,Master's,2,2024-11-19,2026-07-29,Left,124668,3,3,12,10,94,Indeed,San Francisco
EMP2024,Margaret Williams,35,Non-binary,Sales,Sales Director,Bachelor's,2,2024-03-11,,Active,232329,3,5,1,3,24,LinkedIn,Seattle
EMP2025,Emily Rodriguez,32,Non-binary,Finance,Finance Manager,Bachelor's,3,2022-10-20,,Active,121741,2,2,8,5,53,Indeed,Boston
EMP2026,Amanda Scott,39,Male,Finance,Finance Manager,Master's,7,2022-05-30,,Active,132929,4,4,52,6,137,Referral,Atlanta
EMP2027,David Hernandez,35,Female,Operations,Operations Manager,Master's,2,2024-03-12,,Active,125662,2,2,8,10,123,Glassdoor,San Francisco
EMP2028,Anthony Miller,36,Male,Customer Service,Customer Support Agent,MBA,4,2023-08-07,2025-07-22,Left,50896,1,1,23,11,90,Indeed,Chicago
EMP2029,Mary Rodriguez,24,Female,Customer Service,Customer Support Agent,Bachelor's,0,2023-02-08,2025-02-22,Left,43257,3,1,43,7,16,LinkedIn,Chicago
EMP2030,Carol Campbell,38,Male,IT,QA Engineer,Master's,5,2022-09-08,2023-05-27,Left,69691,3,3,27,9,20,Indeed,Austin
EMP2031,Thomas Martin,32,Male,HR,HR Manager,Bachelor's,1,2024-10-28,,Active,113348,4,3,22,0,70,College Campus,Chicago
EMP2032,Susan Miller,54,Female,Finance,Auditor,Master's,19,2022-09-19,2025-08-12,Left,99938,2,4,31,0,1,College Campus,Atlanta
EMP2033,Kenneth Torres,29,Non-binary,Sales,Sales Director,Master's,1,2023-06-11,2024-08-09,Left,204213,3,3,0,4,0,Indeed,Seattle
EMP2034,Christopher Rivera,39,Male,Finance,Auditor,Master's,0,2020-01-22,,Active,72922,3,4,0,9,75,Referral,Austin
EMP2035,Brian Walker,35,Non-binary,Customer Service,Customer Success Manager,MBA,1,2022-04-04,,Active,101090,1,3,0,0,54,Glassdoor,New York
EMP2036,Mary Hill,42,Male,Sales,Account Manager,Bachelor's,0,2021-03-22,,Active,82767,3,4,32,6,72,Indeed,San Francisco
EMP2037,Susan Torres,39,Male,Sales,Sales Director,PhD,3,2021-08-01,,Active,126129,5,4,10,9,0,LinkedIn,Chicago
EMP2038,Sandra Harris,27,Female,Marketing,Digital Marketing Manager,Master's,0,2023-09-26,,Active,85835,3,3,23,8,28,College Campus,Chicago
EMP2039,Paul Perez,23,Non-binary,IT,Senior Developer,Master's,0,2021-07-20,2025-04-25,Left,187447,2,1,45,0,0,Glassdoor,San Francisco
EMP2040,Richard Anderson,37,Non-binary,HR,HR Manager,Master's,3,2021-10-21,,Active,99750,3,5,35,1,33,LinkedIn,Chicago
EMP2041,Joshua Smith,28,Male,Sales,Sales Director,Master's,3,2020-09-18,,Active,183458,3,3,23,6,61,LinkedIn,Seattle
EMP2042,Mark Lee,40,Male,Operations,Operations Analyst,Bachelor's,1,2021-11-18,,Active,88475,1,3,55,7,22,Referral,San Francisco
EMP2043,Susan Baker,37,Male,Customer Service,Support Lead,Bachelor's,4,2021-02-02,,Active,63722,3,3,15,9,69,LinkedIn,Boston
EMP2044,George Allen,35,Female,IT,QA Engineer,Master's,4,2026-03-18,,Active,75155,5,2,12,3,140,Indeed,Austin
EMP2045,Patricia Thomas,26,Female,IT,System Administrator,Bachelor's,1,2021-06-10,,Active,73072,4,3,11,5,63,LinkedIn,Atlanta
EMP2046,John Green,32,Non-binary,Operations,Operations Manager,Bachelor's,0,2021-02-14,,Active,88515,3,4,40,5,41,Glassdoor,Boston
EMP2047,Timothy White,40,Female,Sales,Business Development Associate,Master's,4,2023-02-27,,Active,57433,1,3,31,2,0,College Campus,Austin
EMP2048,John Thomas,30,Male,HR,HR Manager,Master's,3,2022-03-26,,Active,119219,4,5,44,5,50,LinkedIn,Boston
EMP2049,Joshua Young,45,Female,HR,HR Generalist,Master's,14,2024-12-28,,Active,81321,3,4,12,5,15,Indeed,Atlanta
EMP2050,Amanda Moore,23,Non-binary,Marketing,Marketing Specialist,MBA,0,2026-01-02,,Active,67619,1,3,14,4,3,Glassdoor,Chicago
EMP2051,James Jackson,41,Female,Customer Service,Customer Success Manager,Master's,3,2023-07-19,2024-08-27,Left,90556,3,4,17,5,96,LinkedIn,San Francisco
EMP2052,Thomas Harris,39,Non-binary,IT,Senior Developer,Bachelor's,6,2024-12-24,,Active,174737,4,5,24,7,27,Referral,Boston
EMP2053,Nancy Flores,35,Male,Finance,Senior Accountant,Bachelor's,4,2020-01-13,,Active,81818,3,4,11,6,55,Indeed,Chicago
EMP2054,William Gonzalez,37,Male,Marketing,Brand Manager,MBA,1,2021-06-20,,Active,103658,5,4,5,2,0,LinkedIn,Austin
EMP2055,Melissa Allen,24,Female,IT,Data Scientist,Master's,0,2024-06-23,,Active,141056,5,2,45,1,85,LinkedIn,Seattle
EMP2056,Michelle Walker,29,Non-binary,Operations,Operations Manager,Bachelor's,1,2024-06-10,2026-02-22,Left,143549,4,1,33,3,0,Executive Search,New York
EMP2057,Andrew Adams,29,Female,Finance,Auditor,Bachelor's,6,2025-02-05,2025-12-14,Left,91561,4,3,42,0,0,LinkedIn,Boston
EMP2058,Margaret Baker,37,Non-binary,Finance,Auditor,Bachelor's,7,2024-08-09,,Active,123560,1,2,36,19,55,Glassdoor,San Francisco
EMP2059,Richard Sanchez,42,Male,IT,Data Scientist,MBA,3,2021-03-13,2024-02-08,Left,164658,3,3,53,0,86,LinkedIn,New York
EMP2060,Christopher Campbell,38,Female,Marketing,Content Writer,Bachelor's,6,2024-03-31,,Active,63030,3,3,26,3,58,Indeed,Chicago
EMP2061,Ashley Thompson,45,Female,HR,HR Manager,Bachelor's,6,2022-05-03,2025-11-05,Left,134220,2,1,48,4,84,Indeed,Austin
EMP2062,Dorothy Rodriguez,31,Female,IT,System Administrator,Bachelor's,2,2023-04-03,,Active,99345,3,3,29,8,61,LinkedIn,New York
EMP2063,Thomas Jones,32,Female,Marketing,Content Writer,Master's,0,2021-03-22,,Active,40161,5,4,71,4,69,LinkedIn,Chicago
EMP2064,Margaret Johnson,40,Non-binary,HR,HR Manager,Master's,3,2020-05-10,,Active,155117,3,4,4,0,35,College Campus,Seattle
EMP2065,Donna Martin,39,Male,Finance,Senior Accountant,MBA,8,2025-06-20,,Active,143218,3,4,6,0,67,Referral,San Francisco
EMP2066,Paul Flores,40,Male,HR,HR Generalist,Master's,10,2026-05-08,,Active,75751,3,1,18,6,29,Indeed,Atlanta
EMP2067,Kenneth Jones,30,Female,Sales,Business Development Associate,MBA,2,2024-02-21,,Active,86223,3,2,50,8,62,Executive Search,Seattle
EMP2068,Susan White,34,Male,Finance,Financial Analyst,Bachelor's,4,2020-05-11,,Active,79357,3,4,59,6,9,Referral,Chicago
EMP2069,Karen Allen,51,Female,IT,Data Scientist,PhD,5,2025-06-12,2025-12-19,Left,135184,4,3,67,2,19,LinkedIn,Chicago
EMP2070,Kenneth Carter,51,Non-binary,HR,Benefits Specialist,Master's,9,2026-02-06,,Active,94390,4,3,66,0,79,Glassdoor,New York
EMP2071,Joseph Garcia,23,Male,Marketing,Digital Marketing Manager,Bachelor's,0,2022-05-21,,Active,109117,4,3,29,0,24,Indeed,Chicago
EMP2072,John Anderson,49,Male,Operations,Supply Chain Planner,Bachelor's,5,2024-01-03,,Active,84080,3,2,32,0,136,Indeed,Boston
EMP2073,Kevin Martin,37,Male,Sales,Sales Director,Bachelor's,1,2026-02-20,,Active,150024,1,2,5,12,83,Indeed,Boston
EMP2074,Christopher Adams,23,Non-binary,Sales,Sales Director,Master's,0,2023-07-29,,Active,184238,3,2,50,6,0,LinkedIn,New York
EMP2075,Mary Mitchell,43,Female,Operations,Supply Chain Planner,Master's,2,2026-06-09,,Active,81436,3,4,48,0,39,Referral,Boston
EMP2076,Susan Miller,29,Non-binary,Sales,Account Manager,MBA,1,2023-04-07,,Active,62484,4,3,52,13,44,LinkedIn,Boston
EMP2077,Jennifer White,42,Non-binary,Customer Service,Customer Success Manager,Bachelor's,1,2020-10-07,2024-03-05,Left,110559,3,3,26,3,0,LinkedIn,Seattle
EMP2078,Nancy Torres,35,Female,Marketing,Marketing Specialist,Bachelor's,4,2022-01-01,,Active,61485,4,2,3,4,94,LinkedIn,Austin
EMP2079,Donna Allen,46,Female,IT,Senior Developer,MBA,8,2024-01-04,,Active,197904,3,3,45,0,39,LinkedIn,San Francisco
EMP2080,Christopher Moore,35,Female,Operations,Supply Chain Planner,MBA,1,2024-09-11,,Active,100087,3,3,37,5,0,Indeed,New York
EMP2081,Robert Green,31,Female,Sales,Business Development Associate,Master's,2,2021-09-21,,Active,59707,2,4,9,3,29,Referral,Chicago
EMP2082,Donna Baker,42,Non-binary,Sales,Account Manager,Bachelor's,10,2020-07-25,2025-09-02,Left,107587,2,3,10,7,39,Indeed,Austin
EMP2083,Lisa Allen,51,Female,Customer Service,Customer Success Manager,PhD,8,2021-06-04,,Active,96094,3,3,26,5,15,Indeed,Boston
EMP2084,Anthony Wilson,34,Female,Customer Service,Customer Support Agent,Master's,0,2024-01-28,,Active,57783,3,3,63,8,74,Indeed,New York
EMP2085,Linda Green,31,Male,Marketing,Marketing Specialist,Master's,1,2026-04-12,2026-08-05,Left,61292,4,2,16,10,0,Indeed,Boston
EMP2086,Paul King,49,Non-binary,Customer Service,Customer Success Manager,Master's,4,2020-11-01,,Active,123223,2,4,51,7,20,Referral,Seattle
EMP2087,James Sanchez,23,Female,Customer Service,Customer Success Manager,Bachelor's,0,2021-01-02,,Active,110760,3,1,19,8,40,LinkedIn,New York
EMP2088,Kimberly Martinez,30,Non-binary,Marketing,Digital Marketing Manager,Bachelor's,4,2026-01-03,,Active,134871,5,3,56,7,81,Indeed,San Francisco
EMP2089,John Thomas,38,Female,IT,QA Engineer,Master's,1,2023-11-30,,Active,68373,3,3,21,9,100,Indeed,Austin
EMP2090,Richard Perez,30,Male,Sales,Sales Representative,Bachelor's,0,2023-10-06,,Active,69940,2,2,52,5,177,LinkedIn,Seattle
EMP2091,Michael Lee,39,Male,Operations,Operations Analyst,Bachelor's,5,2023-09-28,2025-12-10,Left,72514,1,3,54,6,19,LinkedIn,Boston
EMP2092,Joshua Baker,28,Non-binary,HR,HR Manager,MBA,0,2022-03-29,2026-07-16,Left,98360,3,1,16,2,30,Indeed,Boston
EMP2093,Karen Jones,32,Male,Sales,Sales Representative,Bachelor's,0,2020-11-14,,Active,62988,5,4,42,3,68,Executive Search,Boston
EMP2094,Richard Sanchez,41,Male,Sales,Sales Representative,Master's,3,2026-05-19,2026-07-20,Left,67839,5,3,20,5,80,Indeed,Chicago
EMP2095,Kenneth Lewis,29,Non-binary,Sales,Business Development Associate,MBA,2,2021-03-17,,Active,50491,5,4,10,1,47,Referral,Atlanta
EMP2096,Margaret Allen,35,Female,Sales,Business Development Associate,Bachelor's,3,2020-03-17,,Active,61168,5,5,33,5,89,Referral,Atlanta
EMP2097,Karen Johnson,21,Female,HR,Talent Acquisition Specialist,Bachelor's,0,2024-01-30,,Active,58462,3,2,58,7,0,Glassdoor,Atlanta
EMP2098,Emily Young,25,Female,Operations,Logistics Coordinator,Bachelor's,1,2025-08-20,,Active,51819,2,3,15,9,102,Indeed,Atlanta
EMP2099,Susan Rivera,37,Non-binary,Marketing,Marketing Specialist,Bachelor's,3,2023-02-18,,Active,74282,3,5,53,0,35,Glassdoor,Chicago
EMP2100,Joseph Lopez,21,Male,Sales,Sales Director,Bachelor's,0,2022-12-13,,Active,182555,3,3,52,4,0,LinkedIn,New York
EMP2101,Mary Robinson,34,Female,Finance,Finance Manager,MBA,4,2024-01-03,,Active,167018,3,4,30,4,13,Glassdoor,Seattle
EMP2102,Andrew Thompson,29,Non-binary,Operations,Operations Analyst,Master's,1,2022-04-11,,Active,68597,5,4,59,13,110,Glassdoor,Boston
EMP2103,James Perez,33,Female,HR,Talent Acquisition Specialist,Bachelor's,7,2025-08-26,,Active,103728,3,2,0,10,69,LinkedIn,New York
EMP2104,Michael Anderson,37,Female,Finance,Finance Manager,Master's,2,2023-04-16,,Active,131139,2,4,26,1,18,Indeed,Boston
EMP2105,Brian Young,47,Male,Finance,Financial Analyst,MBA,7,2025-01-11,,Active,79627,5,4,63,2,104,Indeed,Boston
EMP2106,Jessica Gonzalez,44,Non-binary,IT,Senior Developer,Master's,6,2022-12-16,,Active,181755,4,4,60,7,123,Indeed,Austin
EMP2107,Amanda Lopez,58,Female,HR,Benefits Specialist,Bachelor's,11,2023-11-29,,Active,93346,4,2,55,6,75,Executive Search,Austin
EMP2108,James Rodriguez,43,Male,Operations,Supply Chain Planner,PhD,5,2021-06-24,,Active,96157,5,4,0,1,40,LinkedIn,San Francisco
EMP2109,William Baker,40,Male,HR,HR Manager,Master's,5,2020-08-12,,Active,99115,3,4,10,1,14,Indeed,Atlanta
EMP2110,Anthony Young,27,Male,Operations,Operations Analyst,Bachelor's,1,2023-11-06,,Active,85205,3,3,34,5,40,Glassdoor,New York
EMP2111,Linda Moore,46,Female,Marketing,Digital Marketing Manager,Bachelor's,11,2022-12-24,2024-06-14,Left,163936,3,1,0,9,0,Indeed,San Francisco
EMP2112,Matthew Brown,33,Male,Sales,Account Manager,Bachelor's,1,2021-02-02,,Active,88013,2,3,10,3,24,Indeed,Austin
EMP2113,Michelle Harris,35,Non-binary,Operations,Operations Manager,MBA,1,2026-06-12,,Active,128111,3,2,39,0,26,Glassdoor,Chicago
EMP2114,Jennifer Martin,45,Female,IT,Senior Developer,Master's,4,2022-10-01,,Active,204283,3,2,4,0,97,Referral,Seattle
EMP2115,George Wilson,44,Non-binary,Customer Service,Support Lead,MBA,7,2025-10-24,2026-07-19,Left,95128,3,3,39,4,5,Indeed,Seattle
EMP2116,Andrew Smith,37,Male,Customer Service,Customer Support Agent,Bachelor's,4,2022-02-24,,Active,52320,3,5,19,0,0,Glassdoor,San Francisco
EMP2117,Carol Walker,45,Female,Customer Service,Customer Support Agent,Bachelor's,13,2020-10-15,,Active,77630,5,2,62,9,1,Indeed,San Francisco
EMP2118,Emily Lee,21,Female,HR,HR Generalist,Bachelor's,0,2024-12-16,,Active,45457,3,3,37,3,65,Indeed,Chicago
EMP2119,Steven Gonzalez,42,Male,Marketing,Brand Manager,Bachelor's,7,2020-07-04,2023-04-30,Left,106727,5,2,64,0,76,Indeed,Atlanta
EMP2120,Emily Garcia,33,Male,IT,System Administrator,Bachelor's,1,2024-02-04,,Active,96449,3,3,56,7,13,LinkedIn,San Francisco
EMP2121,Kimberly Jones,37,Female,IT,Software Engineer,Master's,4,2023-06-13,,Active,100920,3,2,57,0,177,LinkedIn,Atlanta
EMP2122,Patricia Clark,32,Female,Operations,Operations Analyst,Master's,2,2024-12-01,,Active,86424,3,4,44,12,50,Referral,San Francisco
EMP2123,Barbara Rivera,26,Female,IT,QA Engineer,Master's,0,2021-07-27,,Active,70911,3,2,32,7,65,Indeed,New York
EMP2124,Brian Perez,48,Non-binary,IT,System Administrator,MBA,4,2021-06-06,,Active,93561,2,3,7,2,38,LinkedIn,Seattle
EMP2125,Anthony Walker,34,Female,Finance,Financial Analyst,Bachelor's,1,2026-04-13,,Active,71216,1,2,55,16,0,LinkedIn,Chicago
EMP2126,Jessica Wilson,36,Female,Marketing,Digital Marketing Manager,MBA,5,2021-02-28,,Active,125838,1,3,29,5,0,LinkedIn,San Francisco
EMP2127,William Lopez,28,Non-binary,IT,System Administrator,Master's,2,2025-07-28,,Active,69748,5,1,30,8,92,Glassdoor,Austin
EMP2128,Linda Carter,25,Male,Marketing,Brand Manager,Bachelor's,2,2024-11-24,2025-11-13,Left,127784,3,2,48,5,0,LinkedIn,San Francisco
EMP2129,Susan Hernandez,28,Male,Marketing,Brand Manager,Bachelor's,3,2025-10-11,,Active,119819,2,3,35,0,88,LinkedIn,Chicago
EMP2130,Deborah Martin,40,Female,Sales,Sales Representative,Master's,6,2024-12-18,,Active,75393,3,3,25,4,0,LinkedIn,San Francisco
EMP2131,Emily Thompson,45,Non-binary,Customer Service,Support Lead,Bachelor's,15,2025-04-26,,Active,104827,4,5,35,3,13,LinkedIn,Boston
EMP2132,Kenneth White,22,Non-binary,Sales,Account Manager,Bachelor's,0,2020-10-13,,Active,73263,3,2,15,13,125,Indeed,Chicago
EMP2133,Nancy Torres,30,Female,Finance,Auditor,MBA,2,2021-05-04,2025-01-18,Left,91505,3,3,9,3,75,Glassdoor,Seattle
EMP2134,Karen Miller,34,Female,Customer Service,Support Lead,Bachelor's,2,2023-06-10,,Active,78524,4,4,36,0,0,LinkedIn,San Francisco
EMP2135,Timothy Sanchez,48,Female,Finance,Senior Accountant,Bachelor's,18,2024-10-09,,Active,132144,4,3,13,0,103,College Campus,Chicago
EMP2136,Deborah Torres,44,Non-binary,Finance,Senior Accountant,Master's,4,2021-09-21,,Active,115260,4,4,0,11,30,Executive Search,San Francisco
EMP2137,Elizabeth Martin,38,Non-binary,Sales,Sales Representative,Bachelor's,5,2023-11-22,2026-05-20,Left,91503,4,4,36,3,0,Indeed,San Francisco
EMP2138,Christopher Moore,48,Male,Operations,Operations Manager,Bachelor's,6,2022-10-17,2026-04-18,Left,149975,3,3,40,6,88,Glassdoor,Austin
EMP2139,Betty Campbell,42,Male,Finance,Auditor,Master's,11,2022-01-04,,Active,109346,5,4,63,0,0,Referral,Atlanta
EMP2140,Anthony Miller,40,Male,HR,HR Generalist,Bachelor's,5,2024-05-19,,Active,86848,4,3,28,8,11,LinkedIn,New York
EMP2141,Susan Walker,21,Female,IT,QA Engineer,Bachelor's,0,2020-01-13,,Active,60441,3,5,55,0,41,Glassdoor,Boston
EMP2142,Amanda Johnson,36,Non-binary,HR,Benefits Specialist,Master's,3,2024-11-17,2025-06-18,Left,66095,2,2,51,6,6,LinkedIn,Boston
EMP2143,Deborah Martin,39,Non-binary,Sales,Business Development Associate,Master's,3,2025-06-19,,Active,77831,2,3,51,8,0,Indeed,San Francisco
EMP2144,Matthew Hall,37,Male,Customer Service,Support Lead,Bachelor's,1,2025-01-31,,Active,73147,2,2,56,7,23,College Campus,San Francisco
EMP2145,Kenneth Martin,47,Non-binary,Sales,Sales Director,Bachelor's,3,2025-08-27,2026-03-24,Left,185330,4,1,78,7,69,LinkedIn,Atlanta
EMP2146,Charles Torres,39,Non-binary,Marketing,Content Writer,Bachelor's,0,2023-07-03,,Active,40838,3,4,56,4,75,LinkedIn,Austin
EMP2147,John Miller,28,Male,IT,Senior Developer,PhD,0,2020-03-26,,Active,142435,4,2,34,14,29,LinkedIn,Chicago
EMP2148,Emily Williams,42,Non-binary,IT,Senior Developer,Master's,3,2022-04-25,,Active,168250,3,5,5,0,18,College Campus,San Francisco
EMP2149,Kevin Wilson,26,Female,Finance,Financial Analyst,PhD,0,2024-10-16,2025-02-08,Left,59493,4,3,0,7,11,LinkedIn,Chicago
EMP2150,Ashley Hill,38,Female,IT,System Administrator,Bachelor's,9,2020-11-18,,Active,85660,5,3,0,7,29,Indeed,Atlanta
EMP2151,Kevin Garcia,49,Non-binary,IT,System Administrator,Master's,6,2020-04-30,,Active,80963,3,2,30,4,66,College Campus,Boston
EMP2152,Betty Wright,46,Male,Operations,Operations Analyst,PhD,4,2020-05-02,,Active,80890,2,3,50,6,30,College Campus,Atlanta
EMP2153,Steven Mitchell,23,Female,Finance,Finance Manager,MBA,0,2021-10-12,,Active,117407,2,3,39,8,27,LinkedIn,San Francisco
EMP2154,Michael Young,45,Non-binary,Marketing,Marketing Specialist,MBA,4,2023-04-02,,Active,95424,3,1,24,0,41,Indeed,San Francisco
EMP2155,Ashley Davis,39,Male,HR,HR Generalist,Bachelor's,8,2020-02-20,,Active,72783,3,5,10,9,71,Indeed,Atlanta
EMP2156,Dorothy Scott,35,Male,IT,System Administrator,MBA,7,2021-02-15,,Active,102249,3,4,32,6,0,Glassdoor,New York
EMP2157,Brian Jones,39,Female,Marketing,Digital Marketing Manager,Master's,3,2024-05-03,,Active,118969,3,4,53,4,16,Referral,Austin
EMP2158,Jessica Scott,53,Male,IT,Software Engineer,Master's,11,2022-07-26,,Active,117159,2,3,34,3,0,Executive Search,Boston
EMP2159,Charles Hernandez,31,Non-binary,HR,HR Generalist,Bachelor's,2,2020-05-28,2021-01-03,Left,58648,3,1,16,8,0,College Campus,Chicago
EMP2160,Joshua Nelson,28,Female,Operations,Logistics Coordinator,Bachelor's,1,2023-06-17,,Active,49063,4,3,7,5,55,LinkedIn,Austin
EMP2161,Timothy Adams,25,Male,Finance,Financial Analyst,Bachelor's,0,2025-05-20,,Active,78190,3,4,27,7,29,Referral,New York
EMP2162,Emily Wright,53,Female,Marketing,Brand Manager,Master's,3,2023-01-20,,Active,128187,3,3,12,4,57,Indeed,Atlanta
EMP2163,Joseph Brown,24,Non-binary,IT,Data Scientist,Bachelor's,0,2026-03-19,,Active,125924,3,3,33,2,59,College Campus,Boston
EMP2164,Lisa White,48,Male,Finance,Senior Accountant,Master's,3,2023-10-24,,Active,106450,2,3,19,4,0,LinkedIn,Seattle
EMP2165,Lisa Sanchez,45,Non-binary,Finance,Auditor,Bachelor's,1,2024-01-20,,Active,71839,1,1,9,6,0,LinkedIn,Seattle
EMP2166,Linda Anderson,47,Female,Customer Service,Support Lead,Bachelor's,6,2021-07-13,,Active,79104,4,3,37,1,0,Indeed,Atlanta
EMP2167,James Smith,35,Male,Customer Service,Support Lead,PhD,4,2025-02-05,,Active,78581,3,1,54,3,46,Executive Search,Austin
EMP2168,William Wright,23,Female,Sales,Business Development Associate,Bachelor's,0,2024-04-07,,Active,64121,2,4,2,5,16,College Campus,San Francisco
EMP2169,Joseph Martinez,42,Male,HR,Talent Acquisition Specialist,Master's,2,2022-06-01,2023-05-26,Left,57325,3,1,57,2,124,LinkedIn,Atlanta
EMP2170,Joshua Nguyen,37,Female,IT,Software Engineer,Master's,4,2020-05-01,,Active,78906,3,3,31,7,162,Indeed,Chicago
EMP2171,Lisa Miller,47,Male,HR,HR Manager,Master's,10,2022-09-03,,Active,114724,5,2,0,10,0,College Campus,Boston
EMP2172,Deborah Adams,53,Male,HR,HR Generalist,Master's,9,2022-06-17,,Active,100825,4,2,28,4,0,Glassdoor,Seattle
EMP2173,John Hill,32,Non-binary,Marketing,Digital Marketing Manager,Master's,2,2024-08-06,2025-05-16,Left,112541,2,1,51,4,29,College Campus,New York
EMP2174,Nancy Thomas,48,Non-binary,Marketing,Brand Manager,Bachelor's,12,2026-06-25,,Active,163305,5,3,16,4,0,College Campus,Seattle
EMP2175,Kimberly Clark,49,Female,Finance,Senior Accountant,Master's,6,2021-06-28,,Active,88279,3,2,12,6,0,Indeed,Atlanta
EMP2176,Matthew Anderson,25,Male,Sales,Sales Representative,Master's,0,2023-12-14,2026-01-03,Left,47449,4,3,7,4,50,Glassdoor,Boston
EMP2177,Jessica Campbell,31,Female,Marketing,Marketing Specialist,Bachelor's,5,2024-09-12,,Active,70651,3,3,39,7,15,Indeed,Chicago
EMP2178,Karen Hall,33,Non-binary,Marketing,Brand Manager,Master's,3,2026-04-07,,Active,164840,3,1,24,4,0,College Campus,San Francisco
EMP2179,Brian Martin,49,Male,HR,Benefits Specialist,Bachelor's,11,2020-07-26,,Active,112251,3,4,57,12,56,Indeed,New York
EMP2180,Timothy Moore,28,Female,IT,Software Engineer,Bachelor's,3,2021-03-23,,Active,84482,2,3,44,0,49,LinkedIn,Austin
EMP2181,Karen Nguyen,58,Male,IT,Senior Developer,MBA,19,2025-05-26,,Active,210168,3,1,0,3,60,Indeed,Chicago
EMP2182,David Green,40,Non-binary,Sales,Sales Director,Master's,3,2023-11-29,,Active,145314,4,4,63,2,71,College Campus,Chicago
EMP2183,Paul Jackson,29,Male,HR,Talent Acquisition Specialist,Master's,1,2021-10-22,2023-01-17,Left,55853,1,3,5,5,23,LinkedIn,Chicago
EMP2184,Linda Campbell,35,Female,HR,Benefits Specialist,Bachelor's,2,2022-10-14,,Active,57822,3,3,25,6,0,LinkedIn,Atlanta
EMP2185,Matthew Lopez,44,Male,Marketing,Content Writer,MBA,8,2022-05-12,,Active,74766,3,2,38,0,24,LinkedIn,New York
EMP2186,Kevin Martinez,39,Male,Finance,Finance Manager,Master's,1,2021-11-21,,Active,105955,3,4,54,6,0,Indeed,Chicago
EMP2187,Matthew Anderson,39,Non-binary,IT,Senior Developer,Bachelor's,1,2023-05-03,2024-03-04,Left,138853,4,2,46,0,0,Glassdoor,Atlanta
EMP2188,Ashley Jackson,36,Male,Marketing,Digital Marketing Manager,PhD,3,2020-03-23,,Active,117020,3,3,21,5,0,Indeed,Seattle
EMP2189,Daniel Baker,42,Male,HR,Benefits Specialist,Bachelor's,10,2021-10-14,,Active,97713,5,3,0,4,0,LinkedIn,Austin
EMP2190,Daniel Carter,32,Male,HR,HR Generalist,Bachelor's,2,2024-12-26,,Active,70951,1,2,15,3,0,Indeed,Seattle
EMP2191,James Lopez,37,Female,Sales,Sales Representative,Bachelor's,4,2020-05-31,2022-07-01,Left,68637,3,2,35,1,118,LinkedIn,Boston
EMP2192,Joshua Young,32,Female,IT,Software Engineer,Bachelor's,2,2020-03-08,2021-08-04,Left,116332,3,2,27,12,99,LinkedIn,New York
EMP2193,Nancy Harris,37,Male,Operations,Operations Manager,Master's,6,2020-07-17,,Active,145399,3,3,51,0,87,College Campus,Boston
EMP2194,Mark Nguyen,40,Non-binary,Customer Service,Customer Support Agent,PhD,5,2022-06-06,,Active,52510,3,5,28,3,27,Referral,San Francisco
EMP2195,Joseph Garcia,38,Non-binary,Operations,Supply Chain Planner,PhD,1,2020-08-22,,Active,75413,3,3,0,0,0,Indeed,Austin
EMP2196,Mark Smith,23,Male,IT,Data Scientist,Master's,0,2022-12-31,,Active,129606,3,2,50,4,42,College Campus,Chicago
EMP2197,Mark Young,38,Non-binary,Sales,Business Development Associate,Bachelor's,6,2022-12-06,2023-08-17,Left,58173,3,2,21,9,3,College Campus,Chicago
EMP2198,Andrew Hernandez,29,Male,Customer Service,Customer Success Manager,Master's,1,2024-01-21,,Active,73343,3,3,1,5,85,LinkedIn,Boston
EMP2199,Elizabeth Rodriguez,32,Male,Operations,Operations Analyst,Bachelor's,5,2025-04-29,,Active,78813,5,3,39,2,42,LinkedIn,Austin
EMP2200,Kenneth Ramirez,26,Female,HR,Talent Acquisition Specialist,Bachelor's,2,2025-10-25,2026-02-16,Left,73576,3,3,41,9,50,Indeed,San Francisco
