Employee_ID,Review_Date,Performance_Score,Satisfaction_Score,Training_Hours,Goals_Achieved,Manager_Rating,Promotion_Status
EMP0002,2022-11-15,3,4,22,86,3,No
EMP0002,2023-11-15,2,3,8,83,1,No
EMP0002,2024-11-14,1,3,14,84,1,No
EMP0002,2025-11-14,3,3,0,90,3,No
EMP0003,2021-11-13,1,3,4,78,1,No
EMP0003,2022-11-13,2,3,15,86,2,No
EMP0003,2023-11-13,1,3,2,80,1,No
EMP0003,2024-11-12,1,3,0,61,1,No
EMP0003,2025-11-12,2,3,0,91,1,No
EMP0004,2026-05-07,5,2,75,96,4,No
EMP0005,2024-03-26,4,3,0,103,3,No
EMP0005,2025-03-26,3,4,0,84,2,No
EMP0005,2026-03-26,1,2,15,74,1,No
EMP0006,2022-06-15,3,2,15,106,3,No
EMP0006,2023-06-15,2,4,3,92,2,No
EMP0006,2024-06-14,3,2,18,91,3,No
EMP0006,2025-06-14,2,3,0,77,2,No
EMP0006,2026-06-14,2,2,18,80,3,No
EMP0007,2021-04-09,3,3,22,92,3,No
EMP0007,2022-04-09,3,4,0,69,3,No
EMP0007,2023-04-09,2,5,17,75,2,No
EMP0007,2024-04-08,2,3,0,92,2,No
EMP0007,2025-04-08,2,4,3,89,1,No
EMP0007,2026-04-08,2,2,22,75,2,No
EMP0008,2022-03-19,2,3,0,89,2,No
EMP0008,2023-03-19,2,2,12,93,1,No
EMP0008,2024-03-18,2,3,0,87,2,No
EMP0008,2025-03-18,3,3,0,74,3,No
EMP0008,2026-03-18,4,1,3,110,3,No
EMP0009,2021-10-09,3,4,0,103,3,No
EMP0009,2022-10-09,3,4,25,95,2,No
EMP0009,2023-10-09,3,4,9,82,2,No
EMP0009,2024-10-08,4,3,16,110,3,No
EMP0009,2025-10-08,4,3,8,99,2,No
EMP0010,2025-09-14,1,3,61,60,1,No
EMP0011,2022-05-06,4,3,1,100,3,No
EMP0011,2023-05-06,5,2,8,104,5,No
EMP0011,2024-05-05,4,2,15,110,4,No
EMP0011,2025-05-05,5,3,15,110,4,Yes
EMP0011,2026-05-05,4,4,0,79,3,No
EMP0012,2025-04-26,2,3,3,82,1,No
EMP0012,2026-04-26,2,3,24,82,1,No
EMP0013,2023-08-13,2,3,9,98,1,No
EMP0013,2024-08-12,3,2,4,67,3,No
EMP0013,2025-08-12,2,2,12,74,1,No
EMP0014,2025-09-04,2,1,19,73,1,No
EMP0016,2021-07-01,4,3,11,79,3,No
EMP0016,2022-07-01,5,1,10,102,5,No
EMP0017,2024-06-17,3,1,18,92,2,No
EMP0017,2025-06-17,2,1,36,95,1,No
EMP0017,2026-06-17,1,1,25,81,1,No
EMP0019,2024-10-07,4,3,6,107,4,Yes
EMP0019,2025-10-07,4,4,15,110,4,No
EMP0021,2023-07-10,2,2,9,79,2,No
EMP0022,2025-04-26,3,3,17,104,3,No
EMP0022,2026-04-26,2,2,0,92,2,No
EMP0023,2025-12-11,3,2,14,80,3,No
EMP0024,2026-06-28,4,3,63,110,4,No
EMP0025,2023-04-03,3,2,47,87,3,No
EMP0026,2023-07-19,1,5,0,88,1,No
EMP0026,2024-07-18,2,4,7,105,1,No
EMP0026,2025-07-18,1,5,0,78,1,No
EMP0026,2026-07-18,2,4,1,78,2,No
EMP0027,2022-09-24,4,3,0,97,4,No
EMP0027,2023-09-24,4,4,0,98,5,No
EMP0027,2024-09-23,4,3,0,92,3,No
EMP0027,2025-09-23,5,2,0,102,4,No
EMP0028,2022-02-10,2,2,17,87,1,No
EMP0028,2023-02-10,3,3,6,92,3,No
EMP0028,2024-02-10,4,2,4,100,4,No
EMP0028,2025-02-09,3,2,18,94,3,No
EMP0028,2026-02-09,2,2,0,77,1,No
EMP0029,2024-02-21,2,2,18,68,1,No
EMP0029,2025-02-20,1,3,0,79,1,No
EMP0029,2026-02-20,1,2,13,85,2,No
EMP0030,2024-06-15,3,5,4,102,3,No
EMP0030,2025-06-15,3,5,31,109,3,No
EMP0030,2026-06-15,3,5,0,110,3,No
EMP0031,2026-08-08,3,4,53,99,2,No
EMP0032,2023-12-02,4,3,11,87,3,No
EMP0033,2024-05-25,4,2,20,103,4,No
EMP0034,2024-09-16,2,3,16,84,2,No
EMP0034,2025-09-16,2,3,17,98,1,No
EMP0035,2021-08-05,5,5,19,110,4,No
EMP0035,2022-08-05,4,4,14,86,4,No
EMP0035,2023-08-05,5,5,0,110,5,Yes
EMP0035,2024-08-04,4,5,7,102,4,No
EMP0035,2025-08-04,4,4,21,101,3,Yes
EMP0035,2026-08-04,5,4,2,110,4,No
EMP0036,2026-08-08,2,2,53,72,1,No
EMP0037,2023-08-02,3,2,1,104,2,No
EMP0037,2024-08-01,2,2,16,82,1,No
EMP0037,2025-08-01,2,3,0,99,2,No
EMP0037,2026-08-01,3,3,21,76,3,No
EMP0038,2026-08-08,3,2,54,105,2,No
EMP0039,2023-01-30,3,5,0,89,2,No
EMP0039,2024-01-30,2,5,6,73,1,No
EMP0039,2025-01-29,4,5,0,107,4,No
EMP0039,2026-01-29,2,3,0,86,2,No
EMP0040,2022-04-03,1,4,7,80,1,No
EMP0040,2023-04-03,2,4,0,72,1,No
EMP0040,2024-04-02,1,5,16,43,1,No
EMP0040,2025-04-02,1,3,9,99,1,No
EMP0040,2026-04-02,1,4,0,76,1,No
EMP0041,2021-06-05,4,3,5,106,4,No
EMP0041,2022-06-05,4,3,15,98,3,No
EMP0041,2023-06-05,5,3,9,85,5,No
EMP0041,2024-06-04,5,3,0,102,4,No
EMP0042,2024-08-17,3,3,12,74,3,No
EMP0042,2025-08-17,3,4,11,94,2,No
EMP0042,2026-08-17,2,4,0,75,1,No
EMP0043,2025-06-07,1,2,42,99,1,No
EMP0043,2026-06-07,3,3,13,86,3,No
EMP0044,2022-12-19,1,2,0,64,1,No
EMP0044,2023-12-19,2,3,7,79,2,No
EMP0044,2024-12-18,2,2,8,71,2,No
EMP0044,2025-12-18,1,1,0,60,1,No
EMP0045,2026-08-08,4,1,23,106,4,No
EMP0046,2026-02-17,2,3,28,82,1,No
EMP0047,2022-01-31,3,5,6,94,3,No
EMP0047,2023-01-31,3,4,1,83,3,No
EMP0047,2024-01-31,3,4,0,81,3,No
EMP0047,2025-01-30,2,4,0,81,1,No
EMP0047,2026-01-30,4,3,18,104,4,Yes
EMP0048,2023-03-19,2,2,9,75,1,No
EMP0048,2024-03-18,2,2,0,81,1,No
EMP0048,2025-03-18,2,3,6,96,2,No
EMP0048,2026-03-18,2,2,0,89,1,No
EMP0050,2026-04-14,2,2,47,88,2,No
EMP0052,2021-08-24,4,3,12,105,2,No
EMP0052,2022-08-24,2,2,24,81,2,No
EMP0052,2023-08-24,3,3,0,102,2,No
EMP0052,2024-08-23,3,2,6,78,2,No
EMP0052,2025-08-23,4,3,13,100,4,Yes
EMP0052,2026-08-08,2,2,17,81,1,No
EMP0053,2023-12-14,4,4,14,100,4,No
EMP0053,2024-12-13,2,3,30,95,1,No
EMP0053,2025-12-13,3,2,9,80,4,No
EMP0054,2024-09-14,2,1,0,94,2,No
EMP0054,2025-09-14,2,2,4,90,2,No
EMP0055,2023-09-28,4,3,13,92,4,No
EMP0055,2024-09-27,3,4,25,85,2,No
EMP0055,2025-09-27,4,4,12,94,4,No
EMP0056,2025-03-15,3,4,9,66,3,No
EMP0056,2026-03-15,3,3,0,76,3,No
EMP0057,2021-09-22,2,1,7,81,1,No
EMP0057,2022-09-22,3,1,0,96,3,No
EMP0057,2023-09-22,3,3,2,76,3,No
EMP0057,2024-09-21,3,2,14,94,2,No
EMP0057,2025-09-21,3,2,15,91,2,No
EMP0058,2022-11-19,3,3,9,85,3,No
EMP0058,2023-11-19,3,2,0,100,2,No
EMP0058,2024-11-18,3,2,18,99,2,No
EMP0058,2025-11-18,2,1,15,72,1,No
EMP0059,2023-04-21,3,3,17,110,2,No
EMP0059,2024-04-20,2,2,1,61,1,No
EMP0059,2025-04-20,2,4,0,77,2,No
EMP0059,2026-04-20,3,3,12,86,2,No
EMP0060,2023-05-09,5,2,2,110,4,No
EMP0060,2024-05-08,4,3,21,104,4,No
EMP0060,2025-05-08,5,2,7,89,5,No
EMP0060,2026-05-08,3,3,9,79,2,No
EMP0061,2023-05-02,2,1,0,100,2,No
EMP0061,2024-05-01,2,1,7,68,2,No
EMP0061,2025-05-01,2,1,4,76,2,No
EMP0061,2026-05-01,2,1,13,90,2,No
EMP0062,2025-01-26,3,2,15,95,2,No
EMP0062,2026-01-26,2,2,10,93,1,No
EMP0063,2021-06-15,4,1,11,92,4,No
EMP0063,2022-06-15,3,1,14,89,3,No
EMP0064,2024-03-26,3,3,12,85,2,No
EMP0064,2025-03-26,3,4,6,77,2,No
EMP0064,2026-03-26,2,3,13,100,1,No
EMP0066,2022-12-20,3,3,20,80,2,No
EMP0066,2023-12-20,3,3,0,95,3,No
EMP0066,2024-12-19,3,2,19,96,3,No
EMP0066,2025-12-19,3,3,0,80,3,No
EMP0068,2024-12-26,4,3,17,86,4,No
EMP0068,2025-12-26,3,3,8,110,3,No
EMP0069,2021-03-21,4,2,14,98,3,No
EMP0069,2022-03-21,5,2,19,110,4,No
EMP0069,2023-03-21,5,3,28,110,5,No
EMP0069,2024-03-20,4,3,8,88,4,No
EMP0069,2025-03-20,3,3,0,106,3,No
EMP0069,2026-03-20,5,2,2,81,3,No
EMP0070,2024-12-31,3,1,0,96,3,No
EMP0070,2025-12-31,3,2,1,80,3,No
EMP0071,2023-09-24,3,4,4,97,3,No
EMP0071,2024-09-23,3,3,20,84,2,No
EMP0071,2025-09-23,3,3,4,94,2,No
EMP0072,2023-09-04,1,3,14,77,1,No
EMP0072,2024-09-03,1,4,11,74,1,No
EMP0072,2025-09-03,2,4,0,86,2,No
EMP0073,2026-04-18,3,5,58,94,2,No
EMP0074,2026-05-11,1,3,66,86,1,No
EMP0075,2026-07-05,3,3,0,84,2,No
EMP0077,2021-01-07,3,3,13,100,3,No
EMP0077,2022-01-07,2,2,13,94,2,No
EMP0077,2023-01-07,2,3,16,70,2,No
EMP0077,2024-01-07,4,2,6,110,3,No
EMP0077,2025-01-06,3,2,5,90,2,No
EMP0077,2026-01-06,3,2,2,81,2,No
EMP0078,2024-03-16,3,2,14,82,3,No
EMP0078,2025-03-16,4,2,15,102,4,No
EMP0078,2026-03-16,3,2,28,110,2,No
EMP0079,2025-01-08,3,1,17,100,1,No
EMP0079,2026-01-08,3,4,21,69,2,No
EMP0080,2024-07-10,4,1,17,97,3,No
EMP0081,2023-10-17,2,3,10,76,2,No
EMP0081,2024-10-16,3,4,24,87,2,No
EMP0081,2025-10-16,4,4,24,106,4,Yes
EMP0083,2023-10-04,2,3,13,91,1,No
EMP0083,2024-10-03,3,3,23,75,2,No
EMP0083,2025-10-03,3,3,9,83,3,No
EMP0084,2026-03-08,2,4,8,100,2,No
EMP0085,2024-12-15,3,5,15,110,2,No
EMP0085,2025-12-15,4,5,0,96,3,Yes
EMP0086,2023-07-27,3,1,0,98,3,No
EMP0086,2024-07-26,2,2,2,73,1,No
EMP0087,2024-05-13,3,2,19,110,4,No
EMP0087,2025-05-13,4,2,18,110,4,No
EMP0087,2026-05-13,4,2,3,110,4,No
EMP0088,2022-11-11,2,2,1,90,2,No
EMP0088,2023-11-11,4,3,0,87,4,Yes
EMP0088,2024-11-10,3,2,26,100,4,No
EMP0088,2025-11-10,2,3,10,86,1,No
EMP0089,2021-04-13,3,2,13,100,2,No
EMP0089,2022-04-13,2,1,17,78,2,No
EMP0089,2023-04-13,4,2,22,104,3,Yes
EMP0089,2024-04-12,3,3,10,89,2,No
EMP0089,2025-04-12,4,3,10,78,3,No
EMP0089,2026-04-12,4,3,1,104,3,No
EMP0090,2025-04-08,3,2,33,75,2,No
EMP0090,2026-04-08,2,4,31,85,1,No
EMP0091,2022-03-13,4,4,13,110,3,No
EMP0091,2023-03-13,3,5,8,98,4,No
EMP0091,2024-03-12,3,3,7,107,2,No
EMP0091,2025-03-12,4,4,13,90,3,No
EMP0091,2026-03-12,3,4,10,110,2,No
EMP0092,2022-01-18,3,3,1,84,3,No
EMP0092,2023-01-18,2,3,16,78,2,No
EMP0092,2024-01-18,4,3,0,104,4,No
EMP0092,2025-01-17,3,3,0,81,3,No
EMP0092,2026-01-17,4,4,2,89,4,No
EMP0093,2023-10-16,3,4,22,84,2,No
EMP0093,2024-10-15,2,5,26,78,2,No
EMP0093,2025-10-15,2,4,13,60,1,No
EMP0094,2025-03-10,3,2,27,97,2,No
EMP0094,2026-03-10,3,3,27,89,3,No
EMP0095,2024-07-12,4,1,10,109,3,No
EMP0095,2025-07-12,3,2,0,91,2,No
EMP0095,2026-07-12,4,3,0,100,4,No
EMP0096,2021-11-04,2,4,0,65,2,No
EMP0096,2022-11-04,2,5,11,82,1,No
EMP0096,2023-11-04,3,5,0,95,2,No
EMP0096,2024-11-03,3,5,0,91,2,No
EMP0096,2025-11-03,2,5,3,71,1,No
EMP0097,2022-10-20,2,2,14,84,1,No
EMP0097,2023-10-20,3,2,0,106,2,No
EMP0097,2024-10-19,3,2,7,103,3,No
EMP0097,2025-10-19,2,3,0,76,1,No
EMP0098,2022-11-01,4,4,9,110,3,No
EMP0098,2023-11-01,3,4,9,87,3,No
EMP0098,2024-10-31,3,4,25,88,4,No
EMP0098,2025-10-31,2,4,8,62,2,No
EMP0099,2022-06-26,4,1,39,83,4,No
EMP0099,2023-06-26,4,3,37,87,4,No
EMP0100,2025-06-22,1,1,33,59,1,No
EMP0101,2025-06-08,3,3,23,83,2,No
EMP0101,2026-06-08,2,4,38,75,1,No
EMP0102,2023-09-27,3,1,13,89,3,No
EMP0102,2024-09-26,2,2,13,76,1,No
EMP0102,2025-09-26,1,2,1,71,1,No
EMP0103,2026-02-23,3,4,0,77,3,No
EMP0104,2024-05-22,1,2,16,78,1,No
EMP0104,2025-05-22,1,3,11,81,1,No
EMP0104,2026-05-22,2,2,16,51,2,No
EMP0105,2021-10-16,2,1,8,95,1,No
EMP0105,2022-10-16,3,2,1,92,2,No
EMP0105,2023-10-16,3,3,0,91,2,No
EMP0105,2024-10-15,4,3,30,96,4,Yes
EMP0105,2025-10-15,4,2,6,100,4,No
EMP0107,2022-11-27,4,3,3,89,4,Yes
EMP0107,2023-11-27,2,3,0,89,2,No
EMP0108,2026-06-19,3,1,49,82,2,No
EMP0109,2022-07-17,1,3,0,85,1,No
EMP0109,2023-07-17,3,4,0,105,2,No
EMP0109,2024-07-16,3,3,0,82,2,No
EMP0109,2025-07-16,3,4,0,86,3,No
EMP0109,2026-07-16,3,3,4,90,2,No
EMP0110,2023-11-25,2,1,3,93,1,No
EMP0110,2024-11-24,3,1,1,100,2,No
EMP0110,2025-11-24,2,2,0,70,2,No
EMP0111,2021-09-10,3,4,0,70,2,No
EMP0111,2022-09-10,3,3,15,84,3,No
EMP0111,2023-09-10,2,2,9,69,2,No
EMP0111,2024-09-09,3,2,1,83,2,No
EMP0111,2025-09-09,3,2,13,72,3,No
EMP0112,2026-04-24,3,2,0,77,3,No
EMP0113,2023-06-18,1,3,43,47,1,No
EMP0114,2021-08-11,3,2,8,102,3,No
EMP0114,2022-08-11,3,3,21,96,3,No
EMP0114,2023-08-11,3,2,19,83,2,No
EMP0114,2024-08-10,3,3,14,77,2,No
EMP0114,2025-08-10,4,3,20,83,3,Yes
EMP0114,2026-08-10,3,2,17,102,2,No
EMP0115,2024-06-11,3,1,8,84,2,No
EMP0115,2025-06-11,3,1,0,102,2,No
EMP0115,2026-06-11,2,1,0,96,1,No
EMP0116,2024-05-28,3,3,5,110,3,No
EMP0116,2025-05-28,3,3,0,109,3,No
EMP0116,2026-05-28,2,2,18,79,1,No
EMP0117,2022-08-25,2,5,28,69,2,No
EMP0117,2023-08-25,2,5,9,97,2,No
EMP0117,2024-08-24,3,5,15,81,2,No
EMP0117,2025-08-24,4,5,34,103,3,No
EMP0119,2026-05-02,2,2,12,109,2,No
EMP0120,2021-04-26,3,1,14,88,1,No
EMP0120,2022-04-26,3,1,10,87,2,No
EMP0120,2023-04-26,3,1,6,109,2,No
EMP0120,2024-04-25,3,1,0,108,3,No
EMP0120,2025-04-25,4,1,12,101,3,No
EMP0120,2026-04-25,4,3,4,83,4,Yes
EMP0121,2026-07-18,4,1,38,105,3,Yes
EMP0122,2021-05-01,2,3,0,71,2,No
EMP0122,2022-05-01,3,3,1,75,3,No
EMP0122,2023-05-01,3,3,0,88,2,No
EMP0122,2024-04-30,3,2,9,77,3,No
EMP0122,2025-04-30,2,2,0,79,1,No
EMP0122,2026-04-30,2,3,0,68,1,No
EMP0124,2025-12-15,4,3,57,86,5,No
EMP0125,2026-06-22,4,4,60,95,4,No
EMP0126,2021-02-25,2,3,0,90,1,No
EMP0126,2022-02-25,2,2,0,64,2,No
EMP0126,2023-02-25,3,1,9,88,2,No
EMP0126,2024-02-25,2,3,1,83,1,No
EMP0126,2025-02-24,3,3,0,74,2,No
EMP0126,2026-02-24,2,1,0,78,1,No
EMP0127,2025-04-26,3,4,20,82,3,No
EMP0128,2022-05-29,1,3,0,87,1,No
EMP0128,2023-05-29,1,2,8,72,1,No
EMP0128,2024-05-28,1,2,0,76,1,No
EMP0128,2025-05-28,1,2,2,68,1,No
EMP0128,2026-05-28,1,3,0,72,1,No
EMP0129,2023-01-13,3,2,0,86,2,No
EMP0129,2024-01-13,4,3,17,98,3,Yes
EMP0129,2025-01-12,4,3,2,99,3,No
EMP0129,2026-01-12,3,3,24,107,2,No
EMP0130,2025-04-11,5,3,16,93,4,Yes
EMP0130,2026-04-11,4,4,11,104,4,No
EMP0131,2026-08-08,4,5,19,102,3,No
EMP0132,2023-12-22,2,5,3,84,2,No
EMP0132,2024-12-21,3,4,5,86,2,No
EMP0132,2025-12-21,3,5,25,106,3,No
EMP0133,2026-07-12,2,2,73,79,1,No
EMP0134,2021-09-03,3,1,0,76,2,No
EMP0134,2022-09-03,2,1,11,81,2,No
EMP0134,2023-09-03,3,1,0,93,3,No
EMP0134,2024-09-02,4,2,3,90,2,No
EMP0134,2025-09-02,3,1,5,94,3,No
EMP0135,2021-05-28,3,2,23,81,2,No
EMP0135,2022-05-28,2,3,13,95,2,No
EMP0135,2023-05-28,2,2,18,83,2,No
EMP0135,2024-05-27,4,2,16,102,5,No
EMP0136,2023-06-23,3,2,8,91,2,No
EMP0136,2024-06-22,3,2,24,101,3,No
EMP0136,2025-06-22,2,3,23,93,1,No
EMP0136,2026-06-22,2,3,1,97,1,No
EMP0137,2025-04-25,2,3,0,89,1,No
EMP0137,2026-04-25,3,4,3,96,2,No
EMP0138,2021-07-28,3,2,0,97,1,No
EMP0138,2022-07-28,4,3,24,87,4,No
EMP0138,2023-07-28,4,2,9,103,4,No
EMP0138,2024-07-27,4,1,2,106,4,No
EMP0138,2025-07-27,3,3,0,91,3,No
EMP0138,2026-07-27,3,2,4,91,2,No
EMP0139,2022-06-27,4,3,0,83,3,No
EMP0139,2023-06-27,3,4,0,82,2,No
EMP0139,2024-06-26,3,2,2,99,2,No
EMP0139,2025-06-26,2,3,0,89,2,No
EMP0139,2026-06-26,4,3,24,83,5,No
EMP0140,2021-05-16,4,4,14,101,3,No
EMP0140,2022-05-16,4,3,5,91,4,No
EMP0140,2023-05-16,5,2,2,98,4,No
EMP0140,2024-05-15,3,4,0,94,2,No
EMP0140,2025-05-15,4,3,0,84,4,No
EMP0140,2026-05-15,3,4,5,77,3,No
EMP0141,2024-01-14,1,4,0,91,1,No
EMP0141,2025-01-13,1,3,19,93,1,No
EMP0141,2026-01-13,1,3,1,95,1,No
EMP0142,2026-08-08,5,4,19,99,5,No
EMP0143,2023-09-24,3,1,0,110,3,No
EMP0143,2024-09-23,2,1,10,79,2,No
EMP0143,2025-09-23,2,1,4,79,1,No
EMP0144,2026-03-25,3,5,44,73,3,No
EMP0145,2026-01-26,2,3,56,56,2,No
EMP0146,2024-10-10,3,3,14,97,3,No
EMP0146,2025-10-10,3,2,0,77,3,No
EMP0147,2024-04-16,1,4,10,67,1,No
EMP0147,2025-04-16,2,4,17,94,3,No
EMP0147,2026-04-16,2,5,19,66,2,No
EMP0148,2021-08-18,3,2,9,99,2,No
EMP0148,2022-08-18,4,2,27,91,3,No
EMP0148,2023-08-18,3,2,30,84,3,No
EMP0148,2024-08-17,3,2,1,87,2,No
EMP0148,2025-08-17,4,2,1,84,3,Yes
EMP0149,2026-08-08,3,4,0,101,3,No
EMP0150,2025-09-17,2,3,78,73,1,No
EMP0151,2024-06-25,2,4,1,94,1,No
EMP0151,2025-06-25,2,3,0,94,2,No
EMP0151,2026-06-25,1,4,5,75,1,No
EMP0152,2024-09-05,3,4,9,86,3,No
EMP0152,2025-09-05,4,4,10,101,3,No
EMP0153,2023-06-01,3,4,15,103,3,No
EMP0153,2024-05-31,2,3,0,65,1,No
EMP0153,2025-05-31,2,3,13,97,2,No
EMP0153,2026-05-31,3,3,10,110,2,No
EMP0154,2026-01-12,1,5,67,69,1,No
EMP0155,2026-06-15,3,3,31,102,2,No
EMP0156,2025-02-08,3,2,27,102,2,No
EMP0156,2026-02-08,3,2,10,90,3,No
EMP0157,2026-02-27,5,2,74,92,4,Yes
EMP0158,2024-12-19,2,1,38,69,1,No
EMP0159,2022-08-12,3,4,13,85,2,No
EMP0159,2023-08-12,3,3,5,100,2,No
EMP0159,2024-08-11,2,4,3,86,2,No
EMP0159,2025-08-11,3,4,0,98,2,No
EMP0159,2026-08-11,3,3,22,90,2,No
EMP0160,2025-12-17,3,3,100,89,3,No
EMP0161,2023-04-01,3,4,25,91,2,No
EMP0161,2024-03-31,5,4,24,110,5,No
EMP0161,2025-03-31,3,4,7,88,2,No
EMP0161,2026-03-31,5,3,14,95,4,No
EMP0162,2024-10-30,1,3,6,60,1,No
EMP0162,2025-10-30,3,3,0,84,3,No
EMP0164,2025-05-20,5,1,2,98,5,No
EMP0165,2026-08-08,2,3,30,83,2,No
EMP0166,2023-04-04,4,5,12,99,2,Yes
EMP0166,2024-04-03,5,5,0,110,4,No
EMP0166,2025-04-03,3,5,8,94,2,No
EMP0166,2026-04-03,5,4,0,110,5,Yes
EMP0167,2021-04-08,4,2,0,86,4,No
EMP0167,2022-04-08,4,3,0,105,3,No
EMP0167,2023-04-08,3,2,0,96,3,No
EMP0167,2024-04-07,3,3,13,96,3,No
EMP0167,2025-04-07,5,3,0,110,5,No
EMP0167,2026-04-07,3,2,5,71,3,No
EMP0168,2026-08-08,2,2,44,78,1,No
EMP0169,2026-08-08,2,3,14,54,1,No
EMP0170,2023-06-16,4,3,20,98,3,No
EMP0170,2024-06-15,5,5,11,105,5,No
EMP0170,2025-06-15,3,4,1,84,3,No
EMP0170,2026-06-15,4,4,27,77,4,No
EMP0171,2022-03-31,2,3,0,96,1,No
EMP0171,2023-03-31,2,2,1,76,1,No
EMP0171,2024-03-30,3,3,12,79,2,No
EMP0171,2025-03-30,3,2,5,87,3,No
EMP0171,2026-03-30,4,3,9,110,3,No
EMP0172,2023-04-22,3,4,12,108,2,No
EMP0172,2024-04-21,3,4,0,82,2,No
EMP0172,2025-04-21,3,5,24,101,3,No
EMP0172,2026-04-21,4,5,14,104,3,No
EMP0173,2021-06-12,3,1,12,92,2,No
EMP0173,2022-06-12,2,1,0,92,1,No
EMP0173,2023-06-12,2,1,3,61,2,No
EMP0173,2024-06-11,3,1,0,89,3,No
EMP0173,2025-06-11,3,1,12,95,3,No
EMP0173,2026-06-11,3,2,2,99,3,No
EMP0174,2025-01-22,3,2,13,94,3,No
EMP0174,2026-01-22,4,2,39,88,5,No
EMP0175,2022-06-30,1,4,7,95,1,No
EMP0175,2023-06-30,1,5,1,77,1,No
EMP0175,2024-06-29,1,4,15,75,1,No
EMP0175,2025-06-29,1,4,8,84,1,No
EMP0175,2026-06-29,1,5,1,77,1,No
EMP0176,2021-11-29,3,5,8,78,2,No
EMP0176,2022-11-29,4,5,0,105,4,No
EMP0176,2023-11-29,3,4,2,90,2,No
EMP0176,2024-11-28,2,5,2,94,2,No
EMP0176,2025-11-28,4,4,0,101,4,No
EMP0177,2021-12-15,4,1,1,79,4,No
EMP0177,2022-12-15,4,2,20,80,4,Yes
EMP0177,2023-12-15,4,3,0,103,4,No
EMP0177,2024-12-14,3,2,9,79,1,No
EMP0177,2025-12-14,4,3,3,100,3,No
EMP0178,2024-08-20,1,3,9,65,1,No
EMP0178,2025-08-20,1,2,0,78,1,No
EMP0178,2026-08-20,2,1,0,91,2,No
EMP0179,2024-10-18,5,3,31,96,5,No
EMP0179,2025-10-18,5,3,0,100,5,No
EMP0180,2024-12-15,3,3,8,96,3,No
EMP0180,2025-12-15,3,2,0,81,2,No
EMP0181,2022-11-11,3,5,7,85,3,No
EMP0181,2023-11-11,2,5,9,96,2,No
EMP0181,2024-11-10,2,5,10,76,1,No
EMP0181,2025-11-10,2,4,16,77,2,No
EMP0182,2026-08-08,4,4,47,101,4,No
EMP0183,2025-04-19,2,2,17,89,2,No
EMP0183,2026-04-19,2,2,25,82,1,No
EMP0184,2024-10-15,2,4,37,94,1,No
EMP0184,2025-10-15,2,3,23,72,2,No
EMP0185,2021-01-09,2,3,0,95,1,No
EMP0185,2022-01-09,3,3,5,91,3,No
EMP0185,2023-01-09,2,3,0,97,2,No
EMP0185,2024-01-09,3,4,0,109,3,No
EMP0185,2025-01-08,3,4,0,110,3,No
EMP0185,2026-01-08,2,3,2,66,1,No
EMP0186,2024-06-23,1,2,20,81,1,No
EMP0186,2025-06-23,2,2,12,85,1,No
EMP0186,2026-06-23,3,2,7,73,1,No
EMP0187,2026-04-28,2,4,4,96,2,No
EMP0188,2023-07-15,5,2,14,101,5,No
EMP0188,2024-07-14,5,3,15,110,4,No
EMP0188,2025-07-14,4,3,24,87,4,No
EMP0188,2026-07-14,5,4,18,110,5,No
EMP0189,2021-04-10,3,5,0,97,3,No
EMP0189,2022-04-10,2,4,0,93,2,No
EMP0189,2023-04-10,3,4,0,80,2,No
EMP0189,2024-04-09,3,5,1,110,2,No
EMP0189,2025-04-09,3,4,5,108,3,No
EMP0189,2026-04-09,3,5,0,102,2,No
EMP0190,2026-08-08,1,3,5,97,1,No
EMP0191,2023-06-17,5,3,3,64,4,No
EMP0191,2024-06-16,5,2,0,105,3,No
EMP0191,2025-06-16,5,3,1,110,4,No
EMP0191,2026-06-16,5,2,16,80,5,No
EMP0192,2023-05-04,5,1,0,110,4,No
EMP0192,2024-05-03,5,1,5,110,4,No
EMP0192,2025-05-03,5,1,0,110,5,No
EMP0192,2026-05-03,4,1,2,83,3,No
EMP0193,2024-03-29,3,2,14,82,2,No
EMP0193,2025-03-29,2,4,30,82,2,No
EMP0193,2026-03-29,3,3,24,68,3,No
EMP0194,2024-12-08,2,4,32,87,2,No
EMP0194,2025-12-08,2,3,17,100,1,No
EMP0195,2024-02-26,3,2,12,81,3,No
EMP0195,2025-02-25,2,2,0,62,1,No
EMP0195,2026-02-25,4,1,16,78,4,No
EMP0196,2023-10-31,4,2,13,91,4,No
EMP0196,2024-10-30,4,2,12,110,3,No
EMP0196,2025-10-30,4,3,2,109,4,No
EMP0197,2026-08-08,4,1,58,100,4,No
EMP0198,2025-03-24,3,3,5,86,2,No
EMP0198,2026-03-24,3,2,3,59,3,No
EMP0200,2025-03-31,4,2,15,63,3,No
EMP0200,2026-03-31,5,3,17,106,5,No
EMP0201,2023-12-30,4,1,5,87,3,Yes
EMP0201,2024-12-29,4,1,0,85,4,No
EMP0201,2025-12-29,4,2,11,88,4,No
EMP0202,2021-05-30,2,4,5,75,3,No
EMP0202,2022-05-30,3,4,0,101,3,No
EMP0202,2023-05-30,3,5,13,95,3,No
EMP0202,2024-05-29,3,5,0,79,3,No
EMP0202,2025-05-29,2,3,0,102,1,No
EMP0202,2026-05-29,3,5,25,83,2,No
EMP0203,2026-06-04,2,2,29,65,1,No
EMP0204,2025-07-22,2,5,20,85,1,No
EMP0204,2026-07-22,1,5,0,66,1,No
EMP0205,2023-02-23,2,4,0,68,2,No
EMP0205,2024-02-23,2,4,10,85,2,No
EMP0205,2025-02-22,2,3,0,51,1,No
EMP0205,2026-02-22,3,3,0,81,3,No
EMP0206,2026-07-24,1,4,14,59,1,No
EMP0207,2024-09-09,4,2,41,110,4,No
EMP0207,2025-09-09,4,1,14,89,4,No
EMP0208,2023-04-22,1,1,0,82,1,No
EMP0208,2024-04-21,2,1,0,85,1,No
EMP0208,2025-04-21,2,1,0,80,1,No
EMP0208,2026-04-21,2,1,1,49,2,No
EMP0209,2025-12-28,3,2,17,89,2,No
EMP0210,2023-10-27,4,3,27,82,4,No
EMP0210,2024-10-26,4,3,23,110,3,No
EMP0210,2025-10-26,2,3,24,102,2,No
EMP0211,2021-08-24,3,3,3,97,3,No
EMP0211,2022-08-24,3,3,4,85,2,No
EMP0211,2023-08-24,3,3,12,80,3,No
EMP0211,2024-08-23,3,2,0,110,3,No
EMP0211,2025-08-23,4,5,19,98,4,No
EMP0211,2026-08-08,4,4,19,92,3,No
EMP0212,2025-09-14,2,5,24,102,1,No
EMP0213,2022-04-24,4,2,8,75,3,Yes
EMP0213,2023-04-24,4,2,18,84,4,Yes
EMP0213,2024-04-23,3,1,0,107,2,No
EMP0213,2025-04-23,4,2,28,85,3,No
EMP0213,2026-04-23,4,2,10,106,4,No
EMP0214,2023-04-18,1,1,8,67,1,No
EMP0214,2024-04-17,2,3,13,82,2,No
EMP0214,2025-04-17,1,1,14,76,1,No
EMP0214,2026-04-17,1,2,2,87,1,No
EMP0215,2023-10-04,1,4,20,86,1,No
EMP0215,2024-10-03,1,3,7,74,1,No
EMP0215,2025-10-03,1,4,35,91,1,No
EMP0216,2023-04-15,2,2,2,81,2,No
EMP0216,2024-04-14,3,3,13,74,1,No
EMP0216,2025-04-14,3,3,0,88,2,No
EMP0216,2026-04-14,2,3,27,84,1,No
EMP0217,2025-03-20,3,2,23,100,3,No
EMP0217,2026-03-20,3,2,11,87,2,No
EMP0218,2024-08-29,3,3,45,82,1,No
EMP0220,2026-08-08,1,3,34,100,1,No
EMP0221,2022-03-08,2,2,7,78,1,No
EMP0221,2023-03-08,1,2,0,87,1,No
EMP0221,2024-03-07,2,3,0,84,2,No
EMP0221,2025-03-07,2,3,0,106,2,No
EMP0221,2026-03-07,3,3,7,100,1,No
EMP0222,2026-08-08,1,1,17,66,1,No
EMP0223,2024-01-07,2,1,11,93,1,No
EMP0223,2025-01-06,2,2,10,75,1,No
EMP0223,2026-01-06,2,1,16,87,1,No
EMP0224,2021-11-02,3,3,36,67,2,No
EMP0224,2022-11-02,3,3,2,103,3,No
EMP0224,2023-11-02,3,3,10,110,3,No
EMP0224,2024-11-01,4,3,22,84,3,No
EMP0224,2025-11-01,4,2,17,73,3,No
EMP0225,2024-10-31,2,1,18,85,1,No
EMP0226,2021-10-30,3,2,16,105,2,No
EMP0226,2022-10-30,3,3,25,86,2,No
EMP0226,2023-10-30,4,2,5,110,4,No
EMP0226,2024-10-29,3,2,0,80,3,No
EMP0226,2025-10-29,3,2,16,107,3,No
EMP0229,2025-07-26,1,2,9,88,1,No
EMP0229,2026-07-11,3,1,13,80,2,No
EMP0230,2023-12-16,2,3,21,87,2,No
EMP0230,2024-12-15,1,3,10,102,1,No
EMP0230,2025-12-15,2,2,3,108,1,No
EMP0231,2023-08-06,2,1,4,102,1,No
EMP0231,2024-08-05,3,2,23,109,3,No
EMP0231,2025-08-05,3,1,8,71,3,No
EMP0231,2026-08-05,2,1,13,56,2,No
EMP0232,2026-08-08,4,5,25,91,4,No
EMP0233,2021-01-29,2,2,5,74,2,No
EMP0233,2022-01-29,3,4,0,98,3,No
EMP0233,2023-01-29,2,3,12,108,1,No
EMP0233,2024-01-29,2,2,0,71,2,No
EMP0233,2025-01-28,3,2,7,77,2,No
EMP0233,2026-01-28,3,3,0,98,2,No
EMP0234,2021-09-13,3,3,0,96,2,No
EMP0234,2022-09-13,5,3,9,103,4,Yes
EMP0235,2021-12-17,2,3,4,70,1,No
EMP0235,2022-12-17,3,2,8,75,3,No
EMP0235,2023-12-17,2,4,0,91,1,No
EMP0235,2024-12-16,3,2,0,66,3,No
EMP0235,2025-12-16,3,3,9,90,2,No
EMP0237,2023-01-06,4,1,19,85,3,No
EMP0237,2024-01-06,4,1,5,103,4,No
EMP0237,2025-01-05,3,2,0,89,3,No
EMP0237,2026-01-05,4,1,13,86,3,No
EMP0238,2021-07-03,3,3,13,98,1,No
EMP0238,2022-07-03,2,2,0,78,2,No
EMP0238,2023-07-03,2,2,18,75,2,No
EMP0238,2024-07-02,3,3,8,63,2,No
EMP0238,2025-07-02,2,3,20,80,2,No
EMP0238,2026-07-02,2,3,0,94,2,No
EMP0239,2021-10-22,4,2,3,110,3,No
EMP0239,2022-10-22,4,1,0,109,4,No
EMP0240,2023-02-08,5,4,7,103,4,No
EMP0240,2024-02-08,4,3,0,107,3,No
EMP0240,2025-02-07,4,5,31,110,4,No
EMP0240,2026-02-07,4,3,0,82,4,No
EMP0242,2024-11-24,3,3,17,84,4,No
EMP0242,2025-11-24,4,4,20,102,4,No
EMP0243,2023-05-31,3,3,23,91,2,No
EMP0243,2024-05-30,2,3,5,88,2,No
EMP0243,2025-05-30,2,2,11,87,1,No
EMP0243,2026-05-30,3,2,16,98,3,No
EMP0244,2022-05-05,1,3,38,77,1,No
EMP0245,2023-02-16,3,1,9,64,2,No
EMP0245,2024-02-16,3,2,4,100,3,No
EMP0246,2021-01-03,2,1,4,75,1,No
EMP0246,2022-01-03,3,1,0,107,3,No
EMP0246,2023-01-03,2,1,15,77,2,No
EMP0246,2024-01-03,2,2,10,104,1,No
EMP0246,2025-01-02,2,1,11,90,2,No
EMP0246,2026-01-02,2,1,5,80,2,No
EMP0247,2026-08-08,1,2,17,70,1,No
EMP0248,2022-02-17,4,3,10,99,2,No
EMP0248,2023-02-17,4,4,21,83,3,No
EMP0248,2024-02-17,5,1,12,95,5,No
EMP0248,2025-02-16,5,2,5,94,5,No
EMP0248,2026-02-16,5,3,30,110,4,Yes
EMP0249,2024-07-02,2,3,16,83,2,No
EMP0249,2025-07-02,3,3,18,97,3,No
EMP0249,2026-07-02,3,3,6,89,3,No
EMP0250,2022-03-10,2,2,5,103,1,No
EMP0250,2023-03-10,3,3,25,97,2,No
EMP0250,2024-03-09,3,2,2,103,2,No
EMP0250,2025-03-09,4,2,0,91,4,No
EMP0250,2026-03-09,3,2,17,87,3,No
EMP0251,2023-07-26,2,2,6,87,2,No
EMP0251,2024-07-25,2,1,7,72,2,No
EMP0251,2025-07-25,3,1,9,91,3,No
EMP0251,2026-07-25,2,1,0,99,2,No
EMP0252,2025-11-06,4,1,25,77,4,No
EMP0253,2021-04-04,1,1,18,72,1,No
EMP0254,2021-06-30,1,2,31,68,1,No
EMP0255,2024-09-20,4,2,0,87,4,No
EMP0255,2025-09-20,4,2,0,106,3,No
EMP0257,2021-04-01,3,3,0,103,4,No
EMP0257,2022-04-01,2,3,19,79,3,No
EMP0257,2023-04-01,2,3,17,69,2,No
EMP0257,2024-03-31,1,3,0,87,1,No
EMP0257,2025-03-31,2,2,4,72,1,No
EMP0257,2026-03-31,3,2,17,82,2,No
EMP0258,2025-10-27,2,2,18,82,2,No
EMP0261,2023-08-23,2,3,6,96,2,No
EMP0261,2024-08-22,2,2,12,85,1,No
EMP0263,2021-01-04,3,5,3,110,2,No
EMP0263,2022-01-04,2,4,0,50,1,No
EMP0263,2023-01-04,3,3,23,85,3,No
EMP0263,2024-01-04,2,3,18,77,1,No
EMP0263,2025-01-03,2,3,6,91,2,No
EMP0263,2026-01-03,2,2,15,89,1,No
EMP0264,2021-10-16,3,1,8,109,2,No
EMP0264,2022-10-16,4,2,6,72,4,No
EMP0264,2023-10-16,2,1,38,49,1,No
EMP0264,2024-10-15,4,2,26,107,4,No
EMP0264,2025-10-15,3,2,28,80,2,No
EMP0265,2024-05-09,2,1,11,80,1,No
EMP0265,2025-05-09,3,1,2,88,3,No
EMP0265,2026-05-09,2,1,13,71,1,No
EMP0266,2023-09-15,3,3,9,92,3,No
EMP0266,2024-09-14,3,3,27,79,2,No
EMP0266,2025-09-14,2,2,16,93,2,No
EMP0267,2022-01-10,4,3,6,85,3,No
EMP0267,2023-01-10,4,3,9,87,3,No
EMP0267,2024-01-10,4,3,1,108,4,No
EMP0267,2025-01-09,4,3,6,105,4,Yes
EMP0267,2026-01-09,4,2,26,93,3,No
EMP0268,2021-05-05,3,2,9,110,2,No
EMP0268,2022-05-05,4,2,0,89,4,No
EMP0268,2023-05-05,3,1,10,108,2,No
EMP0268,2024-05-04,2,1,3,85,2,No
EMP0268,2025-05-04,4,1,0,109,3,No
EMP0268,2026-05-04,3,2,7,91,2,No
EMP0269,2021-04-06,4,4,10,93,4,No
EMP0269,2022-04-06,3,4,7,78,2,No
EMP0269,2023-04-06,4,5,0,86,3,No
EMP0269,2024-04-05,3,4,11,77,3,No
EMP0269,2025-04-05,3,5,14,55,3,No
EMP0269,2026-04-05,4,4,3,110,3,No
EMP0270,2022-11-21,4,2,25,94,3,No
EMP0270,2023-11-21,4,2,19,95,3,No
EMP0270,2024-11-20,5,2,24,95,5,Yes
EMP0270,2025-11-20,4,1,7,110,3,No
EMP0271,2022-09-06,2,4,19,79,2,No
EMP0271,2023-09-06,3,4,23,92,3,No
EMP0271,2024-09-05,1,4,24,74,1,No
EMP0271,2025-09-05,3,4,14,94,3,No
EMP0274,2025-08-16,5,5,0,105,4,No
EMP0274,2026-08-16,5,5,2,110,4,No
EMP0275,2022-07-12,2,1,7,88,2,No
EMP0275,2023-07-12,2,1,0,97,2,No
EMP0275,2024-07-11,4,1,0,94,3,No
EMP0275,2025-07-11,3,1,5,79,2,No
EMP0275,2026-07-11,3,1,22,79,3,No
EMP0276,2021-11-07,3,2,18,95,3,No
EMP0276,2022-11-07,2,1,18,87,2,No
EMP0276,2023-11-07,2,2,0,85,1,No
EMP0276,2024-11-06,3,2,20,102,2,No
EMP0276,2025-11-06,3,3,20,89,2,No
EMP0277,2022-07-01,2,2,9,77,1,No
EMP0277,2023-07-01,3,2,0,87,2,No
EMP0277,2024-06-30,4,2,0,105,4,No
EMP0277,2025-06-30,4,3,0,88,3,No
EMP0277,2026-06-30,4,2,0,91,3,Yes
EMP0278,2025-03-09,3,4,0,86,3,No
EMP0279,2023-11-24,4,5,5,110,4,No
EMP0279,2024-11-23,5,5,20,108,5,No
EMP0279,2025-11-23,5,4,0,110,4,No
EMP0280,2024-02-07,2,4,14,80,2,No
EMP0280,2025-02-06,2,4,0,71,2,No
EMP0280,2026-02-06,3,4,23,107,2,No
EMP0281,2025-02-21,2,2,38,78,1,No
EMP0281,2026-02-21,3,3,36,76,3,No
EMP0284,2023-04-03,4,1,20,110,4,Yes
EMP0284,2024-04-02,2,2,5,110,1,No
EMP0284,2025-04-02,4,1,16,92,3,No
EMP0284,2026-04-02,4,2,24,87,3,Yes
EMP0285,2025-03-11,2,3,13,90,2,No
EMP0285,2026-03-11,3,3,19,75,3,No
EMP0286,2023-07-05,2,1,4,76,2,No
EMP0286,2024-07-04,2,1,18,62,2,No
EMP0286,2025-07-04,2,1,0,81,1,No
EMP0287,2025-02-07,3,3,26,84,2,No
EMP0287,2026-02-07,1,3,17,98,1,No
EMP0288,2026-08-08,2,5,36,98,2,No
EMP0289,2024-01-26,2,2,0,90,2,No
EMP0289,2025-01-25,2,2,3,87,1,No
EMP0289,2026-01-25,2,2,3,85,1,No
EMP0290,2021-12-24,3,3,21,108,2,No
EMP0290,2022-12-24,2,3,4,101,2,No
EMP0290,2023-12-24,2,1,15,86,2,No
EMP0290,2024-12-23,4,2,9,83,3,No
EMP0290,2025-12-23,3,2,2,72,3,No
EMP0291,2024-10-15,2,1,0,86,2,No
EMP0291,2025-10-15,3,1,24,94,2,No
EMP0292,2023-12-04,3,4,11,85,3,No
EMP0292,2024-12-03,2,3,1,84,1,No
EMP0292,2025-12-03,3,3,6,84,3,No
EMP0293,2025-01-18,2,4,16,91,2,No
EMP0293,2026-01-18,2,3,13,87,1,No
EMP0294,2022-10-20,1,3,2,79,1,No
EMP0294,2023-10-20,2,3,11,107,2,No
EMP0294,2024-10-19,1,4,0,82,1,No
EMP0294,2025-10-19,1,3,0,70,1,No
EMP0295,2021-09-27,3,3,0,100,3,No
EMP0295,2022-09-27,3,2,16,92,2,No
EMP0295,2023-09-27,3,3,5,96,2,No
EMP0295,2024-09-26,3,3,7,72,2,No
EMP0295,2025-09-26,2,2,18,80,1,No
EMP0296,2022-04-09,2,3,7,86,2,No
EMP0296,2023-04-09,3,2,3,79,4,No
EMP0296,2024-04-08,2,3,0,103,1,No
EMP0296,2025-04-08,2,3,0,71,1,No
EMP0296,2026-04-08,2,2,0,72,1,No
EMP0297,2024-04-04,3,3,23,100,2,No
EMP0297,2025-04-04,3,3,0,84,3,No
EMP0297,2026-04-04,2,2,0,68,1,No
EMP0298,2023-10-26,2,3,3,93,1,No
EMP0299,2022-12-09,4,1,0,110,4,No
EMP0299,2023-12-09,4,2,16,110,3,No
EMP0299,2024-12-08,4,1,0,98,5,No
EMP0299,2025-12-08,5,1,0,99,5,No
EMP0300,2024-06-18,4,5,13,104,4,No
EMP0300,2025-06-18,2,4,0,82,2,No
EMP0300,2026-06-18,3,5,7,87,3,No
EMP0301,2025-11-01,4,2,57,102,4,No
EMP0302,2024-12-12,3,2,43,87,3,No
EMP0303,2023-12-22,3,2,8,110,3,No
EMP0303,2024-12-21,4,3,17,110,3,No
EMP0303,2025-12-21,4,3,22,70,3,No
EMP0304,2026-07-04,3,1,30,66,4,No
EMP0305,2022-11-26,4,3,10,99,4,No
EMP0305,2023-11-26,4,3,0,85,4,Yes
EMP0305,2024-11-25,4,3,0,110,3,No
EMP0305,2025-11-25,3,3,0,109,3,No
EMP0306,2022-11-08,4,2,0,107,4,No
EMP0306,2023-11-08,4,4,10,88,4,Yes
EMP0306,2024-11-07,4,3,8,87,3,No
EMP0306,2025-11-07,4,3,0,102,4,No
EMP0307,2026-03-07,3,2,0,91,3,No
EMP0308,2025-05-26,4,5,15,95,4,Yes
EMP0308,2026-05-26,3,5,0,97,3,No
EMP0309,2023-07-07,2,2,19,88,1,No
EMP0309,2024-07-06,2,2,17,72,1,No
EMP0309,2025-07-06,3,2,17,90,3,No
EMP0310,2025-04-25,2,2,4,82,1,No
EMP0310,2026-04-25,2,2,0,81,2,No
EMP0311,2026-07-26,2,1,25,100,2,No
EMP0312,2026-05-25,4,2,37,95,3,No
EMP0313,2022-03-02,2,5,0,84,2,No
EMP0313,2023-03-02,2,5,12,86,2,No
EMP0313,2024-03-01,3,5,0,94,2,No
EMP0313,2025-03-01,3,5,10,98,3,No
EMP0313,2026-03-01,2,4,4,80,2,No
EMP0314,2026-05-14,3,5,0,91,3,No
EMP0315,2021-09-30,2,1,5,101,1,No
EMP0315,2022-09-30,3,2,0,90,3,No
EMP0315,2023-09-30,2,1,21,86,1,No
EMP0315,2024-09-29,1,2,16,87,1,No
EMP0317,2025-04-12,2,3,16,71,1,No
EMP0317,2026-04-12,2,4,29,93,2,No
EMP0318,2023-11-30,2,4,0,81,1,No
EMP0318,2024-11-29,3,5,10,103,2,No
EMP0318,2025-11-29,3,5,14,72,2,No
EMP0319,2026-01-06,1,2,26,58,1,No
EMP0320,2026-03-24,4,2,17,82,4,No
EMP0321,2023-07-24,1,2,20,81,1,No
EMP0321,2024-07-23,1,3,10,83,2,No
EMP0321,2025-07-23,2,3,12,82,2,No
EMP0321,2026-07-23,2,1,0,73,2,No
EMP0322,2021-12-31,4,2,12,99,4,No
EMP0322,2022-12-31,4,2,0,95,3,No
EMP0322,2023-12-31,4,3,4,102,4,No
EMP0322,2024-12-30,3,4,18,87,3,No
EMP0322,2025-12-30,3,3,0,103,3,No
EMP0323,2025-08-30,5,3,58,110,4,No
EMP0324,2022-04-08,3,5,0,79,2,No
EMP0324,2023-04-08,4,4,5,84,4,No
EMP0324,2024-04-07,3,4,3,86,3,No
EMP0324,2025-04-07,4,4,5,100,4,No
EMP0324,2026-04-07,4,5,13,105,4,No
EMP0325,2021-11-06,3,4,9,93,2,No
EMP0325,2022-11-06,3,4,0,99,2,No
EMP0325,2023-11-06,3,5,8,106,3,No
EMP0325,2024-11-05,3,5,0,88,2,No
EMP0325,2025-11-05,4,4,3,95,3,No
EMP0326,2022-03-05,2,3,19,69,2,No
EMP0326,2023-03-05,1,2,22,82,1,No
EMP0326,2024-03-04,3,2,8,97,2,No
EMP0326,2025-03-04,3,3,0,110,1,No
EMP0326,2026-03-04,1,4,17,82,1,No
EMP0327,2024-05-29,2,4,8,86,2,No
EMP0327,2025-05-29,2,4,19,88,1,No
EMP0327,2026-05-29,4,4,0,109,3,No
EMP0328,2022-05-10,5,1,0,87,4,No
EMP0328,2023-05-10,4,2,9,100,4,Yes
EMP0328,2024-05-09,4,2,13,107,4,No
EMP0328,2025-05-09,5,3,0,103,5,No
EMP0328,2026-05-09,4,3,10,103,4,Yes
EMP0332,2022-05-28,4,1,0,110,3,No
EMP0332,2023-05-28,3,1,4,77,3,No
EMP0332,2024-05-27,3,1,27,69,3,No
EMP0332,2025-05-27,3,1,30,96,3,No
EMP0332,2026-05-27,4,1,16,80,3,No
EMP0333,2021-09-01,4,2,0,91,3,No
EMP0333,2022-09-01,5,2,4,95,5,No
EMP0333,2023-09-01,3,2,23,84,3,No
EMP0333,2024-08-31,4,2,12,86,3,No
EMP0333,2025-08-31,3,2,12,83,3,No
EMP0334,2024-07-04,3,2,12,87,2,No
EMP0334,2025-07-04,1,1,0,72,1,No
EMP0334,2026-07-04,2,1,7,71,2,No
EMP0335,2023-11-24,1,3,1,83,1,No
EMP0335,2024-11-23,1,2,17,79,1,No
EMP0335,2025-11-23,1,2,13,81,1,No
EMP0336,2021-12-20,4,1,31,92,4,No
EMP0336,2022-12-20,4,1,25,86,3,No
EMP0336,2023-12-20,5,2,15,85,4,No
EMP0336,2024-12-19,3,1,6,95,3,No
EMP0336,2025-12-19,4,1,23,85,3,No
EMP0337,2022-03-12,4,4,6,98,4,No
EMP0337,2023-03-12,4,4,2,96,3,No
EMP0337,2024-03-11,4,3,4,110,3,No
EMP0337,2025-03-11,4,4,0,81,3,Yes
EMP0337,2026-03-11,5,4,7,102,3,Yes
EMP0338,2022-08-15,2,3,7,73,2,No
EMP0338,2023-08-15,3,4,0,98,3,No
EMP0338,2024-08-14,1,4,0,87,1,No
EMP0338,2025-08-14,2,4,16,95,2,No
EMP0338,2026-08-14,2,3,15,77,1,No
EMP0339,2025-04-15,2,1,0,77,2,No
EMP0339,2026-04-15,3,2,11,110,2,No
EMP0340,2021-11-17,2,3,0,100,2,No
EMP0340,2022-11-17,3,2,13,105,3,No
EMP0340,2023-11-17,3,2,0,87,3,No
EMP0340,2024-11-16,3,3,0,81,3,No
EMP0340,2025-11-16,2,3,14,74,2,No
EMP0341,2023-12-01,2,5,29,97,2,No
EMP0341,2024-11-30,3,4,26,93,3,No
EMP0341,2025-11-30,3,5,15,85,2,No
EMP0342,2026-05-19,1,2,34,76,1,No
EMP0344,2021-02-08,1,3,0,77,1,No
EMP0344,2022-02-08,1,3,4,61,1,No
EMP0344,2023-02-08,1,2,0,76,1,No
EMP0344,2024-02-08,1,2,12,71,1,No
EMP0344,2025-02-07,1,2,0,87,1,No
EMP0344,2026-02-07,1,2,19,72,1,No
EMP0345,2026-08-08,3,4,53,84,3,No
EMP0346,2024-04-22,4,4,32,107,4,No
EMP0346,2025-04-22,3,4,21,98,2,No
EMP0346,2026-04-22,4,2,10,82,3,No
EMP0347,2021-06-16,2,1,4,97,2,No
EMP0347,2022-06-16,2,1,10,94,2,No
EMP0347,2023-06-16,2,1,0,72,2,No
EMP0347,2024-06-15,2,1,0,58,1,No
EMP0347,2025-06-15,2,1,1,64,2,No
EMP0347,2026-06-15,2,1,0,106,1,No
EMP0348,2025-08-25,1,4,0,81,1,No
EMP0349,2024-08-23,3,3,26,92,3,No
EMP0349,2025-08-23,2,3,7,87,1,No
EMP0349,2026-08-08,3,2,0,102,3,No
EMP0350,2026-01-28,5,1,12,110,4,No
EMP0351,2022-11-14,1,4,21,61,1,No
EMP0351,2023-11-14,2,5,18,73,2,No
EMP0351,2024-11-13,3,4,27,65,3,No
EMP0351,2025-11-13,2,4,12,101,1,No
EMP0352,2023-07-01,4,1,12,105,4,Yes
EMP0352,2024-06-30,3,2,4,102,2,No
EMP0352,2025-06-30,2,1,4,70,2,No
EMP0352,2026-06-30,3,1,5,80,3,No
EMP0354,2025-05-16,3,4,42,90,3,No
EMP0354,2026-05-16,2,3,22,90,1,No
EMP0355,2025-07-14,2,1,29,65,1,No
EMP0355,2026-07-14,3,1,43,94,2,No
EMP0356,2024-09-13,4,2,15,101,4,Yes
EMP0356,2025-09-13,5,3,14,110,4,No
EMP0357,2025-09-29,4,1,5,110,3,No
EMP0358,2026-06-15,2,3,14,95,1,No
EMP0359,2021-09-25,4,3,8,108,4,No
EMP0359,2022-09-25,4,2,0,75,4,No
EMP0359,2023-09-25,4,3,3,89,4,No
EMP0359,2024-09-24,3,2,0,85,3,No
EMP0359,2025-09-24,5,1,6,110,5,Yes
EMP0360,2023-07-05,2,5,5,97,1,No
EMP0360,2024-07-04,2,4,0,107,2,No
EMP0360,2025-07-04,1,4,0,78,1,No
EMP0360,2026-07-04,1,4,0,84,1,No
EMP0361,2022-01-18,1,1,20,72,1,No
EMP0362,2026-06-29,2,3,10,61,2,No
EMP0364,2022-02-02,2,2,26,87,1,No
EMP0365,2022-04-18,2,3,0,83,1,No
EMP0365,2023-04-18,2,3,0,89,2,No
EMP0365,2024-04-17,2,3,0,70,1,No
EMP0365,2025-04-17,3,2,8,86,2,No
EMP0365,2026-04-17,3,4,7,95,2,No
EMP0366,2022-02-21,1,3,0,105,1,No
EMP0366,2023-02-21,3,3,20,61,3,No
EMP0366,2024-02-21,2,2,3,79,1,No
EMP0366,2025-02-20,2,3,9,66,1,No
EMP0366,2026-02-20,2,3,0,64,1,No
EMP0367,2022-03-10,2,5,14,98,1,No
EMP0367,2023-03-10,3,3,1,66,2,No
EMP0367,2024-03-09,3,3,7,106,2,No
EMP0367,2025-03-09,3,3,0,76,3,No
EMP0367,2026-03-09,2,3,0,73,1,No
EMP0368,2025-12-03,2,2,20,77,1,No
EMP0369,2026-01-05,3,3,20,105,2,No
EMP0370,2022-03-12,3,3,0,79,2,No
EMP0370,2023-03-12,3,2,0,94,3,No
EMP0370,2024-03-11,3,2,24,73,2,No
EMP0370,2025-03-11,1,2,0,80,1,No
EMP0370,2026-03-11,2,3,10,94,2,No
EMP0371,2025-02-23,3,2,0,74,2,No
EMP0371,2026-02-23,3,3,6,77,2,No
EMP0372,2023-10-03,4,2,8,106,4,No
EMP0372,2024-10-02,3,2,10,85,3,No
EMP0372,2025-10-02,5,2,14,87,4,No
EMP0373,2026-07-22,1,3,33,60,1,No
EMP0374,2026-02-20,3,2,48,91,2,No
EMP0375,2026-08-15,4,2,12,107,3,No
EMP0376,2021-05-14,4,2,0,94,4,No
EMP0376,2022-05-14,2,2,4,78,2,No
EMP0376,2023-05-14,2,2,0,98,1,No
EMP0376,2024-05-13,2,1,11,71,1,No
EMP0376,2025-05-13,2,1,0,71,2,No
EMP0376,2026-05-13,3,1,0,75,3,No
EMP0378,2024-06-29,4,3,1,89,3,No
EMP0378,2025-06-29,4,4,18,110,3,No
EMP0378,2026-06-29,3,2,1,82,3,No
EMP0379,2026-01-08,2,1,31,74,1,No
EMP0380,2026-03-24,2,2,61,97,1,No
EMP0381,2026-07-10,3,3,27,101,2,No
EMP0383,2025-08-16,2,2,28,75,2,No
EMP0383,2026-08-16,3,3,11,89,2,No
EMP0384,2023-09-08,1,3,18,81,1,No
EMP0384,2024-09-07,1,3,13,98,1,No
EMP0384,2025-09-07,1,2,0,81,1,No
EMP0387,2026-03-22,3,3,26,69,2,No
EMP0388,2023-03-28,2,2,1,83,2,No
EMP0388,2024-03-27,2,2,3,68,1,No
EMP0388,2025-03-27,1,1,24,79,1,No
EMP0388,2026-03-27,1,2,0,75,1,No
EMP0389,2026-06-12,2,3,0,89,1,No
EMP0392,2022-08-27,3,2,8,96,2,No
EMP0392,2023-08-27,3,2,25,87,2,No
EMP0392,2024-08-26,1,2,0,75,1,No
EMP0392,2025-08-26,2,2,0,64,2,No
EMP0393,2023-03-11,4,4,0,86,4,No
EMP0393,2024-03-10,3,2,1,94,2,No
EMP0393,2025-03-10,4,3,10,110,4,No
EMP0393,2026-03-10,3,3,0,81,2,No
EMP0395,2025-05-23,4,3,8,105,4,No
EMP0395,2026-05-23,4,2,7,94,3,No
EMP0396,2023-09-02,3,4,21,86,3,No
EMP0396,2024-09-01,3,3,16,91,2,No
EMP0396,2025-09-01,3,3,22,108,2,No
EMP0397,2022-10-04,5,3,10,98,5,No
EMP0397,2023-10-04,3,3,7,77,4,No
EMP0397,2024-10-03,5,2,8,110,5,No
EMP0397,2025-10-03,4,2,21,82,3,No
EMP0398,2025-08-09,3,5,19,94,2,No
EMP0398,2026-08-09,3,4,20,100,2,No
EMP0399,2022-11-21,2,4,4,86,2,No
EMP0399,2023-11-21,1,3,6,80,1,No
EMP0399,2024-11-20,1,2,22,109,1,No
EMP0399,2025-11-20,2,4,22,81,2,No
EMP0400,2024-11-20,5,4,8,101,5,No
EMP0400,2025-11-20,3,5,20,102,3,No
EMP0401,2023-03-17,3,1,6,109,3,No
EMP0401,2024-03-16,2,2,22,98,3,No
EMP0401,2025-03-16,3,2,25,84,3,No
EMP0401,2026-03-16,3,2,1,67,3,No
EMP0402,2024-02-08,2,4,16,67,1,No
EMP0402,2025-02-07,3,4,22,84,3,No
EMP0402,2026-02-07,3,5,0,78,2,No
EMP0403,2025-09-21,3,2,42,76,2,No
EMP0404,2025-05-25,2,2,15,72,1,No
EMP0404,2026-05-25,3,2,26,95,2,No
EMP0405,2025-01-19,2,3,7,91,1,No
EMP0405,2026-01-19,1,4,13,74,1,No
EMP0406,2022-01-11,3,1,11,56,2,No
EMP0406,2023-01-11,4,2,16,93,3,No
EMP0406,2024-01-11,3,3,0,97,3,No
EMP0406,2025-01-10,4,1,0,108,4,No
EMP0406,2026-01-10,4,1,0,104,4,No
EMP0407,2026-07-02,3,2,31,56,2,No
EMP0408,2023-11-14,3,3,3,92,2,No
EMP0408,2024-11-13,2,2,4,76,2,No
EMP0408,2025-11-13,2,3,3,77,1,No
EMP0409,2026-02-23,3,3,29,98,3,No
EMP0410,2021-03-12,4,1,2,90,4,No
EMP0410,2022-03-12,3,2,3,107,2,No
EMP0410,2023-03-12,3,1,15,98,2,No
EMP0410,2024-03-11,1,1,0,85,1,No
EMP0410,2025-03-11,3,2,0,92,2,No
EMP0410,2026-03-11,3,2,6,101,2,No
EMP0411,2025-01-09,1,3,5,74,1,No
EMP0411,2026-01-09,1,2,0,86,1,No
EMP0412,2023-02-07,2,3,7,99,2,No
EMP0412,2024-02-07,2,4,0,94,1,No
EMP0412,2025-02-06,3,4,4,74,3,No
EMP0412,2026-02-06,2,5,5,81,2,No
EMP0413,2024-12-21,2,3,17,93,1,No
EMP0413,2025-12-21,3,4,0,81,3,No
EMP0414,2026-06-09,4,2,0,95,3,No
EMP0415,2020-12-31,4,3,0,105,3,Yes
EMP0415,2021-12-31,4,2,6,101,4,No
EMP0415,2022-12-31,5,3,19,110,3,No
EMP0415,2023-12-31,3,2,19,96,2,No
EMP0415,2024-12-30,4,2,5,84,4,No
EMP0415,2025-12-30,5,3,9,89,5,No
EMP0416,2024-08-29,4,4,23,78,3,No
EMP0416,2025-08-29,4,4,55,110,3,No
EMP0417,2024-04-24,3,2,0,82,1,No
EMP0417,2025-04-24,2,3,0,76,3,No
EMP0417,2026-04-24,3,3,0,100,3,No
EMP0418,2023-04-15,3,2,0,77,3,No
EMP0418,2024-04-14,2,2,21,69,2,No
EMP0418,2025-04-14,3,3,0,110,4,No
EMP0418,2026-04-14,2,3,0,103,2,No
EMP0419,2021-03-01,4,1,26,99,3,Yes
EMP0419,2022-03-01,5,2,16,110,5,No
EMP0419,2023-03-01,3,2,17,91,3,No
EMP0419,2024-02-29,5,1,9,110,5,Yes
EMP0419,2025-02-28,4,2,11,100,3,No
EMP0419,2026-02-28,5,2,9,110,5,No
EMP0420,2022-04-13,3,1,19,83,2,No
EMP0420,2023-04-13,4,1,3,110,3,No
EMP0420,2024-04-12,2,1,6,74,1,No
EMP0420,2025-04-12,3,2,14,85,2,No
EMP0420,2026-04-12,3,1,1,80,2,No
EMP0421,2022-03-29,4,1,20,87,3,No
EMP0421,2023-03-29,4,2,2,92,5,No
EMP0421,2024-03-28,3,1,19,101,1,No
EMP0421,2025-03-28,4,1,17,97,3,No
EMP0421,2026-03-28,3,1,8,86,3,No
EMP0422,2023-02-06,1,4,11,81,1,No
EMP0422,2024-02-06,1,4,22,88,1,No
EMP0422,2025-02-05,1,3,5,73,1,No
EMP0422,2026-02-05,2,3,0,98,2,No
EMP0423,2026-05-08,4,3,55,97,3,No
EMP0424,2026-05-20,1,3,57,85,1,No
EMP0425,2022-04-26,2,2,12,75,1,No
EMP0425,2023-04-26,2,2,0,80,1,No
EMP0425,2024-04-25,2,2,17,67,2,No
EMP0426,2022-12-23,3,3,12,91,3,No
EMP0426,2023-12-23,3,2,21,89,3,No
EMP0426,2024-12-22,2,2,0,73,2,No
EMP0426,2025-12-22,2,3,11,82,1,No
EMP0427,2023-02-17,3,4,3,85,3,No
EMP0427,2024-02-17,2,4,26,93,1,No
EMP0427,2025-02-16,4,4,22,95,4,No
EMP0427,2026-02-16,1,3,18,72,1,No
EMP0428,2023-05-05,2,4,12,92,2,No
EMP0428,2024-05-04,2,5,5,83,2,No
EMP0428,2025-05-04,2,3,1,100,2,No
EMP0428,2026-05-04,2,4,9,88,1,No
EMP0429,2026-06-05,5,1,48,93,5,No
EMP0430,2024-04-17,5,3,0,103,4,No
EMP0431,2021-05-16,1,4,4,89,1,No
EMP0431,2022-05-16,2,3,18,70,2,No
EMP0431,2023-05-16,2,3,0,90,1,No
EMP0431,2024-05-15,1,4,3,62,1,No
EMP0431,2025-05-15,1,3,1,55,1,No
EMP0431,2026-05-15,2,4,25,80,1,No
EMP0432,2025-06-21,3,3,14,76,3,No
EMP0432,2026-06-21,3,2,0,89,2,No
EMP0433,2024-12-24,2,4,19,65,2,No
EMP0433,2025-12-24,1,4,20,74,1,No
EMP0435,2026-08-02,2,3,0,101,1,No
EMP0437,2025-09-05,2,5,26,81,2,No
EMP0438,2024-01-23,3,4,4,105,3,No
EMP0438,2025-01-22,2,5,0,69,1,No
EMP0438,2026-01-22,3,5,20,93,2,No
EMP0439,2022-10-29,1,4,3,76,1,No
EMP0439,2023-10-29,1,4,5,75,1,No
EMP0439,2024-10-28,1,5,10,61,1,No
EMP0439,2025-10-28,2,5,7,60,2,No
EMP0440,2024-11-30,2,2,14,57,2,No
EMP0440,2025-11-30,2,2,12,64,2,No
EMP0442,2025-11-25,3,3,4,103,2,No
EMP0443,2021-06-17,1,2,17,65,1,No
EMP0443,2022-06-17,1,3,0,84,1,No
EMP0443,2023-06-17,1,2,0,97,1,No
EMP0443,2024-06-16,1,3,14,62,1,No
EMP0444,2026-01-23,2,3,30,90,1,No
EMP0445,2022-12-06,2,3,26,79,1,No
EMP0446,2023-02-04,2,3,9,65,1,No
EMP0446,2024-02-04,2,3,11,95,1,No
EMP0446,2025-02-03,3,2,35,99,3,No
EMP0446,2026-02-03,2,3,0,76,1,No
EMP0447,2023-09-23,2,3,9,88,1,No
EMP0448,2024-03-06,3,2,19,110,2,No
EMP0448,2025-03-06,4,1,1,110,4,No
EMP0448,2026-03-06,3,2,27,94,3,No
EMP0449,2026-08-06,3,3,31,89,2,No
EMP0450,2022-03-15,3,2,0,100,2,No
EMP0450,2023-03-15,4,3,0,89,4,No
EMP0450,2024-03-14,2,3,19,73,2,No
EMP0450,2025-03-14,2,4,17,75,2,No
EMP0450,2026-03-14,2,3,0,80,2,No
EMP0451,2025-12-15,2,3,7,100,1,No
EMP0452,2024-04-14,4,3,72,86,3,No
EMP0453,2021-05-03,4,3,0,103,4,No
EMP0453,2022-05-03,4,3,0,106,3,No
EMP0453,2023-05-03,2,2,11,72,1,No
EMP0453,2024-05-02,3,2,0,95,3,No
EMP0453,2025-05-02,1,2,2,91,1,No
EMP0453,2026-05-02,3,1,19,92,3,No
EMP0454,2023-05-07,4,4,10,103,4,No
EMP0454,2024-05-06,2,4,0,88,1,No
EMP0454,2025-05-06,3,3,13,107,2,No
EMP0454,2026-05-06,3,3,0,110,2,No
EMP0455,2021-09-29,2,4,0,72,1,No
EMP0455,2022-09-29,2,4,6,79,2,No
EMP0455,2023-09-29,3,3,0,100,3,No
EMP0455,2024-09-28,3,3,0,74,3,No
EMP0455,2025-09-28,4,3,14,99,4,No
EMP0456,2023-10-20,1,2,6,79,1,No
EMP0456,2024-10-19,2,2,0,95,1,No
EMP0456,2025-10-19,2,2,0,76,1,No
EMP0457,2026-07-31,5,4,28,110,5,No
EMP0458,2024-07-09,4,5,15,109,3,No
EMP0458,2025-07-09,3,3,0,98,1,No
EMP0458,2026-07-09,2,5,11,75,1,No
EMP0459,2021-03-22,3,3,12,98,2,No
EMP0459,2022-03-22,3,4,2,107,3,No
EMP0459,2023-03-22,2,3,0,93,1,No
EMP0459,2024-03-21,2,3,11,70,2,No
EMP0459,2025-03-21,3,3,0,84,2,No
EMP0459,2026-03-21,3,4,0,96,3,No
EMP0460,2025-01-19,4,1,0,103,4,No
EMP0460,2026-01-19,3,2,0,91,2,No
EMP0461,2024-06-22,1,2,7,66,1,No
EMP0461,2025-06-22,1,3,1,91,1,No
EMP0461,2026-06-22,2,3,0,74,2,No
EMP0462,2024-11-21,3,5,24,92,3,No
EMP0462,2025-11-21,3,5,28,97,2,No
EMP0463,2024-11-03,4,2,0,107,4,No
EMP0463,2025-11-03,4,1,0,109,3,No
EMP0464,2024-09-26,3,3,27,96,3,No
EMP0464,2025-09-26,3,5,17,89,2,No
EMP0465,2021-10-07,2,5,3,87,2,No
EMP0465,2022-10-07,1,4,3,90,1,No
EMP0465,2023-10-07,1,4,8,102,1,No
EMP0465,2024-10-06,2,5,15,70,1,No
EMP0465,2025-10-06,2,5,4,93,1,No
EMP0466,2024-11-09,3,3,22,105,3,No
EMP0466,2025-11-09,4,4,12,104,3,No
EMP0467,2021-10-10,2,1,8,89,2,No
EMP0467,2022-10-10,2,1,14,86,2,No
EMP0467,2023-10-10,3,1,3,89,2,No
EMP0467,2024-10-09,3,1,13,110,2,No
EMP0467,2025-10-09,2,2,8,85,2,No
EMP0468,2021-05-16,5,4,3,110,5,No
EMP0468,2022-05-16,5,3,21,88,4,No
EMP0468,2023-05-16,5,4,8,91,4,No
EMP0468,2024-05-15,4,3,0,102,4,Yes
EMP0468,2025-05-15,4,2,0,100,3,No
EMP0468,2026-05-15,5,3,21,97,4,Yes
EMP0469,2023-08-19,4,3,0,86,4,No
EMP0469,2024-08-18,4,5,11,77,4,No
EMP0469,2025-08-18,4,3,3,97,3,No
EMP0469,2026-08-18,4,3,2,94,3,No
EMP0470,2025-03-29,1,2,20,74,1,No
EMP0470,2026-03-29,1,2,37,68,1,No
EMP0471,2023-02-13,2,3,50,80,1,No
EMP0472,2026-02-17,5,2,44,109,5,Yes
EMP0473,2024-01-24,2,5,13,83,1,No
EMP0473,2025-01-23,1,4,0,69,1,No
EMP0473,2026-01-23,2,5,7,81,2,No
EMP0474,2022-02-22,3,1,0,101,3,No
EMP0474,2023-02-22,4,1,18,108,3,No
EMP0474,2024-02-22,3,1,12,81,2,No
EMP0474,2025-02-21,3,2,0,110,2,No
EMP0474,2026-02-21,3,2,12,71,3,No
EMP0475,2025-07-01,3,5,0,93,2,No
EMP0475,2026-07-01,3,4,16,99,2,No
EMP0476,2026-04-20,2,3,79,90,1,No
EMP0477,2022-08-24,1,1,41,80,1,No
EMP0478,2022-09-17,3,3,9,85,3,No
EMP0478,2023-09-17,3,4,4,97,2,No
EMP0478,2024-09-16,2,3,10,85,2,No
EMP0478,2025-09-16,2,3,5,97,1,No
EMP0480,2025-02-03,2,3,0,74,2,No
EMP0480,2026-02-03,2,2,0,89,2,No
EMP0481,2025-09-20,2,2,28,86,1,No
EMP0482,2025-07-17,3,3,2,73,2,No
EMP0482,2026-07-17,4,4,0,106,3,Yes
EMP0483,2023-01-08,3,3,12,102,2,No
EMP0483,2024-01-08,3,2,11,102,2,No
EMP0483,2025-01-07,5,2,6,103,5,No
EMP0483,2026-01-07,3,2,6,84,2,No
EMP0484,2025-04-21,3,1,2,80,2,No
EMP0484,2026-04-21,3,1,0,73,3,No
EMP0485,2026-08-08,3,5,0,95,3,No
EMP0486,2023-11-01,1,2,21,78,1,No
EMP0486,2024-10-31,1,2,9,79,1,No
EMP0486,2025-10-31,1,1,18,72,1,No
EMP0487,2022-08-21,1,3,10,72,1,No
EMP0487,2023-08-21,3,4,0,108,3,No
EMP0487,2024-08-20,3,3,17,95,3,No
EMP0487,2025-08-20,2,3,0,93,1,No
EMP0487,2026-08-20,2,3,3,77,2,No
EMP0488,2021-11-14,3,1,18,76,2,No
EMP0488,2022-11-14,2,2,17,87,2,No
EMP0489,2021-01-04,3,1,44,96,2,No
EMP0490,2023-08-28,2,4,15,83,2,No
EMP0490,2024-08-27,1,3,3,89,1,No
EMP0490,2025-08-27,2,4,12,71,1,No
EMP0491,2021-10-29,4,3,2,104,3,No
EMP0491,2022-10-29,3,2,6,91,2,No
EMP0491,2023-10-29,4,2,11,109,2,No
EMP0491,2024-10-28,2,2,6,90,1,No
EMP0491,2025-10-28,5,2,0,110,4,No
EMP0492,2022-07-23,3,5,0,77,2,No
EMP0492,2023-07-23,3,5,11,97,3,No
EMP0492,2024-07-22,3,5,4,89,3,No
EMP0492,2025-07-22,3,5,5,96,3,No
EMP0492,2026-07-22,2,5,0,101,1,No
EMP0493,2022-06-14,3,2,0,81,3,No
EMP0493,2023-06-14,1,2,18,82,1,No
EMP0493,2024-06-13,4,3,5,110,3,No
EMP0493,2025-06-13,2,3,2,82,2,No
EMP0493,2026-06-13,3,3,0,79,2,No
EMP0494,2025-07-13,4,4,30,101,4,No
EMP0494,2026-07-13,5,3,14,104,4,No
EMP0495,2025-10-28,2,5,27,72,1,No
EMP0496,2024-12-08,1,3,9,90,1,No
EMP0496,2025-12-08,2,2,2,96,1,No
EMP0497,2023-12-09,2,3,38,79,1,No
EMP0498,2024-11-07,2,3,34,94,1,No
EMP0499,2021-01-25,2,3,13,64,2,No
EMP0499,2022-01-25,2,2,0,79,2,No
EMP0499,2023-01-25,2,3,0,98,1,No
EMP0499,2024-01-25,3,4,0,93,2,No
EMP0499,2025-01-24,2,3,1,71,2,No
EMP0499,2026-01-24,3,4,0,96,2,No
EMP0500,2021-12-06,3,3,0,77,2,No
EMP0500,2022-12-06,3,4,0,93,2,No
EMP0500,2023-12-06,3,4,27,89,3,No
EMP0500,2024-12-05,2,4,5,88,1,No
EMP0500,2025-12-05,4,4,24,84,4,Yes
EMP0501,2022-10-18,3,2,15,80,2,No
EMP0501,2023-10-18,3,2,0,97,2,No
EMP0501,2024-10-17,3,2,2,98,3,No
EMP0501,2025-10-17,3,3,2,104,3,No
EMP0502,2021-02-05,1,1,0,64,1,No
EMP0502,2022-02-05,1,1,0,70,1,No
EMP0502,2023-02-05,2,1,5,97,2,No
EMP0503,2026-02-20,3,5,11,93,3,No
EMP0505,2025-02-04,1,4,33,94,1,No
EMP0505,2026-02-04,1,5,18,83,1,No
EMP0506,2026-05-13,4,4,52,101,3,No
EMP0507,2025-05-11,3,4,24,92,3,No
EMP0507,2026-05-11,3,4,18,106,3,No
EMP0508,2023-03-20,4,1,17,89,4,No
EMP0508,2024-03-19,1,1,31,80,1,No
EMP0509,2023-05-13,3,2,7,94,3,No
EMP0509,2024-05-12,3,3,0,87,2,No
EMP0509,2025-05-12,2,1,14,89,1,No
EMP0509,2026-05-12,3,2,2,91,3,No
EMP0510,2024-02-22,2,3,16,84,2,No
EMP0510,2025-02-21,4,3,14,109,4,No
EMP0510,2026-02-21,2,4,16,57,1,No
EMP0513,2025-01-13,2,3,20,65,1,No
EMP0513,2026-01-13,3,2,3,85,3,No
EMP0514,2026-06-03,3,1,62,65,3,No
EMP0515,2024-04-29,4,2,18,88,4,No
EMP0515,2025-04-29,2,2,28,72,1,No
EMP0515,2026-04-29,4,3,0,110,4,No
EMP0516,2026-08-08,1,1,20,62,1,No
EMP0517,2021-03-14,2,2,5,93,1,No
EMP0517,2022-03-14,2,2,14,86,1,No
EMP0517,2023-03-14,2,2,19,81,2,No
EMP0517,2024-03-13,1,2,10,66,1,No
EMP0517,2025-03-13,1,2,17,55,1,No
EMP0517,2026-03-13,2,3,9,82,2,No
EMP0518,2022-02-07,4,3,21,108,4,No
EMP0518,2023-02-07,3,3,4,100,3,No
EMP0518,2024-02-07,4,2,11,91,4,Yes
EMP0518,2025-02-06,3,3,0,105,3,No
EMP0518,2026-02-06,3,3,3,90,2,No
EMP0519,2026-06-07,5,3,12,110,5,No
EMP0520,2024-04-03,4,2,0,103,4,No
EMP0520,2025-04-03,4,3,0,84,4,No
EMP0520,2026-04-03,5,3,3,110,4,Yes
EMP0521,2025-03-08,2,2,36,95,2,No
EMP0521,2026-03-08,2,2,29,85,1,No
EMP0523,2024-04-29,3,3,0,76,3,No
EMP0523,2025-04-29,2,3,1,74,1,No
EMP0523,2026-04-29,2,2,0,68,1,No
EMP0524,2021-01-10,4,4,0,101,3,No
EMP0524,2022-01-10,3,3,2,99,2,No
EMP0524,2023-01-10,3,4,3,73,3,No
EMP0524,2024-01-10,2,3,8,82,2,No
EMP0525,2023-11-22,3,2,9,71,3,No
EMP0525,2024-11-21,2,3,0,86,1,No
EMP0525,2025-11-21,3,3,1,76,2,No
EMP0526,2021-11-27,2,3,20,102,2,No
EMP0526,2022-11-27,2,2,0,88,2,No
EMP0526,2023-11-27,2,3,0,75,2,No
EMP0526,2024-11-26,2,2,2,105,2,No
EMP0526,2025-11-26,2,3,12,91,1,No
EMP0527,2024-04-21,2,1,21,85,2,No
EMP0527,2025-04-21,2,1,17,110,1,No
EMP0527,2026-04-21,3,1,24,90,2,No
EMP0528,2022-10-19,2,3,0,90,1,No
EMP0528,2023-10-19,2,5,0,60,2,No
EMP0528,2024-10-18,2,4,0,90,1,No
EMP0528,2025-10-18,3,4,0,87,3,No
EMP0529,2024-11-01,2,3,29,90,2,No
EMP0530,2022-06-14,1,5,9,72,1,No
EMP0530,2023-06-14,1,5,0,86,1,No
EMP0530,2024-06-13,2,4,9,76,2,No
EMP0530,2025-06-13,1,5,13,84,1,No
EMP0530,2026-06-13,1,3,9,75,1,No
EMP0531,2023-10-04,5,2,12,106,5,No
EMP0531,2024-10-03,4,2,9,101,3,No
EMP0531,2025-10-03,3,2,0,85,3,No
EMP0532,2022-03-14,2,3,1,86,1,No
EMP0532,2023-03-14,1,4,0,59,1,No
EMP0532,2024-03-13,3,3,12,83,2,No
EMP0532,2025-03-13,1,3,15,54,1,No
EMP0532,2026-03-13,2,3,15,91,1,No
EMP0533,2022-03-23,3,1,31,97,2,No
EMP0534,2022-10-02,3,2,21,80,2,No
EMP0535,2026-05-02,3,4,41,82,1,No
EMP0536,2025-04-06,4,1,58,110,4,No
EMP0538,2022-05-06,3,4,8,99,2,No
EMP0538,2023-05-06,2,4,10,90,1,No
EMP0538,2024-05-05,2,4,7,103,2,No
EMP0538,2025-05-05,3,4,21,105,2,No
EMP0538,2026-05-05,3,4,7,81,1,No
EMP0539,2023-10-08,1,2,6,66,1,No
EMP0539,2024-10-07,2,3,16,91,2,No
EMP0539,2025-10-07,2,1,0,90,1,No
EMP0540,2021-06-17,2,3,7,95,2,No
EMP0540,2022-06-17,2,3,13,85,2,No
EMP0540,2023-06-17,1,3,9,72,1,No
EMP0540,2024-06-16,2,3,1,81,2,No
EMP0540,2025-06-16,2,3,18,93,1,No
EMP0540,2026-06-16,1,3,6,72,1,No
EMP0541,2023-11-09,4,1,0,100,4,Yes
EMP0541,2024-11-08,4,1,0,110,4,No
EMP0542,2026-06-05,4,4,52,103,4,No
EMP0543,2024-12-07,4,3,0,80,3,No
EMP0543,2025-12-07,4,2,0,96,3,No
EMP0544,2024-07-20,1,5,16,78,1,No
EMP0544,2025-07-20,2,4,6,63,1,No
EMP0544,2026-07-20,1,5,0,91,1,No
EMP0545,2024-11-05,2,4,8,91,1,No
EMP0545,2025-11-05,2,3,27,70,1,No
EMP0546,2026-08-08,4,3,24,101,3,No
EMP0547,2024-02-24,3,4,4,72,3,No
EMP0547,2025-02-23,3,1,0,94,2,No
EMP0547,2026-02-23,4,3,0,98,3,No
EMP0548,2026-08-08,3,5,18,92,2,No
EMP0549,2021-06-09,2,1,46,87,1,No
EMP0550,2023-01-11,3,1,0,83,3,No
EMP0550,2024-01-11,3,1,9,93,2,No
EMP0550,2025-01-10,3,1,15,101,2,No
EMP0550,2026-01-10,3,1,20,95,3,No
EMP0551,2025-04-13,3,2,30,109,3,No
EMP0551,2026-04-13,2,3,29,76,1,No
EMP0552,2024-02-17,5,5,10,103,5,No
EMP0552,2025-02-16,4,5,14,96,4,Yes
EMP0552,2026-02-16,5,4,16,110,5,No
EMP0553,2021-12-05,2,1,75,85,1,No
EMP0554,2024-07-28,2,3,55,62,1,No
EMP0555,2026-08-08,3,4,20,110,3,No
EMP0556,2021-05-27,2,2,0,89,2,No
EMP0556,2022-05-27,2,3,2,84,1,No
EMP0556,2023-05-27,2,1,17,93,2,No
EMP0556,2024-05-26,2,1,7,80,1,No
EMP0556,2025-05-26,2,2,17,98,2,No
EMP0556,2026-05-26,3,2,15,95,3,No
EMP0557,2021-12-29,2,1,33,97,2,No
EMP0558,2024-10-24,1,3,10,60,1,No
EMP0558,2025-10-24,1,3,15,75,1,No
EMP0560,2024-10-04,1,2,0,62,1,No
EMP0560,2025-10-04,1,3,0,67,1,No
EMP0561,2021-10-14,2,2,0,92,2,No
EMP0561,2022-10-14,2,2,17,71,1,No
EMP0561,2023-10-14,2,3,3,66,2,No
EMP0561,2024-10-13,2,3,0,75,1,No
EMP0561,2025-10-13,4,2,0,98,3,No
EMP0562,2025-05-09,2,2,13,88,1,No
EMP0562,2026-05-09,3,3,21,91,1,No
EMP0563,2024-03-03,2,1,10,61,2,No
EMP0563,2025-03-03,3,1,0,85,3,No
EMP0563,2026-03-03,3,1,0,103,3,No
EMP0564,2023-06-15,3,1,14,86,3,No
EMP0564,2024-06-14,3,1,10,106,3,No
EMP0564,2025-06-14,2,1,0,61,1,No
EMP0564,2026-06-14,3,1,34,106,3,No
EMP0565,2025-06-20,1,4,16,73,1,No
EMP0565,2026-06-20,1,4,29,65,1,No
EMP0566,2024-12-05,4,3,11,99,3,No
EMP0566,2025-12-05,3,3,14,88,3,No
EMP0567,2023-08-02,3,2,14,79,2,No
EMP0567,2024-08-01,4,2,3,99,4,No
EMP0567,2025-08-01,4,3,21,102,3,No
EMP0567,2026-08-01,3,3,1,91,3,No
EMP0568,2026-07-24,2,3,37,83,1,No
EMP0570,2022-05-20,2,3,0,84,1,No
EMP0570,2023-05-20,1,3,10,82,1,No
EMP0570,2024-05-19,2,2,7,84,2,No
EMP0570,2025-05-19,2,2,5,82,2,No
EMP0570,2026-05-19,2,3,5,73,1,No
EMP0571,2023-06-25,4,2,0,105,4,No
EMP0571,2024-06-24,5,2,15,99,5,No
EMP0571,2025-06-24,4,3,0,109,4,No
EMP0571,2026-06-24,5,3,0,86,4,No
EMP0572,2026-08-08,3,3,41,75,2,No
EMP0573,2024-03-03,1,3,15,79,1,No
EMP0573,2025-03-03,3,3,25,87,3,No
EMP0573,2026-03-03,2,3,15,73,2,No
EMP0574,2021-08-25,1,1,6,61,1,No
EMP0574,2022-08-25,2,1,15,86,2,No
EMP0574,2023-08-25,1,1,0,88,1,No
EMP0575,2021-03-30,1,3,0,63,1,No
EMP0575,2022-03-30,1,4,5,78,1,No
EMP0575,2023-03-30,1,4,9,56,1,No
EMP0575,2024-03-29,1,3,6,77,1,No
EMP0575,2025-03-29,1,3,0,57,1,No
EMP0575,2026-03-29,1,3,0,58,1,No
EMP0577,2023-07-26,4,5,13,110,3,No
EMP0577,2024-07-25,3,3,0,91,4,No
EMP0577,2025-07-25,3,4,0,83,3,No
EMP0577,2026-07-25,4,4,14,109,3,No
EMP0580,2022-07-29,5,1,0,110,5,No
EMP0580,2023-07-29,4,2,2,93,4,No
EMP0580,2024-07-28,5,2,0,102,5,No
EMP0580,2025-07-28,4,3,3,70,3,No
EMP0580,2026-07-28,4,1,2,107,3,No
EMP0581,2022-01-19,3,3,9,105,2,No
EMP0581,2023-01-19,2,3,14,100,2,No
EMP0581,2024-01-19,3,3,18,86,3,No
EMP0581,2025-01-18,3,3,13,94,3,No
EMP0581,2026-01-18,3,2,13,87,3,No
EMP0582,2023-05-31,3,2,14,103,2,No
EMP0582,2024-05-30,3,1,0,75,2,No
EMP0582,2025-05-30,3,2,23,73,2,No
EMP0582,2026-05-30,3,4,0,98,2,No
EMP0583,2025-01-16,2,4,29,104,1,No
EMP0583,2026-01-16,3,4,18,98,2,No
EMP0584,2024-05-10,3,2,20,110,2,No
EMP0584,2025-05-10,3,4,27,93,2,No
EMP0584,2026-05-10,2,2,34,81,1,No
EMP0585,2022-01-16,2,2,11,95,2,No
EMP0585,2023-01-16,3,3,6,85,2,No
EMP0585,2024-01-16,2,3,10,73,1,No
EMP0585,2025-01-15,2,3,0,92,1,No
EMP0585,2026-01-15,2,2,10,66,2,No
EMP0586,2025-01-17,4,2,11,107,3,Yes
EMP0586,2026-01-17,4,3,24,98,3,No
EMP0587,2026-05-06,1,4,32,85,1,No
EMP0588,2026-04-16,3,1,21,82,3,No
EMP0589,2025-08-12,4,2,0,105,3,No
EMP0589,2026-08-12,3,4,0,110,3,No
EMP0590,2021-04-21,3,2,7,90,3,No
EMP0590,2022-04-21,2,1,10,78,2,No
EMP0590,2023-04-21,3,1,8,78,2,No
EMP0590,2024-04-20,2,2,0,78,1,No
EMP0590,2025-04-20,3,1,24,96,2,No
EMP0590,2026-04-20,3,1,1,91,3,No
EMP0591,2025-11-02,2,3,27,70,2,No
EMP0592,2024-03-18,3,2,7,110,2,No
EMP0592,2025-03-18,2,3,15,90,2,No
EMP0592,2026-03-18,3,3,0,110,2,No
EMP0593,2021-03-24,3,3,0,89,3,No
EMP0593,2022-03-24,2,2,0,69,3,No
EMP0593,2023-03-24,3,3,8,100,2,No
EMP0593,2024-03-23,2,3,13,90,2,No
EMP0593,2025-03-23,2,4,3,95,1,No
EMP0593,2026-03-23,2,4,16,102,1,No
EMP0594,2023-08-27,5,3,25,98,4,No
EMP0594,2024-08-26,5,3,28,104,5,No
EMP0594,2025-08-26,4,3,14,110,3,No
EMP0595,2025-10-30,3,3,32,77,3,No
EMP0596,2021-11-06,3,3,0,100,2,No
EMP0596,2022-11-06,3,2,0,84,3,No
EMP0596,2023-11-06,1,2,0,92,1,No
EMP0596,2024-11-05,3,3,0,94,3,No
EMP0596,2025-11-05,3,4,0,88,2,No
EMP0597,2026-05-28,2,5,14,69,2,No
EMP0598,2026-04-24,2,5,45,72,2,No
EMP0599,2023-12-15,2,3,18,91,2,No
EMP0599,2024-12-14,2,3,17,83,2,No
EMP0599,2025-12-14,2,3,0,83,1,No
EMP0600,2025-05-20,3,2,30,89,2,No
EMP0601,2025-07-13,3,4,32,81,2,No
EMP0601,2026-07-13,4,3,30,94,3,Yes
EMP0602,2022-04-12,4,5,14,78,3,No
EMP0602,2023-04-12,2,5,0,101,3,No
EMP0602,2024-04-11,4,5,0,94,3,No
EMP0602,2025-04-11,4,4,0,89,4,No
EMP0602,2026-04-11,4,4,1,110,3,No
EMP0604,2022-09-19,2,2,19,82,2,No
EMP0604,2023-09-19,1,1,4,82,1,No
EMP0604,2024-09-18,2,2,3,75,2,No
EMP0604,2025-09-18,2,1,9,87,2,No
EMP0605,2021-06-20,1,4,17,96,1,No
EMP0605,2022-06-20,2,3,4,78,2,No
EMP0605,2023-06-20,1,4,0,98,1,No
EMP0605,2024-06-19,1,3,1,90,1,No
EMP0605,2025-06-19,1,3,11,82,1,No
EMP0605,2026-06-19,3,3,0,102,3,No
EMP0606,2022-03-12,2,2,0,73,2,No
EMP0606,2023-03-12,3,3,4,94,3,No
EMP0606,2024-03-11,2,4,18,68,2,No
EMP0606,2025-03-11,2,3,0,78,1,No
EMP0606,2026-03-11,2,3,0,84,1,No
EMP0607,2026-02-06,3,1,38,84,3,No
EMP0608,2022-06-28,2,1,2,94,1,No
EMP0608,2023-06-28,2,1,3,101,1,No
EMP0608,2024-06-27,3,2,0,87,3,No
EMP0608,2025-06-27,3,2,6,96,3,No
EMP0608,2026-06-27,2,1,24,69,1,No
EMP0609,2025-01-14,5,3,31,105,4,Yes
EMP0609,2026-01-14,5,3,3,92,5,No
EMP0610,2025-10-14,3,1,7,84,2,No
EMP0611,2025-07-19,4,3,0,94,3,No
EMP0611,2026-07-19,4,3,0,88,3,No
EMP0612,2022-05-12,2,4,0,78,2,No
EMP0612,2023-05-12,3,5,3,98,3,No
EMP0612,2024-05-11,2,5,0,92,1,No
EMP0612,2025-05-11,2,5,10,83,1,No
EMP0612,2026-05-11,4,5,0,110,3,No
EMP0613,2023-10-30,2,4,25,91,2,No
EMP0613,2024-10-29,4,4,10,96,3,No
EMP0613,2025-10-29,4,5,6,110,4,No
EMP0614,2021-03-25,3,4,0,78,3,No
EMP0614,2022-03-25,3,4,0,90,3,No
EMP0614,2023-03-25,2,3,0,110,1,No
EMP0614,2024-03-24,2,4,0,76,1,No
EMP0614,2025-03-24,2,4,12,90,1,No
EMP0614,2026-03-24,3,4,2,81,1,No
EMP0615,2021-09-12,3,2,14,94,2,No
EMP0615,2022-09-12,3,2,12,110,2,No
EMP0615,2023-09-12,2,2,9,65,1,No
EMP0615,2024-09-11,3,1,1,83,2,No
EMP0615,2025-09-11,3,2,4,87,4,No
EMP0616,2024-11-02,3,3,20,97,2,No
EMP0616,2025-11-02,4,2,5,110,4,Yes
EMP0617,2025-11-07,5,1,13,88,4,No
EMP0618,2021-06-03,3,2,16,87,2,No
EMP0618,2022-06-03,3,2,20,110,3,No
EMP0618,2023-06-03,3,4,29,87,2,No
EMP0619,2026-08-08,2,3,32,87,2,No
EMP0620,2025-08-11,4,2,23,105,4,No
EMP0621,2023-02-10,3,1,56,110,2,No
EMP0623,2021-05-21,3,1,0,99,3,No
EMP0623,2022-05-21,2,1,20,79,1,No
EMP0623,2023-05-21,1,1,0,65,1,No
EMP0623,2024-05-20,3,1,2,73,2,No
EMP0623,2025-05-20,3,1,6,101,3,No
EMP0623,2026-05-20,3,1,8,89,3,No
EMP0624,2023-03-19,2,1,13,81,2,No
EMP0624,2024-03-18,3,2,0,91,2,No
EMP0624,2025-03-18,3,1,13,83,3,No
EMP0624,2026-03-18,2,1,18,92,1,No
EMP0625,2021-05-17,2,4,1,110,1,No
EMP0625,2022-05-17,4,4,17,102,4,No
EMP0625,2023-05-17,2,5,0,78,2,No
EMP0625,2024-05-16,4,4,1,110,4,No
EMP0625,2025-05-16,2,5,9,104,1,No
EMP0625,2026-05-16,2,5,0,94,2,No
EMP0626,2024-09-14,3,4,3,103,2,No
EMP0626,2025-09-14,3,2,13,101,2,No
EMP0627,2021-06-18,1,2,8,83,1,No
EMP0627,2022-06-18,1,2,0,98,1,No
EMP0627,2023-06-18,1,1,4,81,1,No
EMP0627,2024-06-17,1,1,11,79,1,No
EMP0627,2025-06-17,1,1,0,91,1,No
EMP0627,2026-06-17,1,2,0,82,1,No
EMP0628,2021-12-15,4,3,0,87,4,No
EMP0628,2022-12-15,3,3,0,83,2,No
EMP0628,2023-12-15,3,4,8,80,2,No
EMP0628,2024-12-14,5,4,1,110,5,Yes
EMP0628,2025-12-14,2,4,2,86,1,No
EMP0629,2022-10-21,4,2,1,110,3,Yes
EMP0629,2023-10-21,4,3,4,100,3,Yes
EMP0629,2024-10-20,5,2,0,104,4,No
EMP0629,2025-10-20,5,3,17,110,5,No
EMP0630,2023-06-02,5,3,0,101,5,No
EMP0630,2024-06-01,4,3,16,90,5,No
EMP0630,2025-06-01,3,3,8,93,3,No
EMP0630,2026-06-01,4,5,8,90,4,Yes
EMP0631,2023-04-16,1,2,0,70,1,No
EMP0631,2024-04-15,1,4,2,82,1,No
EMP0631,2025-04-15,1,2,0,99,1,No
EMP0631,2026-04-15,1,2,0,69,1,No
EMP0632,2021-05-31,2,5,2,70,1,No
EMP0632,2022-05-31,3,4,15,76,2,No
EMP0632,2023-05-31,3,5,0,89,2,No
EMP0632,2024-05-30,3,5,0,89,2,No
EMP0632,2025-05-30,3,4,3,108,3,No
EMP0632,2026-05-30,3,4,2,97,3,No
EMP0633,2021-10-04,3,1,0,88,3,No
EMP0633,2022-10-04,3,1,2,83,3,No
EMP0633,2023-10-04,2,1,5,93,1,No
EMP0633,2024-10-03,3,1,10,110,3,No
EMP0633,2025-10-03,3,1,15,90,3,No
EMP0635,2023-04-14,4,4,22,87,3,No
EMP0635,2024-04-13,3,3,0,54,4,No
EMP0635,2025-04-13,2,5,6,69,2,No
EMP0635,2026-04-13,2,5,6,95,2,No
EMP0636,2024-12-10,3,2,3,92,2,No
EMP0636,2025-12-10,3,3,0,86,2,No
EMP0637,2025-01-22,4,2,17,107,4,No
EMP0637,2026-01-22,3,2,22,100,2,No
EMP0638,2025-05-14,3,1,20,99,2,No
EMP0638,2026-05-14,3,2,14,82,2,No
EMP0640,2026-04-22,2,5,0,76,2,No
EMP0641,2024-09-08,1,2,19,61,1,No
EMP0641,2025-09-08,1,3,12,79,1,No
EMP0642,2026-03-31,3,1,8,110,3,No
EMP0643,2026-08-08,2,4,28,103,2,No
EMP0644,2023-07-23,1,4,16,82,1,No
EMP0644,2024-07-22,1,3,13,70,1,No
EMP0644,2025-07-22,1,3,0,86,1,No
EMP0644,2026-07-22,2,3,0,97,1,No
EMP0645,2025-12-23,3,4,28,99,3,No
EMP0647,2021-07-07,3,2,8,94,2,No
EMP0647,2022-07-07,2,3,0,86,2,No
EMP0647,2023-07-07,3,3,13,92,3,No
EMP0647,2024-07-06,2,4,5,77,2,No
EMP0647,2025-07-06,3,3,0,68,3,No
EMP0648,2021-03-05,4,2,7,99,3,No
EMP0648,2022-03-05,3,2,24,83,1,No
EMP0648,2023-03-05,3,2,0,83,2,No
EMP0648,2024-03-04,4,1,0,109,4,No
EMP0648,2025-03-04,4,2,0,98,3,No
EMP0648,2026-03-04,4,2,0,88,5,No
EMP0650,2023-03-11,1,3,33,94,1,No
EMP0651,2025-03-13,1,1,0,92,1,No
EMP0652,2022-12-05,3,2,16,102,3,No
EMP0652,2023-12-05,2,1,10,75,1,No
EMP0652,2024-12-04,2,2,12,66,1,No
EMP0652,2025-12-04,2,2,18,61,1,No
EMP0653,2026-02-20,3,4,49,96,3,No
EMP0654,2021-11-12,1,2,0,64,1,No
EMP0654,2022-11-12,1,2,11,80,1,No
EMP0654,2023-11-12,1,2,15,78,1,No
EMP0654,2024-11-11,1,3,1,56,1,No
EMP0654,2025-11-11,1,3,1,62,1,No
EMP0655,2025-03-28,2,5,29,84,1,No
EMP0655,2026-03-28,1,3,18,78,1,No
EMP0656,2023-11-26,2,3,0,95,1,No
EMP0656,2024-11-25,2,2,5,82,2,No
EMP0656,2025-11-25,3,2,13,110,3,No
EMP0657,2022-03-04,3,4,12,106,3,No
EMP0657,2023-03-04,3,4,7,109,3,No
EMP0657,2024-03-03,3,4,12,106,2,No
EMP0657,2025-03-03,3,4,20,107,3,No
EMP0657,2026-03-03,2,4,16,92,2,No
EMP0658,2026-08-08,5,3,32,95,5,No
EMP0659,2026-05-16,4,4,44,110,5,No
EMP0660,2023-12-05,2,1,5,92,2,No
EMP0660,2024-12-04,3,2,28,84,2,No
EMP0660,2025-12-04,3,1,27,87,3,No
EMP0661,2025-12-30,2,2,22,71,2,No
EMP0662,2025-05-08,3,4,0,89,3,No
EMP0662,2026-05-08,2,3,0,92,2,No
EMP0663,2025-04-18,1,1,22,98,1,No
EMP0663,2026-04-18,1,1,8,72,1,No
EMP0665,2023-06-03,4,3,0,82,3,No
EMP0665,2024-06-02,4,2,23,102,3,Yes
EMP0665,2025-06-02,4,3,19,100,3,No
EMP0665,2026-06-02,3,2,0,103,3,No
EMP0667,2024-06-04,4,2,23,110,3,No
EMP0667,2025-06-04,3,1,33,99,3,No
EMP0667,2026-06-04,3,2,16,67,1,No
EMP0668,2022-05-20,1,3,20,93,1,No
EMP0668,2023-05-20,1,1,1,71,1,No
EMP0668,2024-05-19,1,1,2,64,1,No
EMP0668,2025-05-19,1,2,11,78,1,No
EMP0669,2025-10-02,4,4,24,105,4,No
EMP0670,2023-08-05,2,5,3,61,1,No
EMP0670,2024-08-04,2,4,0,87,2,No
EMP0670,2025-08-04,4,4,18,99,4,Yes
EMP0670,2026-08-04,2,4,4,86,1,No
EMP0672,2025-01-15,3,4,24,79,3,No
EMP0672,2026-01-15,4,4,14,101,4,No
EMP0673,2024-04-17,2,4,13,71,2,No
EMP0673,2025-04-17,2,3,12,89,2,No
EMP0673,2026-04-17,2,2,7,63,1,No
EMP0674,2025-11-12,4,2,29,95,4,No
EMP0675,2022-08-11,1,4,10,74,1,No
EMP0675,2023-08-11,3,4,0,72,3,No
EMP0675,2024-08-10,3,3,7,91,2,No
EMP0675,2025-08-10,2,3,9,83,1,No
EMP0675,2026-08-10,4,3,19,81,4,No
EMP0676,2024-10-11,3,1,0,97,3,No
EMP0676,2025-10-11,3,2,0,92,3,No
EMP0677,2023-09-13,2,3,0,79,1,No
EMP0677,2024-09-12,1,3,16,70,1,No
EMP0677,2025-09-12,2,2,2,69,1,No
EMP0679,2022-01-10,2,1,2,81,1,No
EMP0679,2023-01-10,2,1,5,102,2,No
EMP0679,2024-01-10,3,1,0,87,2,No
EMP0679,2025-01-09,3,1,0,82,3,No
EMP0680,2021-07-22,2,3,0,65,2,No
EMP0680,2022-07-22,3,3,0,98,2,No
EMP0680,2023-07-22,2,3,0,82,1,No
EMP0680,2024-07-21,3,3,1,96,3,No
EMP0680,2025-07-21,3,3,4,90,3,No
EMP0680,2026-07-21,2,3,6,86,2,No
EMP0681,2024-06-16,4,2,5,106,3,No
EMP0681,2025-06-16,4,2,2,110,4,No
EMP0681,2026-06-16,4,2,6,109,4,No
EMP0682,2025-09-20,1,2,43,69,1,No
EMP0683,2026-08-08,4,3,35,98,3,Yes
EMP0684,2024-05-12,4,4,10,110,4,Yes
EMP0684,2025-05-12,2,2,10,83,2,No
EMP0684,2026-05-12,2,2,0,96,1,No
EMP0685,2026-03-18,3,2,27,70,3,No
EMP0687,2026-07-09,2,3,25,87,2,No
EMP0688,2024-01-17,3,3,6,91,3,No
EMP0688,2025-01-16,4,4,4,100,3,Yes
EMP0688,2026-01-16,4,4,0,103,3,Yes
EMP0689,2021-03-02,3,4,10,86,3,No
EMP0689,2022-03-02,3,3,0,97,3,No
EMP0689,2023-03-02,4,3,6,109,4,No
EMP0689,2024-03-01,4,4,0,92,3,Yes
EMP0689,2025-03-01,3,3,7,79,2,No
EMP0690,2025-03-11,3,5,91,100,2,No
EMP0691,2026-08-08,3,4,0,103,1,No
EMP0692,2023-05-02,4,2,0,107,4,No
EMP0692,2024-05-01,3,3,8,109,3,No
EMP0692,2025-05-01,4,2,10,103,3,No
EMP0692,2026-05-01,4,3,27,100,3,No
EMP0693,2026-08-08,2,5,24,69,2,No
EMP0696,2024-09-03,2,3,7,89,1,No
EMP0696,2025-09-03,3,3,10,93,2,No
EMP0697,2025-06-02,5,4,12,110,4,No
EMP0697,2026-06-02,4,5,11,95,3,No
EMP0698,2023-08-31,3,3,9,85,3,No
EMP0698,2024-08-30,3,4,0,82,2,No
EMP0698,2025-08-30,3,4,0,98,3,No
EMP0699,2021-06-22,4,2,10,107,4,No
EMP0699,2022-06-22,2,3,14,76,1,No
EMP0699,2023-06-22,2,3,32,73,1,No
EMP0700,2026-04-10,3,2,56,83,3,No
EMP0701,2026-08-08,3,2,69,105,3,No
EMP0702,2022-03-03,2,3,7,75,2,No
EMP0702,2023-03-03,1,2,7,71,1,No
EMP0702,2024-03-02,1,3,9,108,1,No
EMP0702,2025-03-02,3,4,15,81,2,No
EMP0702,2026-03-02,1,3,14,50,1,No
EMP0703,2023-08-17,3,3,8,110,2,No
EMP0703,2024-08-16,3,3,28,83,3,No
EMP0703,2025-08-16,3,3,10,75,3,No
EMP0703,2026-08-16,2,3,0,110,2,No
EMP0704,2022-08-30,2,4,28,85,2,No
EMP0705,2025-10-24,2,4,28,84,1,No
EMP0706,2024-12-19,3,3,4,92,2,No
EMP0706,2025-12-19,2,2,20,96,2,No
EMP0707,2021-08-17,3,2,10,110,2,No
EMP0707,2022-08-17,3,3,9,73,3,No
EMP0707,2023-08-17,4,2,0,87,4,No
EMP0707,2024-08-16,4,3,9,110,3,No
EMP0707,2025-08-16,4,2,21,84,4,No
EMP0707,2026-08-16,4,4,2,109,4,No
EMP0708,2022-06-25,3,1,0,88,3,No
EMP0708,2023-06-25,3,2,0,103,2,No
EMP0708,2024-06-24,2,2,11,64,2,No
EMP0708,2025-06-24,1,1,8,55,1,No
EMP0708,2026-06-24,3,2,11,78,3,No
EMP0710,2024-09-08,2,4,23,72,2,No
EMP0710,2025-09-08,1,4,27,82,1,No
EMP0711,2026-02-27,1,3,0,77,1,No
EMP0712,2025-04-28,2,4,8,98,1,No
EMP0712,2026-04-28,4,4,3,98,3,No
EMP0713,2024-12-12,4,1,14,86,5,Yes
EMP0713,2025-12-12,3,2,9,90,2,No
EMP0714,2022-09-22,2,2,11,89,1,No
EMP0714,2023-09-22,3,2,7,110,3,No
EMP0714,2024-09-21,2,1,11,89,1,No
EMP0714,2025-09-21,2,1,19,77,2,No
EMP0715,2022-02-21,1,4,0,71,1,No
EMP0715,2023-02-21,4,3,0,96,3,No
EMP0715,2024-02-21,2,3,0,95,2,No
EMP0715,2025-02-20,2,3,24,102,2,No
EMP0715,2026-02-20,2,5,3,83,1,No
EMP0716,2024-06-23,2,2,26,84,1,No
EMP0716,2025-06-23,2,2,0,70,2,No
EMP0717,2025-05-12,2,2,13,94,1,No
EMP0717,2026-05-12,2,2,0,105,2,No
EMP0718,2023-02-15,4,3,8,99,4,No
EMP0718,2024-02-15,3,3,1,65,3,No
EMP0718,2025-02-14,4,3,13,96,3,No
EMP0718,2026-02-14,5,2,0,109,5,Yes
EMP0719,2023-03-22,1,2,0,71,1,No
EMP0719,2024-03-21,3,2,24,96,2,No
EMP0719,2025-03-21,3,2,3,101,2,No
EMP0719,2026-03-21,2,1,10,101,2,No
EMP0721,2026-08-08,4,2,52,109,3,No
EMP0722,2021-04-03,1,2,6,82,1,No
EMP0722,2022-04-03,3,4,0,102,2,No
EMP0722,2023-04-03,2,2,20,84,2,No
EMP0722,2024-04-02,2,2,11,96,1,No
EMP0722,2025-04-02,2,3,4,89,1,No
EMP0722,2026-04-02,3,3,12,86,3,No
EMP0723,2026-08-08,3,4,17,106,3,No
EMP0724,2026-05-10,5,4,24,103,5,Yes
EMP0725,2023-05-13,2,2,42,93,1,No
EMP0726,2022-09-10,5,1,25,110,4,No
EMP0726,2023-09-10,5,1,17,110,4,Yes
EMP0726,2024-09-09,4,1,17,106,3,No
EMP0726,2025-09-09,4,1,22,95,3,No
EMP0727,2024-04-29,1,1,19,66,1,No
EMP0727,2025-04-29,1,1,11,95,1,No
EMP0727,2026-04-29,1,1,0,66,1,No
EMP0728,2022-05-08,4,3,2,110,4,No
EMP0728,2023-05-08,4,3,0,95,3,No
EMP0728,2024-05-07,4,4,0,98,4,No
EMP0728,2025-05-07,5,2,7,91,4,Yes
EMP0728,2026-05-07,5,3,11,110,4,No
EMP0729,2026-02-22,3,4,16,110,4,No
EMP0730,2023-12-13,4,4,18,90,3,No
EMP0730,2024-12-12,3,4,18,92,2,No
EMP0730,2025-12-12,4,4,11,99,4,Yes
EMP0731,2026-08-09,3,2,77,78,2,No
EMP0732,2026-08-08,5,4,16,103,5,No
EMP0733,2024-06-27,2,2,16,74,1,No
EMP0733,2025-06-27,2,2,14,82,2,No
EMP0733,2026-06-27,2,3,22,59,2,No
EMP0734,2022-08-26,1,2,15,71,1,No
EMP0734,2023-08-26,1,2,14,65,1,No
EMP0734,2024-08-25,1,3,15,77,1,No
EMP0734,2025-08-25,1,2,14,63,1,No
EMP0735,2026-08-03,4,2,45,105,4,Yes
EMP0736,2022-06-07,4,1,11,88,4,No
EMP0736,2023-06-07,3,1,9,81,3,No
EMP0736,2024-06-06,3,1,14,85,3,No
EMP0737,2026-05-26,2,4,59,88,2,No
EMP0738,2022-09-18,3,4,14,106,3,No
EMP0738,2023-09-18,4,4,3,101,4,Yes
EMP0738,2024-09-17,3,4,6,98,2,No
EMP0739,2026-02-13,4,1,52,74,3,No
EMP0740,2022-12-23,1,1,24,59,1,No
EMP0740,2023-12-23,2,3,2,69,1,No
EMP0740,2024-12-22,2,2,10,79,2,No
EMP0740,2025-12-22,1,2,5,101,1,No
EMP0741,2026-07-12,1,4,6,74,1,No
EMP0742,2021-10-21,3,2,5,110,2,No
EMP0742,2022-10-21,5,2,0,104,4,No
EMP0742,2023-10-21,5,3,0,95,5,No
EMP0742,2024-10-20,4,3,0,107,3,No
EMP0742,2025-10-20,4,3,8,88,4,No
EMP0743,2026-08-08,2,2,42,94,1,No
EMP0744,2026-03-29,1,4,24,57,1,No
EMP0745,2022-04-16,2,3,14,97,2,No
EMP0745,2023-04-16,2,3,0,95,1,No
EMP0745,2024-04-15,3,3,3,103,3,No
EMP0745,2025-04-15,2,2,0,101,1,No
EMP0745,2026-04-15,2,2,16,89,2,No
EMP0746,2024-07-12,1,2,4,80,1,No
EMP0746,2025-07-12,3,1,0,86,2,No
EMP0746,2026-07-12,2,2,0,89,2,No
EMP0747,2026-03-04,2,3,14,70,1,No
EMP0748,2021-10-12,2,3,0,75,1,No
EMP0748,2022-10-12,2,3,7,83,2,No
EMP0748,2023-10-12,2,2,13,83,2,No
EMP0748,2024-10-11,2,2,31,90,2,No
EMP0749,2022-07-02,3,2,2,94,3,No
EMP0749,2023-07-02,2,3,0,91,2,No
EMP0749,2024-07-01,2,4,15,85,1,No
EMP0749,2025-07-01,2,3,4,78,2,No
EMP0749,2026-07-01,2,2,12,74,2,No
EMP0750,2025-01-01,3,2,0,89,4,No
EMP0750,2026-01-01,1,3,0,89,1,No
EMP0751,2023-07-21,2,3,0,83,2,No
EMP0751,2024-07-20,1,4,0,65,1,No
EMP0751,2025-07-20,2,3,0,85,1,No
EMP0751,2026-07-20,2,3,0,72,1,No
EMP0752,2022-02-28,1,3,9,98,1,No
EMP0752,2023-02-28,3,2,13,82,2,No
EMP0752,2024-02-28,2,4,1,77,1,No
EMP0752,2025-02-27,2,3,15,75,2,No
EMP0753,2024-04-07,3,2,26,78,3,No
EMP0753,2025-04-07,4,2,26,90,3,No
EMP0753,2026-04-07,4,2,29,106,4,No
EMP0754,2023-03-04,3,4,0,79,2,No
EMP0754,2024-03-03,3,3,0,81,2,No
EMP0754,2025-03-03,3,3,14,89,3,No
EMP0754,2026-03-03,4,3,19,84,3,Yes
EMP0755,2023-02-05,1,2,0,89,1,No
EMP0755,2024-02-05,1,3,0,67,1,No
EMP0755,2025-02-04,1,4,7,89,1,No
EMP0755,2026-02-04,1,3,0,97,1,No
EMP0756,2026-08-08,2,2,0,86,2,No
EMP0757,2025-12-26,1,5,4,81,1,No
EMP0759,2026-08-08,5,4,57,110,4,No
EMP0760,2022-06-14,3,2,7,103,3,No
EMP0760,2023-06-14,2,2,0,95,2,No
EMP0760,2024-06-13,2,2,0,79,2,No
EMP0760,2025-06-13,2,1,18,77,2,No
EMP0760,2026-06-13,2,1,15,94,1,No
EMP0762,2021-09-23,2,2,5,53,2,No
EMP0762,2022-09-23,2,3,2,71,1,No
EMP0762,2023-09-23,4,2,21,110,4,No
EMP0762,2024-09-22,2,3,0,66,3,No
EMP0762,2025-09-22,3,2,0,100,3,No
EMP0765,2021-11-07,3,1,13,90,2,No
EMP0765,2022-11-07,3,1,2,84,2,No
EMP0765,2023-11-07,4,1,14,110,4,No
EMP0765,2024-11-06,3,1,0,73,3,No
EMP0765,2025-11-06,4,1,3,107,4,No
EMP0766,2024-02-18,3,4,0,76,3,No
EMP0766,2025-02-17,4,4,9,105,4,No
EMP0766,2026-02-17,4,4,0,80,4,Yes
EMP0767,2021-05-22,3,4,13,84,2,No
EMP0767,2022-05-22,3,5,11,103,3,No
EMP0767,2023-05-22,4,4,8,89,4,No
EMP0767,2024-05-21,3,4,11,82,4,No
EMP0767,2025-05-21,4,5,8,83,4,No
EMP0767,2026-05-21,5,4,2,110,3,No
EMP0768,2026-08-07,4,2,3,105,4,No
EMP0769,2021-09-27,3,3,0,65,2,No
EMP0769,2022-09-27,4,2,4,108,4,No
EMP0769,2023-09-27,3,3,14,87,3,No
EMP0769,2024-09-26,3,3,9,97,2,No
EMP0769,2025-09-26,3,3,4,93,3,No
EMP0770,2022-06-13,3,4,4,86,3,No
EMP0770,2023-06-13,2,3,0,71,2,No
EMP0770,2024-06-12,3,4,1,91,3,No
EMP0770,2025-06-12,2,3,0,60,1,No
EMP0770,2026-06-12,2,4,9,81,1,No
EMP0771,2022-11-15,2,3,0,73,2,No
EMP0771,2023-11-15,2,4,0,87,1,No
EMP0771,2024-11-14,3,4,8,85,2,No
EMP0771,2025-11-14,2,3,0,94,2,No
EMP0772,2023-10-30,5,5,0,101,5,Yes
EMP0772,2024-10-29,4,5,0,85,5,No
EMP0772,2025-10-29,5,4,5,92,4,No
EMP0773,2025-10-11,2,5,28,92,2,No
EMP0774,2025-11-14,5,2,0,110,5,Yes
EMP0775,2024-02-08,5,2,8,110,5,No
EMP0775,2025-02-07,4,3,0,108,5,No
EMP0775,2026-02-07,5,4,14,110,5,No
EMP0776,2023-07-11,2,4,21,69,1,No
EMP0776,2024-07-10,3,3,3,104,2,No
EMP0776,2025-07-10,2,4,0,72,2,No
EMP0776,2026-07-10,3,3,6,110,3,No
EMP0777,2023-09-21,4,4,9,85,3,No
EMP0777,2024-09-20,4,1,12,103,3,No
EMP0777,2025-09-20,4,3,27,71,2,No
EMP0778,2021-07-01,2,5,0,83,2,No
EMP0778,2022-07-01,3,4,0,81,2,No
EMP0778,2023-07-01,3,5,3,93,4,No
EMP0778,2024-06-30,3,4,1,80,3,No
EMP0778,2025-06-30,3,5,0,81,3,No
EMP0778,2026-06-30,3,5,0,86,3,No
EMP0780,2024-04-29,4,2,27,100,3,Yes
EMP0780,2025-04-29,2,2,40,72,2,No
EMP0780,2026-04-29,4,4,42,81,3,No
EMP0781,2026-08-08,3,2,45,81,3,No
EMP0782,2026-07-16,3,1,4,87,3,No
EMP0783,2025-01-11,1,2,9,86,1,No
EMP0783,2026-01-11,2,2,23,80,1,No
EMP0784,2023-01-18,3,3,0,100,1,No
EMP0784,2024-01-18,2,3,12,91,2,No
EMP0784,2025-01-17,3,2,9,89,2,No
EMP0785,2026-05-12,1,3,39,59,1,No
EMP0786,2026-01-16,3,2,14,90,3,No
EMP0787,2024-05-07,2,4,0,97,1,No
EMP0787,2025-05-07,2,4,10,97,2,No
EMP0787,2026-05-07,3,3,15,80,3,No
EMP0789,2022-02-04,2,2,14,104,2,No
EMP0789,2023-02-04,2,3,12,66,1,No
EMP0789,2024-02-04,3,2,11,84,3,No
EMP0789,2025-02-03,2,4,2,79,1,No
EMP0789,2026-02-03,2,2,12,68,2,No
EMP0790,2020-12-31,1,3,8,83,1,No
EMP0790,2021-12-31,1,2,6,48,1,No
EMP0790,2022-12-31,1,3,14,68,1,No
EMP0790,2023-12-31,1,2,0,67,1,No
EMP0790,2024-12-30,1,1,0,84,1,No
EMP0790,2025-12-30,1,2,0,58,1,No
EMP0791,2025-06-11,4,5,6,88,4,Yes
EMP0791,2026-06-11,5,4,22,76,4,No
EMP0792,2023-07-20,2,4,18,90,1,No
EMP0792,2024-07-19,2,5,10,92,2,No
EMP0792,2025-07-19,2,3,23,86,1,No
EMP0792,2026-07-19,2,2,14,99,1,No
EMP0793,2023-03-03,3,2,0,97,3,No
EMP0793,2024-03-02,2,2,21,76,1,No
EMP0793,2025-03-02,2,2,10,70,1,No
EMP0793,2026-03-02,2,3,6,105,2,No
EMP0795,2023-09-09,2,4,0,69,2,No
EMP0795,2024-09-08,4,3,0,110,4,No
EMP0795,2025-09-08,2,4,2,81,1,No
EMP0796,2026-06-11,4,2,15,104,4,Yes
EMP0797,2022-06-29,4,2,13,100,4,Yes
EMP0797,2023-06-29,4,2,0,110,4,Yes
EMP0797,2024-06-28,2,3,11,82,1,No
EMP0797,2025-06-28,3,2,0,104,2,No
EMP0797,2026-06-28,5,2,1,103,4,No
EMP0798,2026-03-02,1,1,0,76,1,No
EMP0799,2024-06-03,1,3,30,87,1,No
EMP0799,2025-06-03,2,2,17,86,2,No
EMP0799,2026-06-03,2,3,16,90,1,No
EMP0800,2026-08-08,3,3,16,84,3,No
EMP0801,2022-12-11,3,2,7,99,3,No
EMP0801,2023-12-11,4,3,12,93,4,No
EMP0801,2024-12-10,5,3,19,110,5,Yes
EMP0801,2025-12-10,4,3,3,102,3,No
EMP0802,2025-11-22,4,1,0,89,3,No
EMP0803,2025-05-19,3,4,21,101,3,No
EMP0803,2026-05-19,3,4,11,105,2,No
EMP0804,2026-08-08,3,3,34,86,3,No
EMP0805,2025-04-29,2,4,4,79,1,No
EMP0806,2026-08-08,2,4,31,103,2,No
EMP0807,2023-08-05,5,4,22,102,5,No
EMP0807,2024-08-04,5,5,7,72,5,No
EMP0807,2025-08-04,4,5,24,77,3,Yes
EMP0807,2026-08-04,5,5,13,110,4,No
EMP0808,2023-07-15,1,1,40,76,1,No
EMP0809,2024-06-29,3,1,0,96,3,No
EMP0809,2025-06-29,2,1,12,87,1,No
EMP0809,2026-06-29,3,2,30,88,2,No
EMP0810,2023-04-17,2,2,20,85,2,No
EMP0811,2022-08-11,2,2,0,82,2,No
EMP0811,2023-08-11,1,3,19,80,1,No
EMP0811,2024-08-10,2,3,9,72,2,No
EMP0811,2025-08-10,2,2,9,78,2,No
EMP0811,2026-08-10,2,2,2,69,2,No
EMP0812,2025-02-27,4,3,6,105,3,No
EMP0812,2026-02-27,3,2,12,80,2,No
EMP0813,2021-12-01,2,3,42,85,2,No
EMP0813,2022-12-01,2,4,25,92,2,No
EMP0814,2023-06-18,3,3,0,97,2,No
EMP0814,2024-06-17,1,2,10,56,1,No
EMP0814,2025-06-17,2,3,5,91,1,No
EMP0814,2026-06-17,2,3,0,84,2,No
EMP0815,2026-08-08,3,2,26,92,2,No
EMP0816,2025-11-18,3,2,29,109,1,No
EMP0817,2025-06-19,2,2,37,83,2,No
EMP0817,2026-06-19,2,3,15,90,1,No
EMP0818,2024-02-03,3,2,20,100,2,No
EMP0818,2025-02-02,2,1,10,77,2,No
EMP0818,2026-02-02,2,3,12,80,1,No
EMP0819,2025-01-05,2,3,40,74,2,No
EMP0819,2026-01-05,2,3,8,88,2,No
EMP0820,2022-02-08,5,3,4,110,4,No
EMP0820,2023-02-08,4,2,0,100,3,No
EMP0820,2024-02-08,4,2,5,105,3,No
EMP0820,2025-02-07,5,3,6,110,4,No
EMP0820,2026-02-07,4,2,22,92,4,No
EMP0821,2021-09-28,1,3,27,75,1,No
EMP0821,2022-09-28,2,3,9,85,1,No
EMP0821,2023-09-28,1,4,26,69,1,No
EMP0821,2024-09-27,1,3,12,80,1,No
EMP0821,2025-09-27,2,4,2,91,1,No
EMP0823,2023-12-15,2,4,8,91,1,No
EMP0823,2024-12-14,3,4,2,73,1,No
EMP0823,2025-12-14,2,4,13,74,2,No
EMP0824,2023-05-01,3,4,6,107,3,No
EMP0824,2024-04-30,2,4,18,83,1,No
EMP0824,2025-04-30,3,4,0,97,3,No
EMP0824,2026-04-30,1,3,0,85,1,No
EMP0826,2024-11-15,3,3,13,82,2,No
EMP0826,2025-11-15,3,1,32,72,2,No
EMP0827,2023-01-10,2,3,18,64,1,No
EMP0827,2024-01-10,3,3,36,83,2,No
EMP0827,2025-01-09,3,3,13,97,2,No
EMP0827,2026-01-09,3,3,21,82,2,No
EMP0828,2021-01-04,2,3,0,55,1,No
EMP0828,2022-01-04,3,3,0,85,3,No
EMP0828,2023-01-04,2,3,10,75,2,No
EMP0828,2024-01-04,2,2,2,70,2,No
EMP0828,2025-01-03,3,2,0,101,3,No
EMP0828,2026-01-03,2,3,7,85,1,No
EMP0829,2021-06-26,1,2,0,92,1,No
EMP0829,2022-06-26,1,2,0,73,1,No
EMP0829,2023-06-26,1,3,0,75,1,No
EMP0829,2024-06-25,1,3,6,82,1,No
EMP0829,2025-06-25,1,3,5,86,1,No
EMP0829,2026-06-25,1,3,5,85,1,No
EMP0830,2024-03-31,2,5,25,101,1,No
EMP0830,2025-03-31,2,5,8,55,2,No
EMP0830,2026-03-31,3,4,9,96,1,No
EMP0831,2022-12-20,3,3,2,71,3,No
EMP0831,2023-12-20,2,2,0,91,2,No
EMP0831,2024-12-19,2,3,27,93,1,No
EMP0831,2025-12-19,2,2,0,86,2,No
EMP0832,2025-01-19,1,3,20,92,1,No
EMP0833,2024-11-13,3,5,0,68,2,No
EMP0833,2025-11-13,5,4,10,104,5,No
EMP0834,2021-02-11,3,3,13,72,3,No
EMP0834,2022-02-11,3,3,9,80,3,No
EMP0834,2023-02-11,3,3,19,80,3,No
EMP0834,2024-02-11,4,4,11,94,3,No
EMP0834,2025-02-10,4,3,0,93,3,No
EMP0834,2026-02-10,3,5,0,98,2,No
EMP0835,2021-11-26,3,4,21,110,3,No
EMP0835,2022-11-26,4,4,11,75,3,Yes
EMP0835,2023-11-26,3,5,1,104,3,No
EMP0835,2024-11-25,2,4,19,95,1,No
EMP0835,2025-11-25,3,2,18,106,2,No
EMP0836,2025-01-26,2,1,0,81,1,No
EMP0836,2026-01-26,1,2,3,70,1,No
EMP0837,2024-07-13,5,1,18,102,5,Yes
EMP0837,2025-07-13,4,2,24,67,3,No
EMP0837,2026-07-13,4,2,25,91,3,No
EMP0838,2021-12-15,4,2,18,101,3,No
EMP0838,2022-12-15,4,2,10,82,3,No
EMP0838,2023-12-15,5,2,6,110,5,No
EMP0838,2024-12-14,4,2,14,93,3,No
EMP0838,2025-12-14,5,1,7,94,4,Yes
EMP0839,2026-02-21,4,1,47,104,4,No
EMP0840,2023-04-22,2,4,22,79,2,No
EMP0840,2024-04-21,3,4,32,77,3,No
EMP0840,2025-04-21,3,4,0,75,3,No
EMP0840,2026-04-21,3,5,0,97,2,No
EMP0841,2024-04-27,3,1,15,99,3,No
EMP0841,2025-04-27,3,1,2,91,3,No
EMP0841,2026-04-27,3,2,6,110,3,No
EMP0842,2022-01-31,3,2,0,78,3,No
EMP0842,2023-01-31,2,2,0,83,1,No
EMP0842,2024-01-31,2,2,0,89,1,No
EMP0842,2025-01-30,2,2,0,76,1,No
EMP0842,2026-01-30,2,2,0,83,2,No
EMP0843,2023-02-03,2,3,3,92,3,No
EMP0843,2024-02-03,2,2,12,95,1,No
EMP0843,2025-02-02,2,3,14,71,2,No
EMP0843,2026-02-02,3,2,0,92,2,No
EMP0844,2026-08-08,3,3,7,78,2,No
EMP0845,2024-01-26,3,5,12,86,2,No
EMP0845,2025-01-25,5,5,3,95,5,No
EMP0845,2026-01-25,4,5,15,99,2,No
EMP0846,2022-03-04,4,2,0,83,3,No
EMP0846,2023-03-04,3,2,11,105,3,No
EMP0846,2024-03-03,2,1,9,108,1,No
EMP0846,2025-03-03,3,1,19,97,3,No
EMP0846,2026-03-03,3,1,10,80,2,No
EMP0849,2021-04-09,3,3,1,96,3,No
EMP0849,2022-04-09,3,3,0,100,2,No
EMP0849,2023-04-09,3,3,0,88,3,No
EMP0849,2024-04-08,2,2,12,84,1,No
EMP0849,2025-04-08,2,3,2,80,2,No
EMP0849,2026-04-08,2,3,13,105,1,No
EMP0850,2023-08-08,3,4,0,91,3,No
EMP0850,2024-08-07,2,4,15,90,2,No
EMP0850,2025-08-07,2,3,0,89,1,No
EMP0850,2026-08-07,4,4,4,75,3,No
EMP0851,2022-07-24,4,3,0,97,4,No
EMP0851,2023-07-24,4,3,15,102,3,No
EMP0851,2024-07-23,5,3,13,82,5,No
EMP0851,2025-07-23,5,2,0,104,5,No
EMP0852,2024-02-28,4,2,13,107,4,No
EMP0852,2025-02-27,3,2,5,101,3,No
EMP0854,2021-05-21,1,1,7,93,1,No
EMP0854,2022-05-21,2,1,1,72,2,No
EMP0854,2023-05-21,1,1,12,70,1,No
EMP0854,2024-05-20,2,1,1,78,2,No
EMP0854,2025-05-20,1,1,17,74,1,No
EMP0854,2026-05-20,1,1,11,110,1,No
EMP0855,2022-02-06,1,3,6,75,1,No
EMP0855,2023-02-06,2,3,12,53,1,No
EMP0855,2024-02-06,1,4,0,58,1,No
EMP0855,2025-02-05,2,4,0,79,2,No
EMP0855,2026-02-05,2,4,24,96,2,No
EMP0856,2021-04-26,1,1,10,60,2,No
EMP0856,2022-04-26,1,3,9,68,1,No
EMP0856,2023-04-26,2,2,7,72,1,No
EMP0856,2024-04-25,1,2,0,62,1,No
EMP0856,2025-04-25,2,2,5,110,2,No
EMP0856,2026-04-25,2,3,2,83,2,No
EMP0857,2026-08-08,4,2,46,110,4,No
EMP0858,2024-01-24,4,1,0,99,4,No
EMP0858,2025-01-23,5,3,0,110,5,No
EMP0858,2026-01-23,5,2,0,93,5,No
EMP0859,2026-05-04,2,4,16,101,2,No
EMP0860,2023-05-26,2,2,60,80,1,No
EMP0861,2024-10-04,2,2,28,108,2,No
EMP0861,2025-10-04,2,3,28,65,2,No
EMP0862,2024-09-30,3,2,10,62,2,No
EMP0862,2025-09-30,5,2,19,107,5,No
EMP0863,2021-06-26,3,4,28,105,2,No
EMP0864,2024-12-06,3,3,6,90,3,No
EMP0864,2025-12-06,2,2,8,79,1,No
EMP0865,2022-09-11,2,3,16,86,1,No
EMP0865,2023-09-11,1,2,0,76,1,No
EMP0865,2024-09-10,1,2,5,90,1,No
EMP0865,2025-09-10,1,3,0,86,1,No
EMP0866,2022-04-28,1,5,0,72,1,No
EMP0866,2023-04-28,1,5,0,80,1,No
EMP0866,2024-04-27,1,5,0,85,1,No
EMP0866,2025-04-27,2,4,17,79,1,No
EMP0866,2026-04-27,3,4,0,101,3,No
EMP0867,2025-01-09,5,1,33,104,4,No
EMP0867,2026-01-09,4,1,46,110,4,No
EMP0868,2024-06-11,3,1,22,88,3,No
EMP0869,2023-07-11,2,1,11,88,1,No
EMP0869,2024-07-10,1,2,15,76,1,No
EMP0869,2025-07-10,3,1,23,90,4,No
EMP0869,2026-07-10,2,1,15,79,1,No
EMP0870,2025-10-08,3,3,22,89,2,No
EMP0873,2022-05-31,3,2,0,90,2,No
EMP0873,2023-05-31,3,3,3,95,3,No
EMP0873,2024-05-30,4,3,10,92,4,No
EMP0873,2025-05-30,3,3,0,98,2,No
EMP0873,2026-05-30,3,1,40,105,3,No
EMP0874,2023-08-11,3,3,6,110,3,No
EMP0874,2024-08-10,1,3,0,65,1,No
EMP0874,2025-08-10,3,2,0,82,3,No
EMP0874,2026-08-10,3,2,9,95,3,No
EMP0875,2023-11-09,2,2,32,62,1,No
EMP0875,2024-11-08,1,3,26,92,1,No
EMP0876,2024-09-20,3,3,12,77,2,No
EMP0876,2025-09-20,3,3,31,69,2,No
EMP0877,2025-03-22,3,3,8,92,2,No
EMP0877,2026-03-22,3,3,8,100,2,No
EMP0878,2024-11-12,1,3,1,68,1,No
EMP0878,2025-11-12,1,3,13,75,1,No
EMP0879,2022-11-26,2,2,9,98,1,No
EMP0879,2023-11-26,2,2,3,103,2,No
EMP0879,2024-11-25,3,3,18,84,2,No
EMP0879,2025-11-25,3,3,7,95,2,No
EMP0880,2022-04-21,4,2,0,101,3,No
EMP0880,2023-04-21,4,3,14,89,3,Yes
EMP0880,2024-04-20,2,4,11,73,2,No
EMP0880,2025-04-20,3,3,9,92,3,No
EMP0880,2026-04-20,3,3,4,74,3,No
EMP0881,2022-08-21,2,1,5,83,2,No
EMP0881,2023-08-21,2,2,0,78,1,No
EMP0881,2024-08-20,3,3,10,90,3,No
EMP0881,2025-08-20,2,3,1,98,2,No
EMP0881,2026-08-20,2,3,8,90,3,No
EMP0883,2022-05-09,3,5,0,86,3,No
EMP0883,2023-05-09,2,4,9,72,1,No
EMP0883,2024-05-08,3,5,12,81,3,No
EMP0883,2025-05-08,1,5,12,74,1,No
EMP0883,2026-05-08,3,4,8,91,3,No
EMP0884,2021-03-19,2,3,6,83,1,No
EMP0884,2022-03-19,2,4,1,72,2,No
EMP0884,2023-03-19,1,3,21,80,1,No
EMP0884,2024-03-18,2,5,0,71,1,No
EMP0884,2025-03-18,1,5,2,70,1,No
EMP0884,2026-03-18,2,4,22,73,1,No
EMP0887,2025-02-19,2,5,0,76,1,No
EMP0887,2026-02-19,1,4,0,86,1,No
EMP0888,2026-08-11,2,2,26,77,1,No
EMP0889,2022-01-12,1,1,24,74,1,No
EMP0890,2021-09-16,4,4,0,85,4,No
EMP0890,2022-09-16,5,3,0,102,5,No
EMP0890,2023-09-16,5,4,0,110,4,No
EMP0890,2024-09-15,5,3,0,99,5,No
EMP0890,2025-09-15,4,4,4,102,3,No
EMP0891,2024-09-15,2,3,11,79,1,No
EMP0891,2025-09-15,3,2,2,66,2,No
EMP0892,2023-08-26,2,1,11,79,1,No
EMP0892,2024-08-25,3,2,5,97,3,No
EMP0892,2025-08-25,2,2,23,70,1,No
EMP0893,2026-03-01,4,2,64,110,4,No
EMP0894,2023-06-30,3,3,0,92,3,No
EMP0894,2024-06-29,4,2,0,81,3,No
EMP0894,2025-06-29,5,3,17,96,4,No
EMP0894,2026-06-29,3,3,16,94,3,No
EMP0895,2024-01-16,2,2,0,76,2,No
EMP0895,2025-01-15,3,2,12,110,2,No
EMP0895,2026-01-15,3,3,0,84,3,No
EMP0896,2025-10-29,4,4,23,91,4,Yes
EMP0897,2026-08-08,3,1,29,89,2,No
EMP0898,2023-05-02,2,1,0,76,3,No
EMP0899,2022-02-11,2,3,0,82,1,No
EMP0899,2023-02-11,2,4,0,84,1,No
EMP0899,2024-02-11,2,3,10,83,2,No
EMP0899,2025-02-10,2,4,0,76,2,No
EMP0899,2026-02-10,3,5,0,76,3,No
EMP0901,2022-01-12,4,4,16,98,4,Yes
EMP0901,2023-01-12,4,4,12,100,4,Yes
EMP0901,2024-01-12,5,3,0,110,5,No
EMP0901,2025-01-11,5,3,0,110,4,No
EMP0901,2026-01-11,5,4,0,110,4,No
EMP0903,2021-08-21,5,3,0,110,5,No
EMP0903,2022-08-21,4,4,0,97,4,No
EMP0903,2023-08-21,4,3,0,110,4,No
EMP0903,2024-08-20,3,3,2,81,2,No
EMP0903,2025-08-20,4,3,25,101,4,No
EMP0903,2026-08-20,3,4,1,101,2,No
EMP0905,2023-05-21,4,3,26,83,4,No
EMP0905,2024-05-20,4,3,9,95,5,No
EMP0905,2025-05-20,3,4,11,100,2,No
EMP0905,2026-05-20,4,2,7,99,3,No
EMP0907,2021-11-20,4,4,0,104,3,No
EMP0907,2022-11-20,3,4,0,83,2,No
EMP0907,2023-11-20,3,3,3,80,3,No
EMP0907,2024-11-19,4,4,13,69,4,No
EMP0907,2025-11-19,4,3,0,85,3,No
EMP0908,2021-11-24,3,5,0,76,4,No
EMP0908,2022-11-24,3,5,8,71,2,No
EMP0908,2023-11-24,2,4,10,83,1,No
EMP0908,2024-11-23,3,5,0,104,3,No
EMP0908,2025-11-23,3,5,6,83,2,No
EMP0909,2022-05-25,4,3,0,102,4,No
EMP0909,2023-05-25,5,4,3,104,5,No
EMP0909,2024-05-24,5,4,5,110,5,Yes
EMP0909,2025-05-24,4,3,1,108,3,No
EMP0909,2026-05-24,4,5,16,89,4,No
EMP0910,2021-03-29,2,3,0,70,1,No
EMP0910,2022-03-29,3,2,9,97,3,No
EMP0910,2023-03-29,2,1,0,104,2,No
EMP0910,2024-03-28,3,2,0,101,2,No
EMP0911,2021-06-14,2,2,4,100,2,No
EMP0911,2022-06-14,3,2,8,76,3,No
EMP0911,2023-06-14,3,1,15,78,3,No
EMP0911,2024-06-13,3,3,32,95,3,No
EMP0911,2025-06-13,3,2,0,99,3,No
EMP0911,2026-06-13,2,3,10,96,1,No
EMP0912,2025-05-30,4,3,0,110,3,No
EMP0912,2026-05-30,3,2,0,104,2,No
EMP0913,2025-07-11,3,1,19,110,3,No
EMP0913,2026-07-11,3,1,19,110,2,No
EMP0914,2022-10-01,3,1,10,81,2,No
EMP0914,2023-10-01,3,2,0,76,2,No
EMP0914,2024-09-30,2,1,0,98,1,No
EMP0914,2025-09-30,1,1,16,86,1,No
EMP0915,2026-08-08,3,3,30,82,3,No
EMP0916,2023-03-30,2,5,35,73,2,No
EMP0917,2021-02-23,5,2,0,101,4,No
EMP0917,2022-02-23,5,3,16,100,5,No
EMP0917,2023-02-23,5,4,9,99,5,No
EMP0917,2024-02-23,4,2,13,85,4,No
EMP0917,2025-02-22,5,3,26,110,5,Yes
EMP0917,2026-02-22,5,3,19,96,4,No
EMP0918,2023-11-08,4,1,0,93,3,Yes
EMP0918,2024-11-07,3,1,12,94,3,No
EMP0918,2025-11-07,3,1,5,110,3,No
EMP0919,2025-05-27,2,4,5,84,2,No
EMP0919,2026-05-27,4,3,21,101,4,No
EMP0920,2022-11-15,2,2,0,107,1,No
EMP0920,2023-11-15,1,4,16,63,1,No
EMP0920,2024-11-14,1,3,0,89,1,No
EMP0920,2025-11-14,2,2,12,67,1,No
EMP0921,2026-06-07,3,2,19,82,3,No
EMP0922,2026-01-04,5,2,36,110,5,No
EMP0923,2023-06-15,2,2,6,76,1,No
EMP0923,2024-06-14,1,3,11,52,1,No
EMP0923,2025-06-14,1,1,0,87,1,No
EMP0924,2023-06-14,3,1,0,93,3,No
EMP0924,2024-06-13,1,1,9,79,1,No
EMP0924,2025-06-13,1,1,23,65,1,No
EMP0925,2021-01-01,2,1,1,75,1,No
EMP0925,2022-01-01,2,1,11,76,1,No
EMP0925,2023-01-01,1,2,0,66,1,No
EMP0925,2024-01-01,2,1,20,68,1,No
EMP0925,2024-12-31,2,1,17,99,2,No
EMP0925,2025-12-31,2,1,0,77,1,No
EMP0926,2022-09-03,4,3,5,93,3,No
EMP0926,2023-09-03,3,2,0,77,2,No
EMP0926,2024-09-02,5,3,0,103,5,Yes
EMP0927,2026-01-28,2,3,31,92,1,No
EMP0928,2022-09-11,1,4,6,79,1,No
EMP0928,2023-09-11,2,4,0,80,1,No
EMP0928,2024-09-10,1,1,15,89,1,No
EMP0928,2025-09-10,1,3,21,87,1,No
EMP0929,2025-06-24,3,3,2,96,2,No
EMP0929,2026-06-24,1,3,0,72,1,No
EMP0930,2021-03-23,3,4,15,85,2,No
EMP0930,2022-03-23,5,5,20,104,5,No
EMP0930,2023-03-23,3,5,28,100,3,No
EMP0930,2024-03-22,3,5,19,95,2,No
EMP0930,2025-03-22,4,5,16,102,4,No
EMP0930,2026-03-22,3,4,5,109,2,No
EMP0931,2022-01-26,1,4,0,54,1,No
EMP0931,2023-01-26,1,4,0,75,1,No
EMP0931,2024-01-26,1,2,11,69,1,No
EMP0931,2025-01-25,2,4,0,74,1,No
EMP0931,2026-01-25,1,4,9,63,1,No
EMP0933,2025-05-22,3,1,20,103,2,No
EMP0934,2026-04-21,1,4,35,87,1,No
EMP0935,2024-10-09,4,3,0,83,4,No
EMP0935,2025-10-09,4,4,0,106,4,No
EMP0936,2024-09-04,1,1,14,72,1,No
EMP0936,2025-09-04,1,1,24,66,1,No
EMP0937,2023-06-20,2,3,32,85,2,No
EMP0937,2024-06-19,2,3,21,93,1,No
EMP0937,2025-06-19,2,3,14,81,2,No
EMP0937,2026-06-19,1,3,6,63,1,No
EMP0938,2022-04-05,3,1,21,87,3,No
EMP0938,2023-04-05,3,1,50,99,2,No
EMP0939,2022-03-08,5,3,8,106,5,No
EMP0939,2023-03-08,4,3,3,94,2,No
EMP0939,2024-03-07,5,2,12,87,5,No
EMP0939,2025-03-07,4,4,25,107,4,No
EMP0939,2026-03-07,4,2,2,97,3,No
EMP0940,2022-06-26,2,3,10,73,1,No
EMP0940,2023-06-26,2,1,11,79,1,No
EMP0940,2024-06-25,2,3,15,83,2,No
EMP0940,2025-06-25,3,2,0,75,3,No
EMP0940,2026-06-25,2,3,4,78,2,No
EMP0941,2026-06-27,5,2,27,92,4,Yes
EMP0942,2026-01-03,3,5,44,106,2,No
EMP0943,2025-01-19,3,4,7,87,3,No
EMP0943,2026-01-19,3,4,5,92,3,No
EMP0944,2026-03-16,1,1,45,65,1,No
EMP0945,2024-03-18,3,1,15,93,2,No
EMP0945,2025-03-18,3,1,18,99,3,No
EMP0947,2026-08-08,5,4,66,110,5,No
EMP0948,2024-09-24,2,2,2,80,2,No
EMP0948,2025-09-24,3,1,0,89,2,No
EMP0949,2021-03-11,3,1,3,82,3,No
EMP0949,2022-03-11,4,1,10,102,3,No
EMP0949,2023-03-11,4,1,0,110,4,No
EMP0949,2024-03-10,4,1,24,94,4,No
EMP0949,2025-03-10,5,1,5,100,4,No
EMP0949,2026-03-10,3,1,20,86,1,No
EMP0950,2025-05-27,2,3,14,80,1,No
EMP0951,2024-08-01,3,3,3,110,2,No
EMP0951,2025-08-01,1,3,18,85,1,No
EMP0951,2026-08-01,1,4,0,84,1,No
EMP0952,2021-08-14,2,3,3,68,1,No
EMP0952,2022-08-14,1,4,21,94,1,No
EMP0952,2023-08-14,2,3,12,57,2,No
EMP0952,2024-08-13,2,3,4,84,1,No
EMP0952,2025-08-13,3,4,24,89,3,No
EMP0952,2026-08-13,3,3,0,78,2,No
EMP0953,2022-02-06,2,3,3,102,2,No
EMP0953,2023-02-06,1,1,7,66,1,No
EMP0953,2024-02-06,1,1,3,82,1,No
EMP0953,2025-02-05,1,3,0,97,1,No
EMP0953,2026-02-05,1,3,14,92,1,No
EMP0954,2021-03-22,3,2,11,96,2,No
EMP0954,2022-03-22,4,4,5,73,4,No
EMP0954,2023-03-22,4,3,4,110,3,No
EMP0954,2024-03-21,3,2,5,106,2,No
EMP0954,2025-03-21,3,2,0,88,3,No
EMP0954,2026-03-21,3,2,0,92,3,No
EMP0956,2021-10-12,4,3,15,106,3,Yes
EMP0956,2022-10-12,2,2,4,77,1,No
EMP0956,2023-10-12,4,3,2,110,4,No
EMP0956,2024-10-11,3,2,1,89,2,No
EMP0956,2025-10-11,3,3,3,94,2,No
EMP0957,2021-08-26,3,1,21,68,3,No
EMP0957,2022-08-26,3,1,17,96,3,No
EMP0957,2023-08-26,4,1,0,110,3,No
EMP0957,2024-08-25,3,1,37,90,2,No
EMP0957,2025-08-25,4,1,15,106,3,No
EMP0958,2026-08-01,3,1,56,77,3,No
EMP0959,2023-06-28,3,4,13,102,3,No
EMP0959,2024-06-27,1,5,0,60,1,No
EMP0959,2025-06-27,2,3,3,72,1,No
EMP0959,2026-06-27,2,3,9,87,2,No
EMP0960,2022-09-24,3,5,25,101,2,No
EMP0960,2023-09-24,3,5,0,84,2,No
EMP0960,2024-09-23,2,4,7,76,2,No
EMP0960,2025-09-23,4,4,19,93,4,No
EMP0962,2025-10-14,1,1,56,63,1,No
EMP0963,2021-04-07,3,2,0,99,3,No
EMP0963,2022-04-07,3,3,0,87,2,No
EMP0963,2023-04-07,3,3,16,62,3,No
EMP0963,2024-04-06,2,3,0,104,1,No
EMP0963,2025-04-06,2,2,0,95,1,No
EMP0963,2026-04-06,3,2,6,81,2,No
EMP0964,2026-04-15,4,3,56,83,3,Yes
EMP0965,2024-12-10,3,4,27,94,1,No
EMP0965,2025-12-10,3,3,33,83,2,No
EMP0966,2026-08-08,2,5,20,85,2,No
EMP0967,2023-02-17,4,4,7,99,5,No
EMP0967,2024-02-17,3,3,12,95,3,No
EMP0967,2025-02-16,4,3,9,110,3,No
EMP0967,2026-02-16,3,4,0,87,2,No
EMP0968,2021-02-22,1,2,2,62,1,No
EMP0968,2022-02-22,3,3,13,103,2,No
EMP0968,2023-02-22,2,1,7,69,1,No
EMP0968,2024-02-22,3,3,5,69,3,No
EMP0968,2025-02-21,3,3,8,89,3,No
EMP0968,2026-02-21,2,3,0,79,2,No
EMP0969,2023-09-02,4,5,42,87,3,No
EMP0969,2024-09-01,4,4,22,102,4,Yes
EMP0969,2025-09-01,4,5,37,79,3,No
EMP0970,2026-07-31,1,1,43,99,1,No
EMP0971,2023-03-10,4,1,8,110,3,No
EMP0971,2024-03-09,4,1,15,95,3,No
EMP0971,2025-03-09,3,2,0,105,1,No
EMP0971,2026-03-09,3,2,24,73,3,No
EMP0972,2025-05-06,3,1,31,107,2,No
EMP0972,2026-05-06,2,1,26,87,2,No
EMP0973,2026-02-28,1,4,53,88,1,No
EMP0974,2026-01-10,2,2,15,79,2,No
EMP0975,2021-04-11,1,4,0,109,1,No
EMP0975,2022-04-11,1,3,0,86,1,No
EMP0975,2023-04-11,2,4,0,82,1,No
EMP0975,2024-04-10,2,4,8,78,2,No
EMP0975,2025-04-10,1,3,3,89,1,No
EMP0975,2026-04-10,1,3,2,74,1,No
EMP0976,2025-06-27,3,4,24,103,2,No
EMP0976,2026-06-27,3,3,11,99,2,No
EMP0977,2024-01-29,2,3,26,108,1,No
EMP0977,2025-01-28,2,2,25,81,1,No
EMP0977,2026-01-28,2,2,0,99,2,No
EMP0978,2025-02-12,2,2,30,96,1,No
EMP0978,2026-02-12,2,3,20,77,2,No
EMP0979,2023-06-10,1,2,15,71,1,No
EMP0979,2024-06-09,1,2,12,89,1,No
EMP0979,2025-06-09,1,3,0,61,1,No
EMP0979,2026-06-09,1,3,0,68,1,No
EMP0980,2024-11-10,1,1,7,75,1,No
EMP0980,2025-11-10,1,1,21,57,1,No
EMP0981,2022-06-02,1,5,15,74,1,No
EMP0981,2023-06-02,1,5,14,70,1,No
EMP0981,2024-06-01,1,5,12,86,1,No
EMP0981,2025-06-01,1,4,9,69,1,No
EMP0981,2026-06-01,2,5,10,97,1,No
EMP0982,2022-01-04,4,3,6,110,4,Yes
EMP0982,2023-01-04,3,2,0,110,2,No
EMP0982,2024-01-04,4,3,0,97,3,No
EMP0982,2025-01-03,3,2,13,84,3,No
EMP0982,2026-01-03,3,2,7,110,3,No
EMP0983,2024-10-28,3,5,16,77,3,No
EMP0983,2025-10-28,2,5,4,82,1,No
EMP0984,2021-01-24,1,3,0,64,1,No
EMP0984,2022-01-24,3,1,0,99,3,No
EMP0984,2023-01-24,2,2,16,90,2,No
EMP0984,2024-01-24,2,3,6,110,2,No
EMP0984,2025-01-23,3,3,7,100,2,No
EMP0984,2026-01-23,2,4,0,91,1,No
EMP0985,2025-03-12,3,3,9,100,2,No
EMP0985,2026-03-12,3,2,19,79,3,No
EMP0987,2025-02-19,4,3,14,110,3,Yes
EMP0987,2026-02-19,4,2,18,99,3,No
EMP0988,2022-10-04,3,3,24,87,2,No
EMP0988,2023-10-04,3,3,0,87,2,No
EMP0988,2024-10-03,2,2,5,68,2,No
EMP0988,2025-10-03,3,2,5,86,2,No
EMP0989,2024-02-22,5,2,18,89,4,No
EMP0989,2025-02-21,5,2,1,87,5,No
EMP0989,2026-02-21,4,2,0,107,4,No
EMP0990,2024-09-04,2,2,14,80,1,No
EMP0990,2025-09-04,1,2,14,94,1,No
EMP0991,2023-10-13,3,3,9,96,2,No
EMP0991,2024-10-12,4,1,23,91,3,No
EMP0991,2025-10-12,3,2,15,79,4,No
EMP0992,2026-08-08,2,3,32,75,2,No
EMP0993,2022-11-15,2,2,6,73,1,No
EMP0993,2023-11-15,2,3,0,74,2,No
EMP0993,2024-11-14,2,2,8,96,1,No
EMP0993,2025-11-14,4,3,0,99,4,No
EMP0995,2022-12-30,3,1,10,89,1,No
EMP0995,2023-12-30,2,3,12,92,1,No
EMP0995,2024-12-29,3,2,6,90,3,No
EMP0995,2025-12-29,2,2,2,110,2,No
EMP0996,2025-08-15,2,3,27,89,2,No
EMP0996,2026-08-15,2,2,1,90,1,No
EMP0997,2024-12-13,3,3,11,85,2,No
EMP0997,2025-12-13,2,5,6,86,1,No
EMP0998,2026-08-08,2,2,24,88,2,No
EMP0999,2024-10-04,3,4,8,82,2,No
EMP0999,2025-10-04,3,2,1,110,2,No
EMP1000,2025-11-13,3,4,35,83,3,No
EMP1001,2024-03-23,2,2,27,82,2,No
EMP1001,2025-03-23,3,2,9,104,2,No
EMP1001,2026-03-23,3,1,8,95,3,No
EMP1002,2022-05-02,2,4,5,73,1,No
EMP1002,2023-05-02,3,4,2,88,2,No
EMP1002,2024-05-01,4,3,4,108,4,No
EMP1002,2025-05-01,2,4,0,88,2,No
EMP1002,2026-05-01,3,3,24,91,3,No
EMP1003,2021-03-03,2,3,17,67,2,No
EMP1003,2022-03-03,2,4,38,77,1,No
EMP1003,2023-03-03,3,2,9,110,3,No
EMP1003,2024-03-02,2,4,5,89,2,No
EMP1003,2025-03-02,3,5,15,80,2,No
EMP1003,2026-03-02,2,3,8,89,2,No
EMP1007,2025-02-09,3,3,24,93,3,No
EMP1007,2026-02-09,3,3,3,81,2,No
EMP1008,2024-11-05,5,1,12,101,5,Yes
EMP1009,2021-09-16,1,2,0,64,1,No
EMP1009,2022-09-16,1,2,0,103,1,No
EMP1009,2023-09-16,2,2,18,87,2,No
EMP1009,2024-09-15,2,3,16,110,2,No
EMP1009,2025-09-15,1,2,4,105,1,No
EMP1011,2023-04-13,5,5,13,99,5,No
EMP1011,2024-04-12,4,4,16,88,4,No
EMP1011,2025-04-12,4,5,29,104,4,No
EMP1011,2026-04-12,3,3,3,87,1,No
EMP1013,2024-09-20,2,2,13,81,2,No
EMP1013,2025-09-20,1,2,1,55,1,No
EMP1014,2021-01-28,2,2,1,82,1,No
EMP1014,2022-01-28,2,2,8,96,2,No
EMP1014,2023-01-28,4,2,12,98,3,Yes
EMP1014,2024-01-28,2,3,1,88,2,No
EMP1014,2025-01-27,3,3,6,86,2,No
EMP1014,2026-01-27,3,2,0,79,2,No
EMP1015,2025-06-13,4,3,0,110,4,No
EMP1015,2026-06-13,4,4,20,110,4,No
EMP1017,2023-10-25,4,1,24,86,3,No
EMP1017,2024-10-24,3,1,35,62,2,No
EMP1018,2025-12-20,2,3,0,64,2,No
EMP1020,2022-10-12,4,1,2,84,4,No
EMP1021,2025-05-08,2,4,11,74,1,No
EMP1021,2026-05-08,3,3,14,92,3,No
EMP1022,2024-01-07,3,3,5,82,2,No
EMP1022,2025-01-06,3,3,0,100,2,No
EMP1022,2026-01-06,3,3,17,50,2,No
EMP1023,2025-10-07,4,3,7,85,4,Yes
EMP1024,2026-08-08,2,2,3,90,2,No
EMP1025,2024-01-26,1,3,16,79,1,No
EMP1026,2024-05-21,4,1,13,87,3,No
EMP1026,2025-05-21,4,1,32,110,3,No
EMP1026,2026-05-21,4,1,15,69,3,No
EMP1027,2025-01-09,2,3,15,91,2,No
EMP1028,2021-09-14,4,3,13,93,4,No
EMP1028,2022-09-14,3,3,0,89,2,No
EMP1028,2023-09-14,3,1,10,74,2,No
EMP1028,2024-09-13,4,3,6,105,3,Yes
EMP1028,2025-09-13,4,3,22,104,3,No
EMP1030,2024-07-16,1,3,7,98,1,No
EMP1030,2025-07-16,3,4,8,81,3,No
EMP1030,2026-07-16,3,3,0,102,2,No
EMP1031,2026-03-05,2,2,3,69,1,No
EMP1032,2026-08-08,5,1,10,110,4,No
EMP1033,2021-02-01,1,1,0,84,1,No
EMP1033,2022-02-01,2,1,18,82,2,No
EMP1033,2023-02-01,1,1,15,84,1,No
EMP1033,2024-02-01,1,1,0,94,1,No
EMP1033,2025-01-31,2,1,0,82,2,No
EMP1033,2026-01-31,1,1,10,54,1,No
EMP1035,2023-07-05,2,2,2,89,1,No
EMP1035,2024-07-04,2,2,0,88,1,No
EMP1035,2025-07-04,3,3,21,83,4,No
EMP1035,2026-07-04,2,3,1,86,1,No
EMP1036,2025-12-23,3,3,48,110,3,No
EMP1037,2025-09-09,5,4,27,110,4,No
EMP1038,2022-08-02,2,3,8,64,2,No
EMP1038,2023-08-02,2,2,0,77,2,No
EMP1038,2024-08-01,2,3,7,75,1,No
EMP1038,2025-08-01,2,3,0,84,2,No
EMP1038,2026-08-01,2,2,34,97,2,No
EMP1039,2022-05-08,3,2,24,88,3,No
EMP1039,2023-05-08,3,2,10,105,2,No
EMP1039,2024-05-07,2,2,14,59,1,No
EMP1040,2026-03-30,2,2,42,100,1,No
EMP1041,2023-07-21,4,1,20,90,4,No
EMP1041,2024-07-20,5,1,0,95,5,No
EMP1041,2025-07-20,4,1,35,94,3,Yes
EMP1041,2026-07-20,4,1,24,103,4,No
EMP1042,2022-05-24,4,2,12,109,4,No
EMP1042,2023-05-24,4,3,7,97,3,No
EMP1042,2024-05-23,4,4,0,110,3,Yes
EMP1042,2025-05-23,5,3,22,96,4,Yes
EMP1042,2026-05-23,3,2,4,91,3,No
EMP1043,2021-10-07,4,2,0,110,3,No
EMP1043,2022-10-07,4,4,3,96,3,No
EMP1043,2023-10-07,4,3,0,96,3,No
EMP1043,2024-10-06,3,4,10,78,3,No
EMP1043,2025-10-06,3,4,2,90,2,No
EMP1044,2021-09-06,3,1,9,104,2,No
EMP1044,2022-09-06,4,1,9,105,3,No
EMP1044,2023-09-06,3,1,0,95,2,No
EMP1044,2024-09-05,3,1,0,72,4,No
EMP1044,2025-09-05,5,2,0,101,5,No
EMP1045,2023-12-06,5,2,32,95,5,No
EMP1045,2024-12-05,3,2,39,107,2,No
EMP1046,2023-09-16,2,4,10,72,2,No
EMP1046,2024-09-15,2,5,23,98,1,No
EMP1046,2025-09-15,2,3,37,71,1,No
EMP1047,2026-08-08,2,3,40,97,1,No
EMP1049,2024-08-14,3,1,10,92,1,No
EMP1049,2025-08-14,3,1,1,110,2,No
EMP1049,2026-08-14,2,2,0,77,2,No
EMP1050,2023-12-11,1,5,5,86,1,No
EMP1050,2024-12-10,3,5,1,72,2,No
EMP1050,2025-12-10,2,4,13,92,2,No
EMP1051,2021-02-05,5,3,21,102,4,No
EMP1051,2022-02-05,4,2,6,110,3,No
EMP1051,2023-02-05,5,2,0,81,4,No
EMP1051,2024-02-05,4,3,4,82,4,No
EMP1051,2025-02-04,5,1,4,98,5,No
EMP1051,2026-02-04,5,3,12,110,5,No
EMP1052,2025-04-08,3,3,10,85,3,No
EMP1052,2026-04-08,4,3,18,91,3,No
EMP1053,2022-04-12,4,1,8,97,3,No
EMP1053,2023-04-12,5,1,14,108,4,No
EMP1053,2024-04-11,5,1,18,89,5,No
EMP1053,2025-04-11,4,1,0,102,4,No
EMP1054,2025-03-01,2,3,11,80,2,No
EMP1054,2026-03-01,2,2,29,64,2,No
EMP1055,2022-07-09,2,3,18,83,2,No
EMP1055,2023-07-09,3,2,30,104,3,No
EMP1055,2024-07-08,4,2,11,105,4,No
EMP1055,2025-07-08,3,3,9,93,3,No
EMP1055,2026-07-08,3,2,13,87,3,No
EMP1056,2023-02-11,2,1,30,110,2,No
EMP1056,2024-02-11,4,1,14,72,4,No
EMP1056,2025-02-10,4,2,11,99,3,No
EMP1056,2026-02-10,4,1,19,79,3,No
EMP1057,2025-11-03,1,3,52,81,1,No
EMP1059,2025-11-08,2,3,0,99,1,No
EMP1060,2023-05-03,4,3,23,89,3,No
EMP1060,2024-05-02,4,4,30,100,3,No
EMP1060,2025-05-02,5,3,17,110,5,No
EMP1060,2026-05-02,3,3,0,95,3,No
EMP1061,2021-02-27,3,3,0,91,3,No
EMP1061,2022-02-27,3,3,22,88,3,No
EMP1061,2023-02-27,3,3,14,74,3,No
EMP1061,2024-02-27,3,4,0,85,2,No
EMP1061,2025-02-26,2,3,7,83,2,No
EMP1061,2026-02-26,2,4,19,70,1,No
EMP1062,2026-03-14,3,3,41,110,2,No
EMP1063,2023-09-20,2,1,29,99,1,No
EMP1063,2024-09-19,2,2,7,67,1,No
EMP1063,2025-09-19,3,3,1,93,3,No
EMP1064,2026-08-14,4,4,80,96,3,No
EMP1066,2025-09-24,4,4,46,95,4,No
EMP1067,2023-06-17,2,3,6,83,2,No
EMP1067,2024-06-16,2,3,0,61,2,No
EMP1067,2025-06-16,2,2,17,92,2,No
EMP1067,2026-06-16,2,2,0,94,1,No
EMP1068,2023-09-19,2,3,7,82,2,No
EMP1068,2024-09-18,3,3,21,107,3,No
EMP1068,2025-09-18,2,3,14,81,2,No
EMP1069,2025-03-17,2,4,0,87,1,No
EMP1069,2026-03-17,3,3,2,105,3,No
EMP1070,2026-07-31,4,2,25,97,3,No
EMP1071,2021-09-07,3,2,13,100,4,No
EMP1071,2022-09-07,5,2,11,97,5,No
EMP1071,2023-09-07,3,2,12,90,2,No
EMP1071,2024-09-06,4,3,0,107,4,No
EMP1071,2025-09-06,4,2,0,94,3,No
EMP1073,2026-08-08,3,3,9,80,3,No
EMP1074,2024-12-03,1,2,22,54,1,No
EMP1074,2025-12-03,2,3,9,102,2,No
EMP1075,2026-08-08,2,3,22,68,1,No
EMP1076,2026-07-03,4,5,59,109,4,No
EMP1077,2026-08-08,3,4,86,79,2,No
EMP1078,2024-02-12,1,2,0,94,1,No
EMP1078,2025-02-11,2,1,8,82,2,No
EMP1078,2026-02-11,3,1,0,91,3,No
EMP1079,2025-03-07,5,3,28,98,5,No
EMP1079,2026-03-07,4,3,24,107,3,No
EMP1080,2022-04-04,1,3,25,83,1,No
EMP1080,2023-04-04,1,3,0,91,1,No
EMP1080,2024-04-03,1,3,4,73,1,No
EMP1080,2025-04-03,1,2,4,72,1,No
EMP1080,2026-04-03,1,2,4,73,1,No
EMP1082,2022-04-05,3,2,0,86,3,No
EMP1082,2023-04-05,3,3,14,83,4,No
EMP1082,2024-04-04,2,3,12,86,1,No
EMP1082,2025-04-04,3,2,0,93,4,No
EMP1082,2026-04-04,3,2,0,94,3,No
EMP1083,2025-12-29,3,3,63,108,3,No
EMP1084,2024-03-25,4,1,21,94,3,No
EMP1085,2024-01-12,1,1,20,76,1,No
EMP1085,2025-01-11,2,1,7,95,2,No
EMP1085,2026-01-11,1,1,21,81,1,No
EMP1086,2021-11-03,3,4,7,100,2,No
EMP1086,2022-11-03,4,3,0,92,4,Yes
EMP1086,2023-11-03,2,4,23,73,2,No
EMP1086,2024-11-02,2,4,0,78,2,No
EMP1086,2025-11-02,2,4,5,68,1,No
EMP1087,2023-02-09,4,2,0,86,4,No
EMP1087,2024-02-09,3,3,0,76,2,No
EMP1087,2025-02-08,4,3,22,88,4,No
EMP1087,2026-02-08,2,2,0,80,1,No
EMP1088,2025-09-10,3,2,5,87,2,No
EMP1089,2025-01-21,3,4,5,101,2,No
EMP1089,2026-01-21,1,3,13,82,1,No
EMP1090,2021-11-06,2,2,0,73,1,No
EMP1090,2022-11-06,3,2,11,93,2,No
EMP1090,2023-11-06,4,1,0,75,4,No
EMP1090,2024-11-05,2,3,0,93,1,No
EMP1090,2025-11-05,3,2,0,94,3,No
EMP1091,2026-05-26,2,2,12,62,1,No
EMP1092,2026-06-27,3,2,42,104,3,No
EMP1093,2023-09-18,2,4,18,87,2,No
EMP1093,2024-09-17,1,4,12,90,1,No
EMP1093,2025-09-17,2,3,28,105,1,No
EMP1094,2022-07-21,1,2,8,68,1,No
EMP1094,2023-07-21,1,1,9,76,1,No
EMP1095,2025-11-09,3,3,36,101,3,No
EMP1096,2024-07-18,2,2,21,74,1,No
EMP1096,2025-07-18,2,3,13,76,1,No
EMP1096,2026-07-18,4,2,8,97,3,No
EMP1097,2024-10-28,2,4,21,89,2,No
EMP1098,2021-03-01,3,4,0,90,2,No
EMP1098,2022-03-01,3,4,7,95,3,No
EMP1098,2023-03-01,2,4,0,80,2,No
EMP1098,2024-02-29,1,4,7,75,1,No
EMP1098,2025-02-28,2,4,3,83,1,No
EMP1098,2026-02-28,3,3,14,76,2,No
EMP1100,2024-12-29,5,3,11,104,4,No
EMP1100,2025-12-29,5,5,30,98,4,No
EMP1101,2021-06-23,3,3,0,85,2,No
EMP1101,2022-06-23,2,3,0,101,2,No
EMP1101,2023-06-23,2,3,7,85,1,No
EMP1101,2024-06-22,3,3,0,105,1,No
EMP1101,2025-06-22,1,3,12,105,1,No
EMP1101,2026-06-22,2,3,2,88,1,No
EMP1102,2024-07-08,3,3,14,85,3,No
EMP1102,2025-07-08,3,4,8,91,3,No
EMP1102,2026-07-08,3,4,13,88,3,No
EMP1103,2023-06-24,1,4,14,86,1,No
EMP1103,2024-06-23,2,3,9,81,2,No
EMP1103,2025-06-23,1,4,8,52,1,No
EMP1103,2026-06-23,1,4,8,64,1,No
EMP1105,2022-03-11,3,1,9,85,3,No
EMP1105,2023-03-11,3,1,0,103,3,No
EMP1105,2024-03-10,3,1,4,79,2,No
EMP1105,2025-03-10,1,2,8,78,1,No
EMP1105,2026-03-10,3,1,13,109,4,No
EMP1106,2024-09-19,5,3,11,97,4,No
EMP1106,2025-09-19,4,4,21,109,4,No
EMP1107,2025-10-22,3,1,28,96,3,No
EMP1108,2023-05-10,4,3,0,75,3,No
EMP1108,2024-05-09,3,3,23,104,3,No
EMP1108,2025-05-09,2,2,13,47,1,No
EMP1108,2026-05-09,3,3,0,90,3,No
EMP1110,2023-03-15,3,4,11,82,2,No
EMP1110,2024-03-14,2,5,9,92,1,No
EMP1110,2025-03-14,4,5,7,102,3,No
EMP1110,2026-03-14,3,5,6,90,3,No
EMP1111,2022-04-19,2,1,28,76,2,No
EMP1111,2023-04-19,2,1,0,61,1,No
EMP1111,2024-04-18,2,2,3,80,2,No
EMP1111,2025-04-18,1,2,0,58,1,No
EMP1112,2023-09-06,2,5,13,85,2,No
EMP1112,2024-09-05,3,4,0,100,3,No
EMP1112,2025-09-05,3,4,0,104,3,No
EMP1114,2021-10-15,2,5,7,76,3,No
EMP1114,2022-10-15,3,4,0,110,4,No
EMP1114,2023-10-15,3,4,7,78,3,No
EMP1114,2024-10-14,2,5,18,76,2,No
EMP1114,2025-10-14,2,3,5,76,2,No
EMP1115,2024-07-12,5,3,0,102,4,No
EMP1116,2024-01-06,2,2,16,73,2,No
EMP1116,2025-01-05,2,3,14,89,2,No
EMP1116,2026-01-05,3,3,0,86,3,No
EMP1117,2023-05-03,4,5,9,99,4,No
EMP1117,2024-05-02,4,3,0,98,4,No
EMP1117,2025-05-02,3,4,1,87,3,No
EMP1117,2026-05-02,3,4,3,89,3,No
EMP1119,2025-05-30,2,4,0,58,1,No
EMP1119,2026-05-30,3,3,21,109,2,No
EMP1120,2023-04-03,1,3,16,86,1,No
EMP1120,2024-04-02,1,3,0,67,1,No
EMP1121,2026-02-02,1,3,0,65,1,No
EMP1122,2025-07-25,3,3,4,64,3,No
EMP1123,2025-01-23,4,2,40,98,3,No
EMP1123,2026-01-23,3,2,18,72,3,No
EMP1124,2023-05-27,2,3,18,105,2,No
EMP1124,2024-05-26,4,3,12,88,3,No
EMP1124,2025-05-26,4,4,1,88,4,No
EMP1124,2026-05-26,2,3,18,66,3,No
EMP1125,2022-02-13,4,2,0,107,4,No
EMP1125,2023-02-13,3,2,12,82,2,No
EMP1125,2024-02-13,2,1,7,81,1,No
EMP1125,2025-02-12,2,2,8,56,2,No
EMP1125,2026-02-12,2,1,0,73,2,No
EMP1126,2022-03-20,3,2,11,84,2,No
EMP1126,2023-03-20,3,3,16,93,2,No
EMP1126,2024-03-19,3,3,1,100,2,No
EMP1126,2025-03-19,3,3,6,85,4,No
EMP1126,2026-03-19,4,2,10,98,4,No
EMP1127,2024-06-13,3,3,3,87,2,No
EMP1127,2025-06-13,2,3,31,75,1,No
EMP1127,2026-06-13,2,3,20,56,2,No
EMP1128,2023-03-04,2,5,2,91,2,No
EMP1128,2024-03-03,4,3,21,95,3,No
EMP1128,2025-03-03,3,3,4,101,3,No
EMP1128,2026-03-03,3,3,4,70,3,No
EMP1129,2024-08-17,5,1,15,110,4,Yes
EMP1129,2025-08-17,4,2,0,86,3,No
EMP1129,2026-08-17,4,1,1,68,4,No
EMP1130,2023-08-11,2,3,6,100,2,No
EMP1130,2024-08-10,4,4,19,83,3,No
EMP1130,2025-08-10,3,3,1,98,2,No
EMP1130,2026-08-10,2,2,0,84,1,No
EMP1131,2021-02-20,3,2,0,95,3,No
EMP1131,2022-02-20,4,2,18,98,4,No
EMP1131,2023-02-20,2,2,6,88,1,No
EMP1131,2024-02-20,3,1,22,103,3,No
EMP1131,2025-02-19,3,3,21,81,3,No
EMP1131,2026-02-19,3,2,0,86,2,No
EMP1133,2026-03-09,2,2,41,86,1,No
EMP1134,2022-02-26,3,4,25,96,2,No
EMP1134,2023-02-26,4,3,0,93,3,No
EMP1134,2024-02-26,4,4,11,96,4,No
EMP1134,2025-02-25,3,3,18,81,2,No
EMP1134,2026-02-25,4,3,0,67,3,No
EMP1135,2022-03-11,3,3,0,68,2,No
EMP1135,2023-03-11,3,2,8,97,2,No
EMP1135,2024-03-10,2,4,0,97,1,No
EMP1135,2025-03-10,3,3,10,80,2,No
EMP1135,2026-03-10,4,3,14,110,3,No
EMP1136,2023-12-24,3,1,0,95,2,No
EMP1136,2024-12-23,5,1,0,110,4,No
EMP1136,2025-12-23,5,1,0,98,4,No
EMP1137,2022-03-18,4,2,6,107,4,No
EMP1137,2023-03-18,3,2,0,74,2,No
EMP1138,2023-07-17,2,2,17,106,1,No
EMP1138,2024-07-16,3,3,0,89,3,No
EMP1138,2025-07-16,2,1,5,77,2,No
EMP1139,2021-12-16,3,3,2,70,2,No
EMP1139,2022-12-16,2,2,9,88,2,No
EMP1139,2023-12-16,3,2,16,85,3,No
EMP1139,2024-12-15,2,1,19,89,1,No
EMP1139,2025-12-15,3,3,0,84,3,No
EMP1140,2026-02-04,3,4,22,77,2,No
EMP1142,2025-03-17,3,1,30,110,2,No
EMP1142,2026-03-17,3,1,32,81,2,No
EMP1143,2026-08-08,3,2,31,68,3,No
EMP1144,2026-08-08,4,4,11,96,4,No
EMP1145,2021-04-25,3,5,8,83,3,No
EMP1145,2022-04-25,3,4,0,60,3,No
EMP1145,2023-04-25,4,5,0,97,4,No
EMP1145,2024-04-24,3,5,9,95,3,No
EMP1145,2025-04-24,4,5,17,99,3,Yes
EMP1145,2026-04-24,3,4,0,99,2,No
EMP1146,2024-07-03,4,5,14,87,4,No
EMP1146,2025-07-03,2,4,12,100,2,No
EMP1146,2026-07-03,4,4,18,94,4,No
EMP1147,2023-10-05,5,2,16,110,5,No
EMP1147,2024-10-04,5,2,18,110,4,No
EMP1147,2025-10-04,4,3,3,89,4,No
EMP1149,2023-08-08,5,2,0,82,5,No
EMP1149,2024-08-07,3,1,0,93,3,No
EMP1150,2024-09-21,3,3,5,62,2,No
EMP1150,2025-09-21,4,2,28,77,3,No
EMP1151,2025-07-30,4,3,31,87,3,No
EMP1152,2024-05-16,2,2,0,79,3,No
EMP1152,2025-05-16,2,1,0,87,1,No
EMP1152,2026-05-16,2,2,12,58,1,No
EMP1153,2023-02-02,3,2,13,102,2,No
EMP1153,2024-02-02,3,3,0,106,2,No
EMP1153,2025-02-01,3,2,5,92,2,No
EMP1153,2026-02-01,2,3,0,84,2,No
EMP1154,2023-07-11,1,3,18,86,1,No
EMP1154,2024-07-10,1,1,43,80,1,No
EMP1154,2025-07-10,1,2,23,66,1,No
EMP1154,2026-07-10,1,3,6,110,1,No
EMP1155,2025-12-09,2,2,30,96,1,No
EMP1156,2022-12-30,3,1,31,82,3,No
EMP1156,2023-12-30,3,1,12,90,2,No
EMP1157,2025-07-21,4,2,40,95,4,No
EMP1157,2026-07-21,3,1,26,81,2,No
EMP1158,2025-11-19,3,3,21,110,2,No
EMP1159,2026-08-08,3,2,32,103,3,No
EMP1160,2024-05-15,3,1,0,87,3,No
EMP1160,2025-05-15,3,1,6,110,3,No
EMP1160,2026-05-15,3,1,35,75,3,No
EMP1161,2026-04-19,4,2,21,94,3,No
EMP1163,2021-10-19,2,5,6,90,1,No
EMP1163,2022-10-19,2,4,12,102,1,No
EMP1163,2023-10-19,3,5,7,95,2,No
EMP1163,2024-10-18,3,5,19,75,2,No
EMP1163,2025-10-18,1,5,9,61,1,No
EMP1164,2023-08-24,5,3,1,109,5,No
EMP1164,2024-08-23,5,3,17,72,5,No
EMP1164,2025-08-23,4,1,24,100,4,No
EMP1164,2026-08-08,5,3,11,110,5,No
EMP1166,2023-10-12,1,2,4,75,1,No
EMP1166,2024-10-11,2,2,9,68,2,No
EMP1166,2025-10-11,1,1,15,68,1,No
EMP1167,2023-10-24,4,3,32,110,4,No
EMP1168,2021-04-30,3,5,1,91,3,No
EMP1168,2022-04-30,3,5,0,77,3,No
EMP1168,2023-04-30,4,5,5,105,3,No
EMP1168,2024-04-29,3,5,0,76,2,No
EMP1168,2025-04-29,2,4,0,96,1,No
EMP1168,2026-04-29,3,5,0,69,3,No
EMP1169,2022-08-23,4,2,0,91,3,No
EMP1169,2023-08-23,4,2,10,103,4,No
EMP1169,2024-08-22,5,2,0,94,5,No
EMP1169,2025-08-22,5,3,7,94,5,No
EMP1169,2026-08-22,5,2,0,108,5,No
EMP1170,2023-02-03,2,3,21,92,2,No
EMP1170,2024-02-03,3,3,5,110,3,No
EMP1170,2025-02-02,3,3,19,75,2,No
EMP1170,2026-02-02,2,3,4,86,1,No
EMP1171,2021-10-09,3,3,13,110,3,No
EMP1171,2022-10-09,3,2,0,74,2,No
EMP1171,2023-10-09,3,2,13,102,3,No
EMP1171,2024-10-08,3,2,20,110,2,No
EMP1171,2025-10-08,2,2,32,77,1,No
EMP1172,2022-02-24,2,3,36,81,2,No
EMP1172,2023-02-24,3,3,1,82,4,No
EMP1172,2024-02-24,2,2,14,85,1,No
EMP1172,2025-02-23,3,2,25,103,2,No
EMP1172,2026-02-23,2,3,0,90,1,No
EMP1173,2025-02-12,1,2,0,85,1,No
EMP1173,2026-02-12,2,3,0,96,2,No
EMP1174,2025-12-30,2,3,1,85,3,No
EMP1175,2025-07-28,4,1,12,89,3,No
EMP1175,2026-07-28,4,1,1,109,4,No
EMP1176,2024-11-20,3,4,13,93,1,No
EMP1177,2026-08-08,3,2,31,86,2,No
EMP1178,2022-03-16,3,2,11,83,3,No
EMP1178,2023-03-16,3,3,0,74,2,No
EMP1178,2024-03-15,3,2,17,102,3,No
EMP1178,2025-03-15,2,3,25,66,2,No
EMP1178,2026-03-15,3,3,13,89,2,No
EMP1179,2024-06-24,1,2,0,82,1,No
EMP1179,2025-06-24,2,1,0,86,2,No
EMP1179,2026-06-24,2,3,0,97,1,No
EMP1180,2024-08-14,4,1,16,94,4,No
EMP1181,2023-01-20,3,2,55,98,3,No
EMP1182,2021-04-20,1,3,8,101,2,No
EMP1182,2022-04-20,1,2,5,78,1,No
EMP1182,2023-04-20,2,3,3,62,2,No
EMP1182,2024-04-19,1,2,0,69,1,No
EMP1182,2025-04-19,1,3,0,79,2,No
EMP1182,2026-04-19,1,2,13,75,1,No
EMP1183,2024-02-26,2,4,2,79,1,No
EMP1183,2025-02-25,2,1,16,89,1,No
EMP1184,2023-11-26,5,3,26,110,4,No
EMP1184,2024-11-25,5,4,7,110,5,No
EMP1184,2025-11-25,4,4,17,82,4,No
EMP1185,2026-05-02,2,2,46,81,2,No
EMP1186,2021-06-25,4,1,0,106,4,No
EMP1187,2021-01-10,3,3,0,80,3,No
EMP1187,2022-01-10,3,3,0,97,2,No
EMP1187,2023-01-10,4,4,0,85,3,No
EMP1187,2024-01-10,4,3,5,91,3,Yes
EMP1187,2025-01-09,4,4,0,110,3,No
EMP1187,2026-01-09,4,4,0,98,3,No
EMP1188,2025-01-19,2,5,11,78,1,No
EMP1188,2026-01-19,3,4,0,92,2,No
EMP1189,2025-01-27,1,4,3,80,1,No
EMP1189,2026-01-27,1,5,13,67,1,No
EMP1191,2024-07-20,3,2,13,93,2,No
EMP1191,2025-07-20,3,3,0,67,2,No
EMP1191,2026-07-20,3,3,30,83,2,No
EMP1192,2026-08-08,3,1,32,75,3,No
EMP1193,2022-10-25,2,3,30,78,1,No
EMP1193,2023-10-25,2,2,7,64,2,No
EMP1193,2024-10-24,2,2,27,82,2,No
EMP1193,2025-10-24,3,2,9,96,1,No
EMP1194,2025-05-26,4,2,25,106,3,Yes
EMP1194,2026-05-26,4,3,29,87,3,No
EMP1195,2025-11-21,3,4,22,77,2,No
EMP1196,2021-06-11,1,3,53,95,1,No
EMP1197,2024-02-01,3,3,0,94,3,No
EMP1197,2025-01-31,2,3,16,90,1,No
EMP1197,2026-01-31,3,2,2,101,3,No
EMP1198,2022-05-22,3,3,7,91,2,No
EMP1198,2023-05-22,3,3,2,83,2,No
EMP1198,2024-05-21,2,3,16,76,1,No
EMP1198,2025-05-21,3,2,5,73,3,No
EMP1198,2026-05-21,1,2,0,83,1,No
EMP1199,2022-03-31,2,5,17,68,2,No
EMP1199,2023-03-31,1,5,12,83,1,No
EMP1199,2024-03-30,1,4,0,87,1,No
EMP1199,2025-03-30,2,5,0,84,1,No
EMP1199,2026-03-30,1,5,0,69,1,No
EMP1200,2024-09-30,2,3,10,79,1,No
EMP1200,2025-09-30,2,3,14,89,2,No
EMP1201,2022-02-23,3,3,20,73,3,No
EMP1202,2025-03-17,3,1,36,66,3,No
EMP1203,2021-06-10,4,1,21,107,4,No
EMP1203,2022-06-10,3,3,18,110,3,No
EMP1203,2023-06-10,4,3,0,96,3,No
EMP1203,2024-06-09,3,3,12,109,2,No
EMP1203,2025-06-09,3,2,12,97,2,No
EMP1203,2026-06-09,2,3,0,79,2,No
EMP1204,2021-09-06,1,3,0,80,1,No
EMP1204,2022-09-06,1,3,8,92,1,No
EMP1204,2023-09-06,1,3,1,92,1,No
EMP1204,2024-09-05,1,3,0,81,1,No
EMP1204,2025-09-05,1,2,1,62,1,No
EMP1205,2024-04-20,5,1,20,101,5,No
EMP1205,2025-04-20,4,2,13,86,3,No
EMP1206,2025-02-26,1,2,5,69,1,No
EMP1206,2026-02-26,2,2,5,74,2,No
EMP1207,2023-01-24,2,1,8,96,1,No
EMP1207,2024-01-24,2,1,16,73,1,No
EMP1207,2025-01-23,2,1,0,90,1,No
EMP1207,2026-01-23,3,1,0,87,3,No
EMP1208,2022-04-30,5,2,25,98,5,No
EMP1208,2023-04-30,4,3,19,90,3,No
EMP1208,2024-04-29,5,3,6,108,5,No
EMP1208,2025-04-29,4,3,12,90,4,No
EMP1208,2026-04-29,5,3,16,110,5,No
EMP1209,2022-07-30,5,3,0,97,4,Yes
EMP1209,2023-07-30,4,1,17,100,3,No
EMP1209,2024-07-29,4,2,12,101,4,No
EMP1209,2025-07-29,4,1,15,108,3,No
EMP1209,2026-07-29,4,2,0,90,3,No
EMP1210,2022-08-21,3,3,6,88,2,No
EMP1210,2023-08-21,3,2,0,82,3,No
EMP1210,2024-08-20,3,2,15,86,3,No
EMP1210,2025-08-20,2,3,22,67,2,No
EMP1210,2026-08-20,3,2,3,87,2,No
EMP1211,2025-03-31,1,1,0,88,1,No
EMP1214,2021-07-06,4,2,0,102,4,No
EMP1214,2022-07-06,4,2,5,95,4,No
EMP1214,2023-07-06,3,2,0,87,3,No
EMP1214,2024-07-05,3,3,0,66,3,No
EMP1214,2025-07-05,4,3,0,96,4,No
EMP1214,2026-07-05,3,2,1,99,2,No
EMP1215,2024-01-28,3,4,3,69,2,No
EMP1215,2025-01-27,3,2,2,110,2,No
EMP1215,2026-01-27,2,4,5,94,1,No
EMP1216,2023-07-21,2,4,10,95,2,No
EMP1216,2024-07-20,3,5,26,105,3,No
EMP1217,2024-12-10,3,4,13,98,3,No
EMP1217,2025-12-10,2,3,25,80,2,No
EMP1218,2024-05-24,3,4,3,101,2,No
EMP1218,2025-05-24,3,5,0,94,2,No
EMP1218,2026-05-24,3,4,6,107,3,No
EMP1219,2023-04-21,1,3,26,91,1,No
EMP1219,2024-04-20,2,3,20,73,2,No
EMP1219,2025-04-20,2,3,10,108,1,No
EMP1219,2026-04-20,1,2,24,72,1,No
EMP1220,2022-05-11,2,3,0,94,3,No
EMP1220,2023-05-11,2,2,0,79,1,No
EMP1221,2024-07-16,5,3,0,110,4,No
EMP1221,2025-07-16,4,2,3,108,4,No
EMP1221,2026-07-16,5,3,16,92,4,No
EMP1222,2023-05-25,5,3,10,106,5,No
EMP1222,2024-05-24,3,3,2,90,2,No
EMP1222,2025-05-24,2,2,8,77,1,No
EMP1222,2026-05-24,2,3,0,101,1,No
EMP1223,2023-10-10,4,4,29,101,4,No
EMP1223,2024-10-09,3,3,1,96,3,No
EMP1223,2025-10-09,4,3,3,97,3,No
EMP1224,2022-01-29,4,5,20,95,4,Yes
EMP1224,2023-01-29,4,5,16,88,3,No
EMP1224,2024-01-29,3,5,0,110,2,No
EMP1224,2025-01-28,3,5,9,92,2,No
EMP1224,2026-01-28,3,5,0,95,3,No
EMP1225,2024-12-29,2,4,7,95,1,No
EMP1225,2025-12-29,2,4,6,94,1,No
EMP1226,2021-07-26,3,5,0,105,3,No
EMP1226,2022-07-26,3,3,9,78,2,No
EMP1226,2023-07-26,3,3,0,90,2,No
EMP1226,2024-07-25,3,4,11,82,3,No
EMP1226,2025-07-25,4,3,0,96,4,No
EMP1226,2026-07-25,4,5,14,105,3,Yes
EMP1227,2023-10-13,2,3,4,67,1,No
EMP1227,2024-10-12,2,2,7,105,1,No
EMP1227,2025-10-12,2,2,14,95,2,No
EMP1228,2026-01-30,2,2,31,52,2,No
EMP1229,2023-07-15,2,1,0,76,1,No
EMP1229,2024-07-14,1,3,2,76,1,No
EMP1229,2025-07-14,2,3,19,73,1,No
EMP1229,2026-07-14,1,2,0,66,1,No
EMP1230,2025-09-21,3,2,30,80,3,No
EMP1231,2022-02-03,1,2,26,65,1,No
EMP1231,2023-02-03,1,3,15,73,1,No
EMP1231,2024-02-03,1,2,14,87,1,No
EMP1231,2025-02-02,1,3,15,72,1,No
EMP1232,2026-07-01,2,3,44,81,1,No
EMP1234,2024-01-14,3,4,28,97,2,No
EMP1234,2025-01-13,3,4,6,92,2,No
EMP1234,2026-01-13,2,4,7,59,2,No
EMP1235,2025-05-04,3,4,23,97,4,No
EMP1237,2021-02-28,2,3,6,103,3,No
EMP1237,2022-02-28,3,2,1,89,3,No
EMP1237,2023-02-28,1,3,0,91,1,No
EMP1237,2024-02-28,3,3,8,97,3,No
EMP1237,2025-02-27,3,2,0,90,2,No
EMP1237,2026-02-27,3,3,14,88,3,No
EMP1238,2025-12-15,2,3,12,78,1,No
EMP1239,2023-05-24,3,3,14,92,3,No
EMP1239,2024-05-23,3,3,12,92,2,No
EMP1239,2025-05-23,3,3,0,86,3,No
EMP1239,2026-05-23,3,2,0,78,2,No
EMP1240,2023-06-05,2,3,21,64,1,No
EMP1240,2024-06-04,1,3,0,74,1,No
EMP1240,2025-06-04,3,2,7,88,2,No
EMP1240,2026-06-04,2,2,7,74,1,No
EMP1241,2022-09-13,3,3,2,100,3,No
EMP1241,2023-09-13,4,3,6,110,4,No
EMP1241,2024-09-12,3,4,5,92,2,No
EMP1241,2025-09-12,4,3,11,110,3,Yes
EMP1242,2022-11-04,3,4,0,84,2,No
EMP1242,2023-11-04,2,3,10,83,1,No
EMP1242,2024-11-03,1,4,28,88,1,No
EMP1242,2025-11-03,2,3,24,59,1,No
EMP1243,2024-04-28,1,3,0,67,1,No
EMP1243,2025-04-28,2,3,4,86,2,No
EMP1243,2026-04-28,2,2,0,75,2,No
EMP1244,2026-04-08,1,1,13,65,1,No
EMP1245,2026-01-22,3,3,76,96,2,No
EMP1246,2024-11-19,4,5,23,110,3,No
EMP1246,2025-11-19,4,4,13,110,4,Yes
EMP1247,2021-09-24,3,4,2,98,2,No
EMP1247,2022-09-24,1,4,12,40,1,No
EMP1247,2023-09-24,2,3,0,69,1,No
EMP1247,2024-09-23,4,3,10,109,4,No
EMP1247,2025-09-23,2,3,0,74,2,No
EMP1248,2022-04-21,3,1,9,76,3,No
EMP1248,2023-04-21,3,2,19,76,3,No
EMP1248,2024-04-20,3,1,20,110,2,No
EMP1249,2023-05-22,4,4,9,76,4,No
EMP1249,2024-05-21,4,4,5,110,4,No
EMP1249,2025-05-21,4,4,4,82,4,No
EMP1249,2026-05-21,3,4,0,80,3,No
EMP1250,2025-10-15,2,4,64,85,1,No
EMP1251,2024-11-17,1,4,3,93,1,No
EMP1251,2025-11-17,2,4,19,83,2,No
EMP1252,2025-12-07,3,2,48,74,2,No
EMP1253,2026-02-13,2,3,25,61,1,No
EMP1254,2026-04-26,3,1,16,84,3,No
EMP1255,2021-12-13,2,5,0,105,1,No
EMP1255,2022-12-13,2,3,0,96,3,No
EMP1255,2023-12-13,2,4,0,85,1,No
EMP1255,2024-12-12,3,5,0,106,3,No
EMP1255,2025-12-12,2,5,0,70,1,No
EMP1256,2025-02-27,4,2,1,110,3,No
EMP1256,2026-02-27,3,3,0,91,2,No
EMP1257,2026-08-08,2,3,9,102,2,No
EMP1258,2025-03-18,2,1,42,66,1,No
EMP1259,2021-04-06,3,3,11,68,2,No
EMP1259,2022-04-06,2,4,0,107,2,No
EMP1259,2023-04-06,2,3,0,88,2,No
EMP1259,2024-04-05,3,5,0,86,2,No
EMP1259,2025-04-05,3,3,0,101,2,No
EMP1259,2026-04-05,3,4,0,110,2,No
EMP1260,2021-02-01,1,3,9,55,1,No
EMP1260,2022-02-01,3,3,14,96,3,No
EMP1260,2023-02-01,1,4,6,96,2,No
EMP1261,2021-04-07,3,3,18,94,3,No
EMP1261,2022-04-07,3,2,8,89,2,No
EMP1261,2023-04-07,2,3,14,90,2,No
EMP1261,2024-04-06,2,3,17,78,1,No
EMP1261,2025-04-06,3,3,14,90,2,No
EMP1261,2026-04-06,3,3,8,89,2,No
EMP1262,2021-03-25,5,3,0,101,5,No
EMP1262,2022-03-25,5,4,11,108,4,No
EMP1263,2024-11-12,2,3,1,75,1,No
EMP1263,2025-11-12,3,3,8,81,3,No
EMP1264,2021-10-22,2,1,16,73,1,No
EMP1264,2022-10-22,2,1,14,76,2,No
EMP1264,2023-10-22,1,1,0,59,1,No
EMP1264,2024-10-21,1,2,0,62,1,No
EMP1264,2025-10-21,2,1,0,105,1,No
EMP1265,2024-04-20,3,5,19,103,3,No
EMP1265,2025-04-20,2,3,14,68,1,No
EMP1265,2026-04-20,2,3,28,82,1,No
EMP1266,2021-02-11,2,3,61,97,2,No
EMP1267,2021-05-16,3,3,2,82,2,No
EMP1267,2022-05-16,2,3,5,79,1,No
EMP1267,2023-05-16,2,4,18,78,1,No
EMP1267,2024-05-15,3,5,17,85,2,No
EMP1267,2025-05-15,3,4,15,110,2,No
EMP1267,2026-05-15,2,3,0,102,1,No
EMP1268,2022-03-08,5,2,30,109,5,No
EMP1268,2023-03-08,4,1,22,102,4,No
EMP1268,2024-03-07,3,1,0,103,3,No
EMP1268,2025-03-07,5,1,3,110,4,No
EMP1269,2021-11-26,1,3,8,70,1,No
EMP1269,2022-11-26,1,2,16,64,1,No
EMP1269,2023-11-26,1,2,14,68,1,No
EMP1269,2024-11-25,2,2,15,66,1,No
EMP1269,2025-11-25,1,2,17,67,1,No
EMP1270,2025-04-24,5,4,0,110,4,No
EMP1270,2026-04-24,4,4,5,91,3,No
EMP1271,2024-03-04,3,2,17,86,1,No
EMP1271,2025-03-04,3,3,14,94,2,No
EMP1271,2026-03-04,1,2,0,89,1,No
EMP1272,2022-02-17,3,3,4,110,3,No
EMP1272,2023-02-17,3,4,6,94,3,No
EMP1272,2024-02-17,3,4,0,58,3,No
EMP1272,2025-02-16,1,4,8,67,1,No
EMP1272,2026-02-16,2,4,0,78,2,No
EMP1273,2023-09-19,3,5,14,85,2,No
EMP1273,2024-09-18,4,5,22,104,4,No
EMP1273,2025-09-18,5,4,0,110,5,No
EMP1274,2026-05-02,3,4,28,98,3,No
EMP1275,2023-02-06,2,3,0,72,2,No
EMP1275,2024-02-06,3,3,0,90,3,No
EMP1275,2025-02-05,2,4,11,80,2,No
EMP1275,2026-02-05,1,2,12,87,1,No
EMP1276,2021-03-26,4,2,10,99,4,No
EMP1276,2022-03-26,3,1,0,95,2,No
EMP1276,2023-03-26,3,1,1,90,1,No
EMP1276,2024-03-25,4,1,0,95,3,No
EMP1276,2025-03-25,3,2,8,101,2,No
EMP1276,2026-03-25,4,1,0,97,4,Yes
EMP1278,2022-03-28,1,3,0,42,1,No
EMP1278,2023-03-28,1,3,5,64,1,No
EMP1278,2024-03-27,1,4,3,95,1,No
EMP1279,2024-04-13,3,4,3,79,2,No
EMP1279,2025-04-13,4,4,21,83,4,No
EMP1279,2026-04-13,3,3,18,91,2,No
EMP1280,2021-10-09,4,3,30,110,3,No
EMP1280,2022-10-09,5,3,16,93,4,No
EMP1280,2023-10-09,4,4,0,110,3,No
EMP1280,2024-10-08,4,4,5,79,3,No
EMP1280,2025-10-08,4,3,0,110,4,No
EMP1281,2022-12-08,5,3,14,110,4,No
EMP1281,2023-12-08,4,2,7,94,4,No
EMP1281,2024-12-07,4,2,13,102,3,No
EMP1281,2025-12-07,3,3,17,99,3,No
EMP1282,2026-01-31,3,3,22,89,2,No
EMP1283,2025-09-13,3,2,79,110,1,No
EMP1284,2024-03-10,2,3,17,100,2,No
EMP1284,2025-03-10,2,2,24,93,1,No
EMP1284,2026-03-10,3,3,15,72,2,No
EMP1285,2025-09-06,1,5,23,80,1,No
EMP1286,2021-06-07,2,4,1,65,2,No
EMP1286,2022-06-07,2,5,1,81,2,No
EMP1286,2023-06-07,2,5,0,80,2,No
EMP1286,2024-06-06,2,4,11,65,2,No
EMP1286,2025-06-06,3,4,12,75,2,No
EMP1286,2026-06-06,2,4,2,63,2,No
EMP1287,2021-05-07,3,3,0,98,3,No
EMP1287,2022-05-07,3,3,0,83,3,No
EMP1287,2023-05-07,2,3,0,87,1,No
EMP1287,2024-05-06,2,3,0,59,2,No
EMP1287,2025-05-06,2,3,2,89,1,No
EMP1287,2026-05-06,3,4,15,92,3,No
EMP1288,2021-12-12,2,3,5,73,3,No
EMP1288,2022-12-12,3,3,0,77,3,No
EMP1288,2023-12-12,2,2,0,68,2,No
EMP1288,2024-12-11,1,3,0,83,1,No
EMP1288,2025-12-11,2,2,0,72,1,No
EMP1289,2023-01-04,3,2,8,70,3,No
EMP1289,2024-01-04,3,1,14,90,3,No
EMP1289,2025-01-03,3,1,1,80,2,No
EMP1290,2024-12-18,2,1,29,88,1,No
EMP1291,2024-10-17,1,1,0,69,2,No
EMP1291,2025-10-17,1,3,7,87,1,No
EMP1292,2021-03-12,3,3,0,92,2,No
EMP1292,2022-03-12,4,3,2,93,3,No
EMP1292,2023-03-12,2,2,1,101,2,No
EMP1292,2024-03-11,3,3,0,98,3,No
EMP1292,2025-03-11,2,3,0,69,1,No
EMP1292,2026-03-11,2,3,6,74,2,No
EMP1293,2026-02-27,1,1,22,68,1,No
EMP1294,2024-06-11,3,2,0,77,2,No
EMP1294,2025-06-11,2,3,8,96,1,No
EMP1294,2026-06-11,4,1,0,109,4,Yes
EMP1295,2024-04-22,2,3,18,93,2,No
EMP1295,2025-04-22,2,3,29,80,2,No
EMP1295,2026-04-22,1,3,15,55,1,No
EMP1296,2023-03-18,1,3,12,79,1,No
EMP1296,2024-03-17,2,4,14,80,1,No
EMP1296,2025-03-17,2,4,15,79,3,No
EMP1296,2026-03-17,2,4,26,58,2,No
EMP1297,2022-12-11,5,1,0,97,4,Yes
EMP1297,2023-12-11,4,1,7,78,5,Yes
EMP1297,2024-12-10,5,1,8,94,5,No
EMP1297,2025-12-10,5,3,9,110,4,No
EMP1298,2022-03-16,3,3,2,90,1,No
EMP1298,2023-03-16,1,3,15,64,1,No
EMP1298,2024-03-15,2,4,0,82,2,No
EMP1298,2025-03-15,2,3,0,74,1,No
EMP1298,2026-03-15,3,3,0,87,3,No
EMP1299,2025-11-14,3,2,23,106,2,No
EMP1300,2022-08-30,1,4,7,89,1,No
EMP1300,2023-08-30,2,4,5,88,1,No
EMP1300,2024-08-29,2,3,0,87,2,No
EMP1300,2025-08-29,1,3,0,81,1,No
EMP1301,2022-04-19,3,2,0,81,3,No
EMP1301,2023-04-19,3,3,0,95,4,No
EMP1301,2024-04-18,2,4,4,82,1,No
EMP1301,2025-04-18,2,2,23,77,2,No
EMP1301,2026-04-18,1,3,9,70,1,No
EMP1302,2024-05-07,1,1,28,76,1,No
EMP1302,2025-05-07,1,1,27,95,1,No
EMP1304,2025-09-05,3,4,58,80,3,No
EMP1305,2023-02-20,4,2,16,78,4,No
EMP1305,2024-02-20,4,3,0,107,4,No
EMP1305,2025-02-19,2,3,6,107,1,No
EMP1305,2026-02-19,2,2,5,66,1,No
EMP1306,2024-07-04,3,2,0,101,2,No
EMP1306,2025-07-04,3,3,5,102,3,No
EMP1306,2026-07-04,3,2,11,86,3,No
EMP1307,2026-01-08,4,3,3,82,3,No
EMP1309,2024-12-14,3,4,36,83,2,No
EMP1310,2023-10-26,5,1,10,108,5,No
EMP1310,2024-10-25,5,1,16,93,5,No
EMP1310,2025-10-25,4,1,24,94,3,No
EMP1311,2026-05-13,1,2,34,79,1,No
EMP1312,2025-12-24,2,1,38,72,1,No
EMP1313,2023-10-22,2,2,0,72,2,No
EMP1313,2024-10-21,2,3,0,72,2,No
EMP1313,2025-10-21,2,2,0,84,2,No
EMP1314,2021-05-10,1,1,38,54,1,No
EMP1315,2022-05-22,3,3,5,78,2,No
EMP1315,2023-05-22,4,3,13,82,4,No
EMP1315,2024-05-21,3,3,28,110,3,No
EMP1315,2025-05-21,4,3,0,90,4,No
EMP1316,2026-03-31,3,4,43,104,1,No
EMP1317,2026-08-08,1,2,17,67,1,No
EMP1318,2021-03-10,3,3,0,88,2,No
EMP1318,2022-03-10,3,3,11,79,2,No
EMP1318,2023-03-10,2,3,20,62,1,No
EMP1318,2024-03-09,2,3,9,69,1,No
EMP1318,2025-03-09,3,3,8,102,2,No
EMP1318,2026-03-09,4,3,0,105,3,Yes
EMP1320,2023-10-26,3,2,12,102,2,No
EMP1320,2024-10-25,2,3,9,80,1,No
EMP1320,2025-10-25,2,2,0,99,2,No
EMP1321,2022-04-23,4,4,0,99,4,No
EMP1321,2023-04-23,4,2,4,99,3,No
EMP1321,2024-04-22,4,2,26,107,4,No
EMP1321,2025-04-22,4,1,7,110,4,No
EMP1321,2026-04-22,5,2,2,110,4,Yes
EMP1322,2024-06-12,2,3,0,84,2,No
EMP1322,2025-06-12,3,2,0,105,4,No
EMP1322,2026-06-12,3,2,0,110,2,No
EMP1323,2021-09-12,1,3,8,86,1,No
EMP1323,2022-09-12,1,3,11,73,1,No
EMP1323,2023-09-12,1,5,11,70,1,No
EMP1323,2024-09-11,1,4,4,86,1,No
EMP1323,2025-09-11,1,3,2,76,1,No
EMP1324,2021-04-11,5,2,4,110,5,No
EMP1324,2022-04-11,4,2,0,96,4,No
EMP1324,2023-04-11,5,1,8,87,5,Yes
EMP1324,2024-04-10,5,2,2,98,4,No
EMP1324,2025-04-10,3,2,1,86,3,No
EMP1324,2026-04-10,5,2,0,110,5,Yes
EMP1325,2021-11-06,2,1,3,88,1,No
EMP1325,2022-11-06,1,1,0,71,1,No
EMP1325,2023-11-06,2,1,0,76,2,No
EMP1325,2024-11-05,3,1,0,106,1,No
EMP1325,2025-11-05,2,1,0,77,2,No
EMP1326,2023-06-24,3,4,15,92,2,No
EMP1326,2024-06-23,2,3,5,90,1,No
EMP1326,2025-06-23,3,4,0,88,2,No
EMP1326,2026-06-23,3,4,10,76,2,No
EMP1327,2022-11-26,1,5,7,83,1,No
EMP1327,2023-11-26,1,4,1,80,1,No
EMP1327,2024-11-25,1,5,11,66,1,No
EMP1327,2025-11-25,1,4,22,85,1,No
EMP1328,2024-07-21,2,3,13,69,2,No
EMP1328,2025-07-21,3,2,0,110,2,No
EMP1328,2026-07-21,2,2,26,98,1,No
EMP1329,2021-07-01,2,2,0,90,2,No
EMP1329,2022-07-01,2,2,0,93,2,No
EMP1329,2023-07-01,1,3,0,66,1,No
EMP1329,2024-06-30,2,3,15,79,1,No
EMP1329,2025-06-30,2,3,0,98,2,No
EMP1329,2026-06-30,1,3,0,58,1,No
EMP1330,2026-08-08,2,3,36,102,2,No
EMP1331,2024-02-05,2,1,34,68,1,No
EMP1332,2023-10-12,2,4,10,69,1,No
EMP1332,2024-10-11,4,3,16,67,4,No
EMP1332,2025-10-11,4,4,0,58,3,Yes
EMP1333,2021-10-16,3,2,0,92,2,No
EMP1333,2022-10-16,5,1,4,89,5,No
EMP1333,2023-10-16,4,3,16,107,4,No
EMP1333,2024-10-15,4,4,0,99,4,No
EMP1333,2025-10-15,4,3,4,94,3,No
EMP1334,2024-07-21,1,1,17,83,1,No
EMP1334,2025-07-21,1,1,11,83,1,No
EMP1335,2022-04-04,2,2,10,76,1,No
EMP1335,2023-04-04,3,2,11,98,2,No
EMP1335,2024-04-03,2,1,4,94,2,No
EMP1335,2025-04-03,1,1,0,87,2,No
EMP1335,2026-04-03,3,1,19,81,2,No
EMP1336,2024-11-13,3,5,1,95,2,No
EMP1336,2025-11-13,2,5,0,66,2,No
EMP1337,2024-12-10,3,4,0,94,2,No
EMP1337,2025-12-10,3,4,0,77,3,No
EMP1338,2026-08-08,3,5,51,90,2,No
EMP1339,2023-04-30,3,3,0,103,3,No
EMP1339,2024-04-29,3,2,0,67,2,No
EMP1339,2025-04-29,4,3,1,88,3,No
EMP1340,2025-03-22,2,5,20,68,1,No
EMP1340,2026-03-22,2,3,20,66,1,No
EMP1341,2022-09-14,3,1,16,92,3,No
EMP1341,2023-09-14,2,2,7,87,2,No
EMP1341,2024-09-13,3,1,0,104,3,No
EMP1341,2025-09-13,2,1,8,85,2,No
EMP1342,2026-08-08,2,4,59,52,1,No
EMP1343,2022-01-12,1,3,4,56,1,No
EMP1343,2023-01-12,1,3,13,79,1,No
EMP1343,2024-01-12,1,4,0,77,1,No
EMP1343,2025-01-11,1,4,0,56,1,No
EMP1343,2026-01-11,1,3,9,83,1,No
EMP1344,2025-07-18,2,2,8,86,1,No
EMP1344,2026-07-18,3,2,15,90,2,No
EMP1346,2023-12-27,4,1,0,106,4,No
EMP1346,2024-12-26,3,2,5,94,2,No
EMP1346,2025-12-26,2,1,0,80,1,No
EMP1348,2021-04-23,1,3,0,68,1,No
EMP1348,2022-04-23,1,3,13,90,1,No
EMP1348,2023-04-23,1,2,0,90,1,No
EMP1348,2024-04-22,1,3,0,102,1,No
EMP1348,2025-04-22,1,2,0,92,1,No
EMP1348,2026-04-22,1,3,7,60,1,No
EMP1349,2024-12-09,3,2,0,83,3,No
EMP1349,2025-12-09,3,1,0,76,3,No
EMP1350,2026-06-05,4,4,70,74,3,Yes
EMP1351,2022-04-20,4,2,6,70,3,No
EMP1351,2023-04-20,2,3,1,65,2,No
EMP1351,2024-04-19,4,2,0,92,4,No
EMP1351,2025-04-19,4,2,0,90,3,No
EMP1351,2026-04-19,3,3,0,63,3,No
EMP1352,2023-06-04,2,2,15,94,2,No
EMP1352,2024-06-03,3,5,13,81,3,No
EMP1352,2025-06-03,4,4,9,102,3,No
EMP1352,2026-06-03,2,4,0,67,2,No
EMP1353,2023-09-15,3,3,4,103,3,No
EMP1353,2024-09-14,4,3,0,81,3,No
EMP1353,2025-09-14,3,4,0,99,3,No
EMP1354,2021-09-04,2,4,21,74,1,No
EMP1354,2022-09-04,1,3,13,78,1,No
EMP1354,2023-09-04,3,3,4,76,3,No
EMP1354,2024-09-03,2,3,19,94,2,No
EMP1354,2025-09-03,3,3,14,97,2,No
EMP1355,2021-10-15,2,2,6,69,2,No
EMP1355,2022-10-15,2,2,2,64,1,No
EMP1355,2023-10-15,4,2,5,78,3,No
EMP1355,2024-10-14,2,3,14,86,2,No
EMP1355,2025-10-14,1,3,20,75,1,No
EMP1356,2021-11-28,4,3,7,73,3,No
EMP1356,2022-11-28,2,2,17,65,1,No
EMP1356,2023-11-28,2,2,0,72,1,No
EMP1356,2024-11-27,3,2,0,108,2,No
EMP1356,2025-11-27,3,2,12,87,2,No
EMP1357,2024-12-31,3,1,24,92,3,No
EMP1357,2025-12-31,4,1,39,103,3,No
EMP1359,2024-06-09,2,5,0,98,1,No
EMP1359,2025-06-09,1,5,17,81,1,No
EMP1359,2026-06-09,4,4,20,99,4,No
EMP1360,2024-06-12,3,2,0,91,3,No
EMP1360,2025-06-12,3,2,6,85,2,No
EMP1360,2026-06-12,2,2,4,60,2,No
EMP1361,2022-12-18,3,4,6,88,3,No
EMP1361,2023-12-18,3,5,0,85,3,No
EMP1361,2024-12-17,3,5,18,78,3,No
EMP1361,2025-12-17,4,4,0,84,3,No
EMP1363,2024-03-21,4,3,36,91,4,Yes
EMP1363,2025-03-21,5,3,19,109,4,No
EMP1363,2026-03-21,5,2,36,79,4,No
EMP1364,2023-04-30,3,2,0,85,2,No
EMP1364,2024-04-29,3,3,24,83,2,No
EMP1364,2025-04-29,3,2,0,99,2,No
EMP1364,2026-04-29,4,3,18,110,4,No
EMP1365,2022-03-13,3,4,0,98,3,No
EMP1365,2023-03-13,3,4,11,76,2,No
EMP1365,2024-03-12,2,3,0,76,1,No
EMP1365,2025-03-12,2,3,12,67,1,No
EMP1365,2026-03-12,3,4,21,87,3,No
EMP1366,2026-08-08,3,3,13,101,3,No
EMP1367,2024-04-08,5,2,16,109,5,Yes
EMP1367,2025-04-08,4,1,4,97,4,No
EMP1367,2026-04-08,5,2,10,106,5,No
EMP1369,2026-03-21,3,2,26,84,2,No
EMP1370,2021-01-04,3,3,1,96,3,No
EMP1370,2022-01-04,2,3,0,78,1,No
EMP1370,2023-01-04,3,4,20,69,2,No
EMP1370,2024-01-04,3,1,5,88,4,No
EMP1370,2025-01-03,3,2,4,93,2,No
EMP1370,2026-01-03,3,3,12,91,2,No
EMP1371,2026-04-28,3,4,20,106,2,No
EMP1373,2022-09-28,3,2,0,72,2,No
EMP1373,2023-09-28,3,3,2,82,3,No
EMP1373,2024-09-27,3,3,8,87,3,No
EMP1373,2025-09-27,3,3,3,102,3,No
EMP1374,2021-04-23,4,2,5,62,3,No
EMP1374,2022-04-23,5,2,9,106,4,No
EMP1374,2023-04-23,5,3,6,96,4,No
EMP1374,2024-04-22,4,2,14,106,4,No
EMP1374,2025-04-22,4,3,6,102,4,No
EMP1374,2026-04-22,5,2,0,110,5,No
EMP1375,2022-01-04,2,2,15,68,1,No
EMP1375,2023-01-04,4,2,9,88,4,No
EMP1375,2024-01-04,3,2,3,102,2,No
EMP1375,2025-01-03,2,1,0,70,2,No
EMP1375,2026-01-03,4,1,0,94,4,No
EMP1376,2025-02-28,3,3,0,86,3,No
EMP1376,2026-02-28,3,4,18,78,2,No
EMP1377,2026-08-08,1,3,26,78,1,No
EMP1378,2022-08-21,2,2,2,86,1,No
EMP1378,2023-08-21,3,2,7,92,3,No
EMP1378,2024-08-20,2,1,0,97,2,No
EMP1378,2025-08-20,1,2,1,54,1,No
EMP1378,2026-08-20,1,2,11,52,1,No
EMP1379,2022-12-01,1,2,18,89,1,No
EMP1379,2023-12-01,1,2,1,75,1,No
EMP1379,2024-11-30,1,3,3,80,1,No
EMP1379,2025-11-30,1,2,0,65,1,No
EMP1380,2021-07-15,2,3,7,93,1,No
EMP1380,2022-07-15,1,4,5,79,1,No
EMP1380,2023-07-15,1,3,0,94,1,No
EMP1380,2024-07-14,2,4,0,92,2,No
EMP1380,2025-07-14,2,2,0,93,1,No
EMP1380,2026-07-14,2,3,0,99,1,No
EMP1381,2022-10-19,3,1,35,78,3,No
EMP1381,2023-10-19,2,1,1,90,1,No
EMP1381,2024-10-18,3,1,24,72,3,No
EMP1381,2025-10-18,3,1,11,85,3,No
EMP1382,2026-01-20,2,3,43,93,2,No
EMP1383,2022-09-01,2,3,0,77,1,No
EMP1383,2023-09-01,2,3,7,77,2,No
EMP1383,2024-08-31,1,3,14,44,1,No
EMP1383,2025-08-31,2,1,14,70,1,No
EMP1384,2021-12-17,3,2,0,93,3,No
EMP1384,2022-12-17,3,2,3,101,1,No
EMP1384,2023-12-17,2,2,14,75,2,No
EMP1384,2024-12-16,2,2,0,87,2,No
EMP1384,2025-12-16,4,3,20,102,3,No
EMP1385,2025-04-28,3,3,32,95,2,No
EMP1385,2026-04-28,3,4,0,97,2,No
EMP1386,2022-02-27,1,4,9,76,1,No
EMP1386,2023-02-27,1,4,24,84,1,No
EMP1386,2024-02-27,1,3,18,67,1,No
EMP1386,2025-02-26,1,4,16,93,1,No
EMP1386,2026-02-26,1,3,12,78,1,No
EMP1387,2021-08-09,3,3,0,82,2,No
EMP1387,2022-08-09,2,2,0,84,1,No
EMP1387,2023-08-09,3,3,1,77,2,No
EMP1387,2024-08-08,2,3,0,90,2,No
EMP1387,2025-08-08,3,2,9,77,2,No
EMP1387,2026-08-08,2,2,0,89,2,No
EMP1388,2021-02-04,4,3,7,96,4,Yes
EMP1388,2022-02-04,3,4,27,76,2,No
EMP1388,2023-02-04,3,4,0,85,2,No
EMP1388,2024-02-04,4,3,16,87,4,No
EMP1388,2025-02-03,4,4,6,110,3,No
EMP1388,2026-02-03,4,3,0,110,4,Yes
EMP1389,2025-12-25,4,1,49,101,3,No
EMP1390,2021-03-21,4,4,0,93,4,No
EMP1390,2022-03-21,4,4,11,93,4,No
EMP1390,2023-03-21,5,4,9,109,4,No
EMP1390,2024-03-20,4,4,0,82,4,No
EMP1390,2025-03-20,3,3,5,103,3,No
EMP1390,2026-03-20,4,2,0,110,4,No
EMP1391,2022-04-04,2,3,20,94,2,No
EMP1391,2023-04-04,3,3,6,78,2,No
EMP1391,2024-04-03,3,2,1,103,2,No
EMP1391,2025-04-03,3,3,13,102,3,No
EMP1391,2026-04-03,4,3,12,103,3,No
EMP1392,2024-12-26,1,1,20,64,1,No
EMP1392,2025-12-26,2,1,36,71,1,No
EMP1393,2021-10-02,3,3,0,92,2,No
EMP1393,2022-10-02,2,2,1,72,2,No
EMP1393,2023-10-02,3,2,5,86,2,No
EMP1393,2024-10-01,4,3,13,106,3,No
EMP1393,2025-10-01,2,2,0,79,1,No
EMP1394,2023-09-26,1,4,3,60,1,No
EMP1394,2024-09-25,1,3,0,78,1,No
EMP1395,2022-10-07,3,2,8,78,3,No
EMP1395,2023-10-07,2,1,0,86,2,No
EMP1395,2024-10-06,4,2,0,102,3,No
EMP1395,2025-10-06,3,2,11,92,2,No
EMP1396,2021-07-07,1,3,0,87,1,No
EMP1396,2022-07-07,1,3,0,62,1,No
EMP1396,2023-07-07,1,2,0,63,1,No
EMP1396,2024-07-06,1,3,3,84,1,No
EMP1396,2025-07-06,1,3,16,91,1,No
EMP1396,2026-07-06,1,3,0,68,2,No
EMP1398,2024-05-25,2,2,10,78,1,No
EMP1398,2025-05-25,1,3,2,71,1,No
EMP1398,2026-05-25,2,3,3,99,2,No
EMP1399,2022-05-07,5,1,14,108,4,No
EMP1399,2023-05-07,5,2,9,93,5,Yes
EMP1399,2024-05-06,4,1,0,102,4,No
EMP1399,2025-05-06,5,1,18,109,5,No
EMP1400,2021-05-06,2,4,0,105,2,No
EMP1400,2022-05-06,2,3,0,85,2,No
EMP1400,2023-05-06,3,4,14,88,3,No
EMP1400,2024-05-05,3,3,13,83,2,No
EMP1400,2025-05-05,3,4,4,104,3,No
EMP1400,2026-05-05,3,4,0,90,2,No
EMP1401,2022-12-12,2,2,14,84,1,No
EMP1402,2023-05-19,3,3,29,88,2,No
EMP1402,2024-05-18,3,3,33,88,2,No
EMP1402,2025-05-18,1,4,0,67,1,No
EMP1402,2026-05-18,2,2,11,98,2,No
EMP1403,2025-04-05,3,3,3,78,2,No
EMP1403,2026-04-05,4,2,13,89,3,Yes
EMP1404,2026-08-08,5,2,45,106,4,No
EMP1405,2026-08-08,4,2,17,110,4,No
EMP1406,2025-08-18,4,1,30,93,3,No
EMP1407,2024-06-16,3,3,29,89,3,No
EMP1407,2025-06-16,3,4,28,92,2,No
EMP1407,2026-06-16,4,5,12,101,3,No
EMP1408,2025-04-04,4,3,29,89,3,No
EMP1408,2026-04-04,4,3,32,107,3,No
EMP1409,2023-11-05,2,4,18,78,2,No
EMP1409,2024-11-04,3,4,12,104,2,No
EMP1409,2025-11-04,2,4,9,108,2,No
EMP1410,2026-01-25,4,1,18,93,4,No
EMP1411,2021-08-24,2,2,8,96,1,No
EMP1411,2022-08-24,1,3,17,62,1,No
EMP1411,2023-08-24,2,3,0,94,2,No
EMP1411,2024-08-23,2,3,6,84,2,No
EMP1411,2025-08-23,2,2,12,77,1,No
EMP1411,2026-08-08,2,2,9,60,1,No
EMP1412,2025-01-22,1,2,5,80,1,No
EMP1412,2026-01-22,1,2,0,95,1,No
EMP1413,2024-11-02,2,3,23,110,2,No
EMP1413,2025-11-02,2,3,29,85,1,No
EMP1414,2024-06-18,1,4,44,62,1,No
EMP1415,2026-08-08,3,1,26,104,2,No
EMP1416,2026-03-02,4,2,17,73,4,No
EMP1417,2024-01-10,3,1,24,77,2,No
EMP1417,2025-01-09,2,1,0,76,2,No
EMP1417,2026-01-09,2,1,3,101,3,No
EMP1418,2025-03-25,3,3,2,100,2,No
EMP1419,2023-01-07,4,2,0,68,4,No
EMP1419,2024-01-07,2,4,2,92,1,No
EMP1419,2025-01-06,3,1,0,84,2,No
EMP1419,2026-01-06,2,2,8,95,1,No
EMP1420,2020-12-24,2,2,19,78,2,No
EMP1421,2022-07-18,2,4,3,63,2,No
EMP1421,2023-07-18,4,4,0,88,4,No
EMP1421,2024-07-17,4,5,0,93,3,Yes
EMP1421,2025-07-17,4,4,13,100,4,No
EMP1421,2026-07-17,4,5,1,110,3,Yes
EMP1422,2024-03-12,2,4,0,72,1,No
EMP1422,2025-03-12,3,4,32,90,2,No
EMP1422,2026-03-12,1,5,25,54,1,No
EMP1423,2023-07-07,3,1,12,98,3,No
EMP1423,2024-07-06,4,1,0,110,3,Yes
EMP1423,2025-07-06,4,2,11,107,4,No
EMP1423,2026-07-06,3,1,0,87,3,No
EMP1424,2023-08-19,4,2,14,91,3,No
EMP1424,2024-08-18,3,4,0,107,2,No
EMP1424,2025-08-18,3,4,0,105,2,No
EMP1424,2026-08-18,3,4,0,102,3,No
EMP1425,2022-03-14,3,3,0,80,2,No
EMP1425,2023-03-14,2,5,4,78,2,No
EMP1425,2024-03-13,4,4,1,108,3,No
EMP1425,2025-03-13,3,3,17,78,2,No
EMP1425,2026-03-13,3,3,4,67,3,No
EMP1426,2026-01-14,3,3,34,107,2,No
EMP1427,2022-11-15,3,2,0,82,2,No
EMP1427,2023-11-15,3,3,9,103,2,No
EMP1427,2024-11-14,2,2,9,75,1,No
EMP1427,2025-11-14,2,4,6,105,2,No
EMP1428,2023-06-03,4,3,25,96,4,No
EMP1428,2024-06-02,3,4,5,72,3,No
EMP1428,2025-06-02,3,4,0,86,2,No
EMP1428,2026-06-02,4,3,0,104,4,No
EMP1429,2022-04-02,4,2,0,102,3,No
EMP1429,2023-04-02,3,2,26,87,2,No
EMP1430,2022-11-04,2,1,13,92,1,No
EMP1430,2023-11-04,3,1,5,86,4,No
EMP1430,2024-11-03,2,1,0,105,1,No
EMP1430,2025-11-03,2,1,8,83,2,No
EMP1432,2021-04-01,2,4,23,87,3,No
EMP1432,2022-04-01,2,4,16,92,2,No
EMP1432,2023-04-01,2,5,13,94,2,No
EMP1432,2024-03-31,1,5,11,75,1,No
EMP1432,2025-03-31,1,5,15,77,1,No
EMP1434,2026-01-05,1,2,0,81,1,No
EMP1435,2025-11-10,3,5,2,100,2,No
EMP1436,2023-05-24,2,3,1,84,1,No
EMP1436,2024-05-23,1,2,0,77,1,No
EMP1436,2025-05-23,1,3,5,66,1,No
EMP1436,2026-05-23,1,4,11,88,1,No
EMP1437,2023-12-06,2,1,17,90,1,No
EMP1437,2024-12-05,4,1,18,102,4,No
EMP1437,2025-12-05,3,1,17,107,3,No
EMP1438,2021-03-11,3,3,33,104,3,No
EMP1439,2022-09-21,4,2,5,110,4,No
EMP1439,2023-09-21,5,3,8,96,5,No
EMP1439,2024-09-20,5,3,0,110,5,No
EMP1439,2025-09-20,4,4,7,98,4,No
EMP1440,2022-05-22,1,2,0,57,1,No
EMP1440,2023-05-22,1,1,0,95,1,No
EMP1440,2024-05-21,2,2,0,79,2,No
EMP1440,2025-05-21,2,1,16,69,1,No
EMP1441,2022-08-14,1,1,21,76,1,No
EMP1441,2023-08-14,1,1,24,103,1,No
EMP1442,2022-03-13,3,4,0,110,3,No
EMP1442,2023-03-13,3,4,5,83,3,No
EMP1442,2024-03-12,2,4,4,79,1,No
EMP1442,2025-03-12,2,3,16,92,1,No
EMP1442,2026-03-12,3,3,16,91,3,No
EMP1443,2021-11-11,2,2,4,77,1,No
EMP1443,2022-11-11,3,2,0,97,2,No
EMP1443,2023-11-11,2,4,0,82,2,No
EMP1443,2024-11-10,2,3,3,81,1,No
EMP1443,2025-11-10,2,3,0,75,3,No
EMP1444,2026-06-08,3,1,5,89,3,No
EMP1445,2025-08-23,4,4,0,94,4,No
EMP1445,2026-08-08,4,4,3,102,4,No
EMP1446,2025-08-02,2,2,0,96,2,No
EMP1446,2026-08-02,1,2,25,103,1,No
EMP1447,2025-03-11,3,4,0,84,3,No
EMP1447,2026-03-11,2,3,17,83,1,No
EMP1448,2023-01-03,3,5,0,89,1,No
EMP1448,2024-01-03,3,4,4,99,2,No
EMP1448,2025-01-02,2,4,9,101,2,No
EMP1448,2026-01-02,3,5,16,102,2,No
EMP1449,2022-07-14,3,2,24,87,2,No
EMP1449,2023-07-14,4,1,13,110,3,No
EMP1449,2024-07-13,2,1,7,91,2,No
EMP1450,2023-04-03,1,2,7,77,1,No
EMP1450,2024-04-02,1,2,7,78,1,No
EMP1450,2025-04-02,1,3,17,98,1,No
EMP1450,2026-04-02,1,2,16,75,1,No
EMP1451,2021-05-02,2,2,16,96,2,No
EMP1451,2022-05-02,3,2,5,77,2,No
EMP1451,2023-05-02,3,3,8,104,3,No
EMP1451,2024-05-01,2,3,7,75,1,No
EMP1451,2025-05-01,2,3,2,73,2,No
EMP1451,2026-05-01,3,2,0,89,2,No
EMP1452,2021-04-27,4,4,6,96,4,No
EMP1452,2022-04-27,4,4,12,105,3,No
EMP1452,2023-04-27,4,3,0,94,4,No
EMP1452,2024-04-26,4,3,8,80,4,Yes
EMP1452,2025-04-26,3,3,0,104,3,No
EMP1452,2026-04-26,4,3,7,110,3,No
EMP1453,2026-07-07,3,2,8,97,2,No
EMP1454,2026-04-29,3,3,25,94,2,No
EMP1455,2024-10-21,3,3,14,87,1,No
EMP1455,2025-10-21,4,2,13,80,4,No
EMP1456,2026-08-08,4,1,52,101,4,No
EMP1457,2026-08-08,4,3,87,97,4,No
EMP1458,2021-01-02,3,3,1,105,3,No
EMP1458,2022-01-02,2,2,10,86,1,No
EMP1458,2023-01-02,3,3,4,76,2,No
EMP1458,2024-01-02,3,1,3,73,2,No
EMP1458,2025-01-01,3,3,15,93,3,No
EMP1458,2026-01-01,2,3,22,90,3,No
EMP1459,2024-03-28,2,3,0,72,2,No
EMP1459,2025-03-28,3,4,10,88,2,No
EMP1459,2026-03-28,2,3,0,86,2,No
EMP1460,2023-04-13,5,1,14,102,4,Yes
EMP1460,2024-04-12,4,2,21,110,4,Yes
EMP1460,2025-04-12,5,1,11,99,4,No
EMP1460,2026-04-12,4,2,26,106,3,Yes
EMP1461,2026-05-23,3,5,27,104,2,No
EMP1462,2022-05-25,4,2,0,85,3,Yes
EMP1462,2023-05-25,4,2,21,77,4,No
EMP1462,2024-05-24,3,4,9,89,1,No
EMP1462,2025-05-24,4,3,2,95,3,No
EMP1462,2026-05-24,4,2,0,100,4,No
EMP1463,2022-06-17,2,3,20,77,1,No
EMP1463,2023-06-17,3,4,0,110,2,No
EMP1463,2024-06-16,2,4,0,70,2,No
EMP1463,2025-06-16,2,4,4,76,1,No
EMP1463,2026-06-16,2,5,7,96,1,No
EMP1464,2024-02-21,3,3,10,82,3,No
EMP1464,2025-02-20,4,4,0,98,3,No
EMP1464,2026-02-20,4,4,15,94,3,Yes
EMP1465,2023-06-11,3,3,7,100,3,No
EMP1465,2024-06-10,2,1,1,91,1,No
EMP1465,2025-06-10,2,4,16,66,2,No
EMP1465,2026-06-10,3,2,16,97,3,No
EMP1466,2025-02-12,3,1,22,108,2,No
EMP1467,2023-10-07,1,4,9,78,1,No
EMP1467,2024-10-06,1,3,0,85,1,No
EMP1467,2025-10-06,1,4,0,66,1,No
EMP1468,2021-10-29,3,4,13,81,2,No
EMP1468,2022-10-29,3,4,13,85,2,No
EMP1468,2023-10-29,3,2,0,64,1,No
EMP1468,2024-10-28,3,4,0,76,2,No
EMP1468,2025-10-28,3,5,20,89,2,No
EMP1469,2021-09-27,3,1,0,92,2,No
EMP1469,2022-09-27,3,1,16,81,2,No
EMP1469,2023-09-27,2,1,8,78,1,No
EMP1469,2024-09-26,2,1,17,80,1,No
EMP1469,2025-09-26,3,1,19,101,3,No
EMP1471,2024-08-22,4,4,0,97,3,Yes
EMP1471,2025-08-22,4,4,12,110,3,No
EMP1471,2026-08-22,4,4,0,110,3,No
EMP1472,2022-03-05,2,3,26,81,2,No
EMP1472,2023-03-05,3,2,0,109,2,No
EMP1472,2024-03-04,2,3,13,79,1,No
EMP1472,2025-03-04,3,2,0,77,2,No
EMP1472,2026-03-04,3,3,0,98,2,No
EMP1473,2026-08-08,2,4,39,89,1,No
EMP1474,2021-01-19,1,4,15,56,1,No
EMP1474,2022-01-19,1,5,21,64,1,No
EMP1474,2023-01-19,1,5,13,85,1,No
EMP1474,2024-01-19,1,4,13,78,1,No
EMP1474,2025-01-18,1,5,8,86,1,No
EMP1474,2026-01-18,1,3,6,72,1,No
EMP1475,2021-12-25,3,4,2,81,3,No
EMP1475,2022-12-25,4,5,9,110,3,No
EMP1475,2023-12-25,3,5,7,98,3,No
EMP1476,2022-07-19,1,2,16,68,1,No
EMP1476,2023-07-19,3,1,15,88,2,No
EMP1476,2024-07-18,3,2,25,93,2,No
EMP1476,2025-07-18,2,2,18,99,2,No
EMP1476,2026-07-18,2,3,5,87,2,No
EMP1477,2026-08-08,2,4,21,81,1,No
EMP1478,2025-05-20,3,5,13,101,3,No
EMP1478,2026-05-20,4,5,20,100,4,No
EMP1479,2022-08-14,2,4,0,62,2,No
EMP1479,2023-08-14,1,3,0,58,1,No
EMP1479,2024-08-13,2,3,2,87,1,No
EMP1479,2025-08-13,1,3,0,85,1,No
EMP1479,2026-08-13,1,4,0,77,1,No
EMP1480,2021-01-25,2,3,7,80,2,No
EMP1480,2022-01-25,3,4,8,105,1,No
EMP1480,2023-01-25,3,4,23,101,3,No
EMP1480,2024-01-25,3,3,0,79,2,No
EMP1480,2025-01-24,3,3,3,107,3,No
EMP1480,2026-01-24,2,3,0,79,1,No
EMP1481,2024-06-08,2,2,1,72,2,No
EMP1481,2025-06-08,1,4,21,103,1,No
EMP1481,2026-06-08,2,2,7,73,1,No
EMP1482,2024-11-04,1,2,0,68,1,No
EMP1483,2024-04-02,3,3,8,94,3,No
EMP1483,2025-04-02,3,4,13,71,2,No
EMP1483,2026-04-02,3,3,11,85,3,No
EMP1484,2024-11-20,3,5,0,85,3,No
EMP1484,2025-11-20,3,4,12,99,3,No
EMP1485,2022-06-20,4,1,0,103,4,No
EMP1485,2023-06-20,4,2,30,74,4,No
EMP1485,2024-06-19,5,1,15,106,4,No
EMP1486,2023-01-04,2,2,14,80,1,No
EMP1486,2024-01-04,2,1,11,66,2,No
EMP1486,2025-01-03,2,1,2,91,1,No
EMP1486,2026-01-03,1,1,0,61,1,No
EMP1487,2025-09-23,3,5,69,71,2,No
EMP1488,2023-06-19,1,4,0,66,1,No
EMP1488,2024-06-18,1,2,4,80,1,No
EMP1488,2025-06-18,1,1,0,73,1,No
EMP1488,2026-06-18,1,2,9,73,1,No
EMP1489,2026-02-18,4,3,3,110,4,No
EMP1490,2024-12-25,5,3,0,110,4,No
EMP1490,2025-12-25,5,3,12,110,5,No
EMP1491,2021-03-28,3,3,11,100,3,No
EMP1491,2022-03-28,4,4,0,96,4,No
EMP1491,2023-03-28,2,3,1,95,1,No
EMP1491,2024-03-27,3,3,4,85,3,No
EMP1491,2025-03-27,5,3,6,110,4,No
EMP1491,2026-03-27,4,3,7,97,3,No
EMP1492,2021-05-18,2,3,10,93,2,No
EMP1492,2022-05-18,3,2,11,81,2,No
EMP1492,2023-05-18,2,2,0,98,1,No
EMP1492,2024-05-17,2,2,2,97,2,No
EMP1492,2025-05-17,3,2,9,82,3,No
EMP1492,2026-05-17,3,3,16,84,3,No
EMP1493,2026-08-08,4,3,55,108,4,Yes
EMP1494,2023-05-14,3,5,8,86,2,No
EMP1494,2024-05-13,3,4,35,110,2,No
EMP1495,2025-11-07,4,3,14,93,3,No
EMP1496,2021-10-14,3,1,16,82,2,No
EMP1496,2022-10-14,2,3,5,75,2,No
EMP1496,2023-10-14,2,3,7,101,2,No
EMP1496,2024-10-13,2,3,4,93,1,No
EMP1496,2025-10-13,3,2,0,83,2,No
EMP1497,2021-09-13,2,2,0,62,2,No
EMP1497,2022-09-13,3,2,8,86,2,No
EMP1497,2023-09-13,3,1,15,101,2,No
EMP1497,2024-09-12,2,2,5,72,1,No
EMP1497,2025-09-12,3,2,0,77,3,No
EMP1498,2022-05-04,5,1,0,110,5,No
EMP1498,2023-05-04,3,2,11,91,3,No
EMP1498,2024-05-03,4,1,8,96,3,No
EMP1498,2025-05-03,4,2,2,101,3,No
EMP1498,2026-05-03,4,2,13,99,4,No
EMP1500,2026-08-17,2,4,0,65,2,No
EMP1501,2023-11-13,1,2,11,81,1,No
EMP1501,2024-11-12,1,1,10,55,1,No
EMP1501,2025-11-12,2,2,0,100,2,No
EMP1502,2021-10-06,4,3,8,73,4,No
EMP1502,2022-10-06,3,2,7,87,3,No
EMP1502,2023-10-06,3,1,13,110,3,No
EMP1502,2024-10-05,4,3,0,103,3,No
EMP1502,2025-10-05,4,1,7,100,4,No
EMP1503,2023-06-09,1,4,4,74,1,No
EMP1503,2024-06-08,1,3,5,79,1,No
EMP1503,2025-06-08,1,2,0,91,1,No
EMP1505,2021-10-28,2,2,0,70,2,No
EMP1505,2022-10-28,3,2,7,87,3,No
EMP1505,2023-10-28,1,1,7,64,1,No
EMP1506,2023-03-16,3,5,16,97,3,No
EMP1506,2024-03-15,3,5,16,93,4,No
EMP1506,2025-03-15,4,4,12,98,3,No
EMP1506,2026-03-15,4,5,8,92,4,No
EMP1507,2025-03-17,1,2,29,82,1,No
EMP1507,2026-03-17,3,2,12,72,2,No
EMP1508,2022-02-07,3,3,9,81,3,No
EMP1508,2023-02-07,2,2,18,62,2,No
EMP1508,2024-02-07,2,2,17,99,1,No
EMP1508,2025-02-06,3,2,1,96,3,No
EMP1508,2026-02-06,3,2,16,65,3,No
EMP1509,2021-04-10,1,2,7,83,1,No
EMP1509,2022-04-10,1,3,0,85,1,No
EMP1509,2023-04-10,1,3,0,79,1,No
EMP1509,2024-04-09,1,4,0,74,1,No
EMP1509,2025-04-09,1,2,0,77,1,No
EMP1509,2026-04-09,2,2,0,76,1,No
EMP1510,2023-08-15,3,3,2,82,2,No
EMP1510,2024-08-14,2,2,2,76,1,No
EMP1510,2025-08-14,2,3,12,103,2,No
EMP1510,2026-08-14,3,3,7,90,3,No
EMP1511,2021-05-27,4,1,17,106,4,No
EMP1512,2022-10-05,5,1,18,110,5,No
EMP1512,2023-10-05,4,1,20,108,3,No
EMP1512,2024-10-04,4,1,12,104,3,No
EMP1512,2025-10-04,4,1,2,110,3,No
EMP1513,2025-05-23,1,1,38,57,1,No
EMP1513,2026-05-23,1,1,42,82,1,No
EMP1514,2021-07-07,2,2,3,76,1,No
EMP1514,2022-07-07,3,2,19,80,3,No
EMP1514,2023-07-07,2,3,12,87,1,No
EMP1514,2024-07-06,2,3,0,68,1,No
EMP1514,2025-07-06,2,2,0,82,2,No
EMP1514,2026-07-06,3,3,20,85,2,No
EMP1515,2023-06-12,2,3,11,73,2,No
EMP1515,2024-06-11,2,2,1,89,2,No
EMP1515,2025-06-11,3,3,0,99,3,No
EMP1515,2026-06-11,2,3,21,85,1,No
EMP1516,2022-07-18,4,3,0,85,3,No
EMP1516,2023-07-18,3,1,0,64,2,No
EMP1516,2024-07-17,4,2,4,81,3,Yes
EMP1516,2025-07-17,4,3,2,93,4,No
EMP1516,2026-07-17,4,2,0,110,4,No
EMP1517,2021-01-16,4,3,0,79,3,Yes
EMP1517,2022-01-16,5,4,6,106,4,No
EMP1517,2023-01-16,4,4,0,105,3,No
EMP1517,2024-01-16,5,4,31,110,5,No
EMP1517,2025-01-15,3,3,11,88,3,No
EMP1517,2026-01-15,5,2,6,110,5,No
EMP1518,2024-05-06,2,2,37,81,2,No
EMP1520,2021-04-26,1,1,0,76,1,No
EMP1520,2022-04-26,2,1,8,85,1,No
EMP1520,2023-04-26,2,1,15,52,1,No
EMP1520,2024-04-25,2,1,10,64,1,No
EMP1520,2025-04-25,2,1,12,65,1,No
EMP1520,2026-04-25,3,1,9,107,2,No
EMP1521,2023-09-05,5,3,23,110,4,No
EMP1521,2024-09-04,4,3,7,102,4,No
EMP1521,2025-09-04,5,2,12,110,4,No
EMP1522,2026-01-31,5,5,33,110,5,No
EMP1523,2026-08-08,3,1,0,107,2,No
EMP1524,2021-06-01,2,3,21,73,2,No
EMP1524,2022-06-01,3,2,0,103,3,No
EMP1524,2023-06-01,3,3,2,79,2,No
EMP1524,2024-05-31,2,2,0,95,2,No
EMP1524,2025-05-31,2,2,0,94,1,No
EMP1524,2026-05-31,3,3,0,79,2,No
EMP1525,2021-12-19,3,4,0,82,2,No
EMP1525,2022-12-19,3,5,1,105,2,No
EMP1525,2023-12-19,3,5,6,80,3,No
EMP1525,2024-12-18,3,5,7,78,2,No
EMP1525,2025-12-18,3,3,12,71,3,No
EMP1526,2024-12-21,2,1,16,81,1,No
EMP1526,2025-12-21,2,1,2,61,1,No
EMP1527,2021-10-22,4,4,5,88,4,No
EMP1527,2022-10-22,5,2,0,102,4,No
EMP1527,2023-10-22,4,4,0,82,3,No
EMP1527,2024-10-21,5,3,17,103,4,No
EMP1527,2025-10-21,4,3,0,110,3,No
EMP1528,2026-01-24,4,3,20,108,4,No
EMP1529,2021-04-04,3,4,7,91,2,No
EMP1529,2022-04-04,4,3,11,94,3,No
EMP1529,2023-04-04,4,2,7,99,4,No
EMP1529,2024-04-03,3,3,14,83,3,No
EMP1529,2025-04-03,3,3,0,79,2,No
EMP1529,2026-04-03,3,3,20,90,2,No
EMP1530,2024-01-11,3,2,0,98,3,No
EMP1530,2025-01-10,3,2,0,110,3,No
EMP1530,2026-01-10,3,2,0,95,3,No
EMP1531,2023-03-17,2,2,9,82,1,No
EMP1531,2024-03-16,2,2,6,110,2,No
EMP1531,2025-03-16,2,3,7,70,1,No
EMP1531,2026-03-16,3,2,0,104,2,No
EMP1532,2026-08-08,2,2,37,72,2,No
EMP1534,2023-03-14,2,4,0,67,1,No
EMP1534,2024-03-13,1,4,0,77,1,No
EMP1534,2025-03-13,1,5,0,87,1,No
EMP1535,2025-09-30,4,2,39,94,4,No
EMP1536,2021-05-20,3,3,0,107,2,No
EMP1536,2022-05-20,4,4,8,98,3,No
EMP1536,2023-05-20,4,4,11,95,3,Yes
EMP1536,2024-05-19,4,3,0,110,3,Yes
EMP1536,2025-05-19,3,4,14,80,3,No
EMP1536,2026-05-19,4,4,4,107,4,No
EMP1537,2021-03-20,3,2,0,64,2,No
EMP1537,2022-03-20,2,2,0,79,1,No
EMP1537,2023-03-20,3,2,0,82,3,No
EMP1537,2024-03-19,3,3,0,73,2,No
EMP1537,2025-03-19,2,2,7,78,2,No
EMP1537,2026-03-19,2,4,0,89,2,No
EMP1539,2024-05-27,3,1,23,95,3,No
EMP1539,2025-05-27,3,1,22,96,2,No
EMP1539,2026-05-27,2,1,19,71,1,No
EMP1541,2026-06-11,5,3,10,109,4,No
EMP1542,2023-02-11,3,1,21,74,2,No
EMP1542,2024-02-11,3,1,8,78,3,No
EMP1543,2023-03-05,1,1,13,82,1,No
EMP1544,2024-12-30,3,3,16,82,3,No
EMP1544,2025-12-30,3,3,24,85,3,No
EMP1546,2023-10-11,4,2,16,97,3,No
EMP1546,2024-10-10,4,2,27,110,3,No
EMP1546,2025-10-10,4,3,27,108,3,No
EMP1547,2026-08-08,2,3,15,89,1,No
EMP1548,2021-12-09,2,2,7,93,1,No
EMP1548,2022-12-09,2,2,29,86,1,No
EMP1548,2023-12-09,2,2,11,81,1,No
EMP1548,2024-12-08,2,1,10,82,2,No
EMP1549,2021-08-06,2,3,0,85,1,No
EMP1549,2022-08-06,3,2,0,98,3,No
EMP1549,2023-08-06,3,2,3,79,3,No
EMP1549,2024-08-05,2,3,0,99,1,No
EMP1549,2025-08-05,2,2,0,86,1,No
EMP1549,2026-08-05,3,3,0,110,3,No
EMP1550,2023-09-03,4,3,0,90,3,No
EMP1550,2024-09-02,4,3,0,102,3,No
EMP1551,2021-03-17,2,3,9,88,1,No
EMP1551,2022-03-17,3,2,0,88,3,No
EMP1551,2023-03-17,2,2,6,72,2,No
EMP1551,2024-03-16,2,2,17,95,2,No
EMP1553,2024-02-05,3,2,10,92,3,No
EMP1553,2025-02-04,3,1,7,95,2,No
EMP1554,2023-01-23,3,4,0,86,3,No
EMP1554,2024-01-23,3,5,0,101,3,No
EMP1554,2025-01-22,2,5,2,94,2,No
EMP1554,2026-01-22,3,4,7,110,2,No
EMP1555,2024-05-15,3,2,7,90,3,No
EMP1555,2025-05-15,3,2,18,95,2,No
EMP1555,2026-05-15,3,2,7,98,3,No
EMP1556,2022-04-17,4,5,8,97,4,Yes
EMP1556,2023-04-17,4,3,0,87,4,No
EMP1556,2024-04-16,5,5,0,93,4,No
EMP1556,2025-04-16,5,4,0,105,5,No
EMP1556,2026-04-16,4,4,0,94,4,No
EMP1559,2022-06-21,4,2,0,99,4,No
EMP1559,2023-06-21,4,1,4,110,4,No
EMP1559,2024-06-20,3,2,1,102,2,No
EMP1559,2025-06-20,3,4,6,79,3,No
EMP1559,2026-06-20,3,2,12,86,3,No
EMP1560,2022-05-24,4,2,59,107,3,No
EMP1561,2024-08-28,2,2,7,87,1,No
EMP1561,2025-08-28,4,3,0,98,4,Yes
EMP1562,2023-04-02,2,3,9,90,1,No
EMP1562,2024-04-01,2,4,12,67,1,No
EMP1562,2025-04-01,2,4,0,108,2,No
EMP1562,2026-04-01,1,5,0,110,1,No
EMP1563,2021-05-26,5,1,0,110,5,No
EMP1563,2022-05-26,4,1,1,91,3,No
EMP1563,2023-05-26,4,1,4,110,4,No
EMP1563,2024-05-25,5,1,16,110,5,No
EMP1563,2025-05-25,4,1,0,73,4,No
EMP1563,2026-05-25,4,1,0,95,3,Yes
EMP1564,2021-12-12,2,1,27,89,1,No
EMP1564,2022-12-12,2,2,5,86,2,No
EMP1564,2023-12-12,2,1,6,95,2,No
EMP1564,2024-12-11,3,2,23,76,2,No
EMP1564,2025-12-11,2,2,17,95,2,No
EMP1566,2021-04-05,4,1,0,88,3,No
EMP1566,2022-04-05,2,2,5,100,2,No
EMP1566,2023-04-05,4,2,4,87,4,No
EMP1566,2024-04-04,3,1,23,98,2,No
EMP1566,2025-04-04,3,1,0,73,3,No
EMP1566,2026-04-04,2,2,3,98,2,No
EMP1567,2026-02-28,4,5,42,110,3,Yes
EMP1568,2022-03-25,4,3,0,97,4,Yes
EMP1568,2023-03-25,3,2,3,77,2,No
EMP1568,2024-03-24,4,3,0,100,3,No
EMP1568,2025-03-24,4,3,10,91,4,No
EMP1568,2026-03-24,3,3,13,104,2,No
EMP1570,2023-03-01,5,3,4,110,5,Yes
EMP1570,2024-02-29,5,4,3,100,5,No
EMP1570,2025-02-28,4,4,0,100,4,No
EMP1570,2026-02-28,5,4,6,110,5,No
EMP1571,2026-01-27,3,1,39,96,3,No
EMP1572,2026-08-15,4,2,85,73,5,No
EMP1573,2026-02-03,5,1,8,110,5,No
EMP1574,2022-12-23,2,1,7,110,2,No
EMP1574,2023-12-23,1,1,9,85,1,No
EMP1574,2024-12-22,1,1,18,82,1,No
EMP1574,2025-12-22,2,1,10,86,1,No
EMP1575,2026-07-08,2,3,31,80,1,No
EMP1576,2022-05-03,3,5,1,83,2,No
EMP1576,2023-05-03,2,4,21,67,1,No
EMP1576,2024-05-02,3,4,14,105,2,No
EMP1576,2025-05-02,4,4,30,110,4,No
EMP1576,2026-05-02,3,5,30,96,2,No
EMP1577,2021-05-19,2,2,18,93,1,No
EMP1577,2022-05-19,1,4,0,85,1,No
EMP1577,2023-05-19,1,4,14,85,1,No
EMP1577,2024-05-18,1,3,5,62,1,No
EMP1577,2025-05-18,1,4,0,58,1,No
EMP1577,2026-05-18,1,4,0,75,1,No
EMP1578,2021-05-20,3,4,20,82,3,No
EMP1578,2022-05-20,4,5,0,100,4,No
EMP1578,2023-05-20,2,5,9,81,2,No
EMP1578,2024-05-19,3,4,0,81,2,No
EMP1578,2025-05-19,2,5,11,88,2,No
EMP1578,2026-05-19,3,4,0,73,3,No
EMP1579,2023-07-06,1,2,2,70,1,No
EMP1579,2024-07-05,2,2,5,64,1,No
EMP1579,2025-07-05,2,2,24,78,3,No
EMP1580,2026-01-05,2,3,48,79,1,No
EMP1581,2023-09-09,4,3,15,110,4,Yes
EMP1581,2024-09-08,4,4,12,97,3,No
EMP1581,2025-09-08,3,4,34,97,3,No
EMP1583,2021-10-12,5,1,35,110,4,No
EMP1583,2022-10-12,5,1,22,110,4,No
EMP1583,2023-10-12,3,1,0,89,1,No
EMP1583,2024-10-11,5,1,12,110,5,No
EMP1583,2025-10-11,4,1,18,87,4,No
EMP1584,2025-08-09,3,3,6,92,3,No
EMP1584,2026-08-09,1,3,33,83,1,No
EMP1586,2026-02-28,1,4,35,86,1,No
EMP1587,2021-08-13,3,2,0,75,3,No
EMP1587,2022-08-13,2,3,8,79,1,No
EMP1587,2023-08-13,2,3,1,71,1,No
EMP1587,2024-08-12,4,2,0,88,3,No
EMP1588,2021-03-10,2,4,9,79,1,No
EMP1588,2022-03-10,2,4,2,91,1,No
EMP1588,2023-03-10,2,5,0,90,1,No
EMP1588,2024-03-09,3,5,0,81,2,No
EMP1588,2025-03-09,2,5,3,99,2,No
EMP1588,2026-03-09,2,4,0,95,1,No
EMP1589,2023-07-29,4,5,15,100,3,No
EMP1589,2024-07-28,2,5,10,58,2,No
EMP1589,2025-07-28,3,4,18,90,2,No
EMP1589,2026-07-28,2,5,19,88,2,No
EMP1590,2025-05-05,4,2,25,99,3,Yes
EMP1590,2026-05-05,4,3,15,110,3,No
EMP1591,2022-07-28,1,4,0,95,1,No
EMP1591,2023-07-28,2,3,4,79,1,No
EMP1591,2024-07-27,2,4,8,73,2,No
EMP1591,2025-07-27,1,3,0,52,1,No
EMP1591,2026-07-27,2,5,2,87,2,No
EMP1592,2023-04-07,2,1,31,64,2,No
EMP1592,2024-04-06,2,1,13,83,1,No
EMP1593,2021-11-22,2,3,0,83,1,No
EMP1593,2022-11-22,3,4,28,89,3,No
EMP1593,2023-11-22,4,3,0,90,3,No
EMP1593,2024-11-21,3,4,5,81,2,No
EMP1593,2025-11-21,4,3,14,110,3,No
EMP1594,2022-03-15,3,2,0,88,3,No
EMP1594,2023-03-15,3,2,18,74,3,No
EMP1594,2024-03-14,4,2,17,91,3,No
EMP1594,2025-03-14,4,3,9,93,4,No
EMP1594,2026-03-14,4,1,17,94,3,No
EMP1595,2023-11-29,5,3,3,104,5,Yes
EMP1595,2024-11-28,4,2,13,110,3,No
EMP1595,2025-11-28,4,4,3,88,4,No
EMP1596,2026-08-08,3,4,5,70,2,No
EMP1597,2022-02-27,2,5,14,92,1,No
EMP1597,2023-02-27,2,5,16,89,2,No
EMP1597,2024-02-27,2,5,0,91,1,No
EMP1597,2025-02-26,2,5,28,78,2,No
EMP1597,2026-02-26,2,4,0,106,1,No
EMP1598,2021-10-11,3,2,2,90,2,No
EMP1598,2022-10-11,3,1,24,80,2,No
EMP1598,2023-10-11,3,3,8,86,3,No
EMP1598,2024-10-10,3,1,0,96,2,No
EMP1600,2026-01-18,1,2,35,73,1,No
EMP1601,2022-12-06,2,3,7,67,1,No
EMP1601,2023-12-06,1,4,0,75,1,No
EMP1601,2024-12-05,1,3,12,50,1,No
EMP1601,2025-12-05,2,4,13,100,2,No
EMP1602,2026-01-23,4,1,54,110,3,No
EMP1603,2023-08-23,1,5,18,74,1,No
EMP1603,2024-08-22,2,3,2,77,1,No
EMP1603,2025-08-22,2,3,0,63,1,No
EMP1603,2026-08-22,1,3,3,67,1,No
EMP1604,2022-11-20,3,3,13,87,3,No
EMP1604,2023-11-20,1,4,12,81,1,No
EMP1604,2024-11-19,2,4,1,92,1,No
EMP1604,2025-11-19,2,2,1,74,2,No
EMP1605,2022-04-15,1,3,3,87,1,No
EMP1605,2023-04-15,2,4,0,85,1,No
EMP1605,2024-04-14,2,4,0,88,1,No
EMP1605,2025-04-14,1,4,8,68,1,No
EMP1605,2026-04-14,2,3,0,84,1,No
EMP1606,2023-07-19,2,4,6,85,2,No
EMP1606,2024-07-18,2,4,27,87,1,No
EMP1606,2025-07-18,2,4,0,75,1,No
EMP1606,2026-07-18,1,5,1,70,1,No
EMP1607,2024-06-14,3,4,33,96,3,No
EMP1607,2025-06-14,3,4,17,105,2,No
EMP1608,2024-02-05,2,5,1,75,2,No
EMP1608,2025-02-04,1,5,2,72,1,No
EMP1608,2026-02-04,1,5,22,89,1,No
EMP1609,2025-03-12,4,3,26,108,4,No
EMP1609,2026-03-12,4,2,28,105,4,Yes
EMP1610,2024-04-19,4,1,10,100,3,No
EMP1610,2025-04-19,5,1,9,92,4,Yes
EMP1610,2026-04-19,4,1,28,85,3,No
EMP1611,2021-03-14,3,1,0,101,3,No
EMP1611,2022-03-14,3,3,5,96,2,No
EMP1611,2023-03-14,3,3,20,84,3,No
EMP1611,2024-03-13,4,1,5,110,4,Yes
EMP1611,2025-03-13,4,1,14,109,3,No
EMP1611,2026-03-13,3,2,7,97,2,No
EMP1612,2022-07-20,1,4,10,97,1,No
EMP1612,2023-07-20,3,3,0,93,3,No
EMP1612,2024-07-19,3,4,15,93,3,No
EMP1612,2025-07-19,2,4,8,70,1,No
EMP1612,2026-07-19,2,3,0,72,2,No
EMP1613,2023-09-19,3,1,25,85,3,No
EMP1613,2024-09-18,3,1,16,100,3,No
EMP1613,2025-09-18,3,2,14,82,2,No
EMP1614,2023-11-21,3,1,0,81,3,No
EMP1614,2024-11-20,2,1,12,94,2,No
EMP1614,2025-11-20,3,1,32,97,2,No
EMP1616,2021-02-06,3,1,39,99,2,No
EMP1617,2025-08-13,3,2,2,110,2,No
EMP1617,2026-08-13,3,3,33,108,3,No
EMP1618,2024-03-06,3,3,0,84,2,No
EMP1618,2025-03-06,3,3,6,95,2,No
EMP1618,2026-03-06,2,3,16,82,1,No
EMP1619,2024-05-19,4,4,24,101,4,No
EMP1619,2025-05-19,5,2,5,108,5,No
EMP1619,2026-05-19,5,3,17,93,3,No
EMP1620,2026-08-08,5,5,19,103,5,Yes
EMP1621,2026-08-03,3,5,39,81,2,No
EMP1622,2022-11-08,1,1,6,69,1,No
EMP1622,2023-11-08,2,2,7,84,2,No
EMP1622,2024-11-07,3,1,11,106,3,No
EMP1622,2025-11-07,3,2,9,86,2,No
EMP1623,2024-11-27,3,2,5,106,2,No
EMP1623,2025-11-27,2,3,1,65,2,No
EMP1624,2021-08-04,3,2,0,105,3,No
EMP1624,2022-08-04,5,1,0,107,5,No
EMP1624,2023-08-04,3,1,0,92,2,No
EMP1624,2024-08-03,4,2,9,110,3,No
EMP1624,2025-08-03,4,1,4,81,5,No
EMP1624,2026-08-03,5,1,0,97,3,No
EMP1625,2025-05-04,1,3,33,100,1,No
EMP1626,2023-11-05,4,5,28,98,3,No
EMP1626,2024-11-04,5,4,32,110,4,No
EMP1626,2025-11-04,4,4,23,84,3,No
EMP1627,2021-09-29,4,3,10,101,3,No
EMP1627,2022-09-29,3,2,17,102,3,No
EMP1627,2023-09-29,5,3,0,110,4,Yes
EMP1628,2026-07-09,2,1,50,75,1,No
EMP1629,2023-11-09,3,5,40,87,3,No
EMP1630,2022-06-15,4,1,3,74,4,No
EMP1630,2023-06-15,5,1,13,96,4,Yes
EMP1630,2024-06-14,5,1,12,94,5,No
EMP1630,2025-06-14,5,1,0,86,4,No
EMP1630,2026-06-14,4,1,0,90,3,No
EMP1631,2021-12-14,3,2,5,94,2,No
EMP1631,2022-12-14,3,2,4,96,3,No
EMP1631,2023-12-14,3,3,12,97,3,No
EMP1631,2024-12-13,2,2,8,79,2,No
EMP1631,2025-12-13,3,1,2,93,3,No
EMP1632,2021-12-22,2,3,6,75,2,No
EMP1633,2022-11-01,4,1,6,92,4,No
EMP1633,2023-11-01,5,1,0,84,5,No
EMP1633,2024-10-31,5,1,0,96,5,No
EMP1633,2025-10-31,5,1,11,99,5,No
EMP1634,2024-11-14,3,2,47,70,2,No
EMP1635,2022-04-28,2,1,0,67,1,No
EMP1635,2023-04-28,1,1,7,62,1,No
EMP1635,2024-04-27,2,1,0,95,2,No
EMP1635,2025-04-27,1,1,6,74,1,No
EMP1635,2026-04-27,2,1,0,102,2,No
EMP1636,2024-01-23,4,4,9,100,3,No
EMP1636,2025-01-22,4,2,0,87,4,No
EMP1636,2026-01-22,4,2,0,97,3,No
EMP1637,2026-08-08,3,3,42,89,2,No
EMP1638,2021-05-08,3,4,0,103,3,No
EMP1638,2022-05-08,3,3,6,96,3,No
EMP1638,2023-05-08,3,4,0,85,3,No
EMP1638,2024-05-07,3,3,4,89,3,No
EMP1638,2025-05-07,4,3,0,96,3,No
EMP1638,2026-05-07,3,4,7,99,3,No
EMP1639,2026-01-22,4,3,57,87,4,No
EMP1640,2026-07-17,2,2,29,70,1,No
EMP1641,2025-12-13,3,3,0,84,3,No
EMP1642,2023-12-17,2,2,43,82,2,No
EMP1643,2024-07-20,5,3,14,89,5,No
EMP1643,2025-07-20,4,3,9,66,3,No
EMP1643,2026-07-20,5,4,13,109,5,No
EMP1644,2024-05-07,2,2,17,49,1,No
EMP1644,2025-05-07,1,1,4,88,1,No
EMP1644,2026-05-07,1,1,21,68,1,No
EMP1645,2023-08-09,2,2,11,75,1,No
EMP1645,2024-08-08,2,2,2,96,2,No
EMP1645,2025-08-08,2,2,0,90,2,No
EMP1645,2026-08-08,2,2,11,71,1,No
EMP1646,2022-06-08,3,2,11,92,3,No
EMP1647,2025-09-19,2,3,54,83,1,No
EMP1648,2024-06-19,3,2,7,95,1,No
EMP1648,2025-06-19,4,2,17,92,5,Yes
EMP1648,2026-06-19,3,1,10,87,1,No
EMP1649,2025-10-04,2,2,37,87,1,No
EMP1650,2023-01-02,3,2,9,89,2,No
EMP1650,2024-01-02,2,2,9,92,2,No
EMP1650,2025-01-01,2,2,3,70,1,No
EMP1650,2026-01-01,3,2,0,106,3,No
EMP1651,2025-03-31,3,1,0,110,3,No
EMP1651,2026-03-31,2,1,7,66,1,No
EMP1652,2024-11-09,5,2,0,92,4,Yes
EMP1652,2025-11-09,3,3,25,93,2,No
EMP1653,2024-02-25,5,2,29,110,4,No
EMP1653,2025-02-24,4,3,12,107,4,No
EMP1653,2026-02-24,4,2,3,110,3,Yes
EMP1654,2023-05-21,3,1,29,86,2,No
EMP1654,2024-05-20,3,1,18,85,3,No
EMP1654,2025-05-20,2,1,25,102,2,No
EMP1655,2023-11-27,4,2,21,101,4,No
EMP1655,2024-11-26,2,1,28,71,2,No
EMP1655,2025-11-26,2,2,17,78,1,No
EMP1656,2023-01-14,3,1,50,99,2,No
EMP1657,2026-02-05,3,2,24,106,3,No
EMP1658,2024-11-06,4,3,41,92,4,No
EMP1658,2025-11-06,4,3,40,91,3,No
EMP1659,2024-01-11,1,4,18,97,1,No
EMP1659,2025-01-10,2,5,15,64,1,No
EMP1659,2026-01-10,1,4,10,58,1,No
EMP1660,2022-10-11,5,3,0,110,3,No
EMP1660,2023-10-11,4,3,10,83,4,Yes
EMP1660,2024-10-10,5,2,18,96,5,No
EMP1660,2025-10-10,5,2,11,107,4,No
EMP1661,2026-08-08,2,3,38,99,2,No
EMP1662,2022-04-03,3,1,11,90,3,No
EMP1662,2023-04-03,3,1,0,80,2,No
EMP1662,2024-04-02,2,2,8,86,2,No
EMP1662,2025-04-02,3,1,12,76,3,No
EMP1662,2026-04-02,3,3,0,102,3,No
EMP1663,2023-05-15,2,4,12,77,1,No
EMP1663,2024-05-14,3,4,10,107,3,No
EMP1663,2025-05-14,3,4,13,91,2,No
EMP1663,2026-05-14,3,5,10,97,2,No
EMP1664,2023-07-16,2,2,32,94,1,No
EMP1665,2024-12-08,4,1,36,110,4,Yes
EMP1667,2025-05-28,3,4,7,82,2,No
EMP1667,2026-05-28,3,4,23,102,3,No
EMP1668,2026-08-08,3,4,66,73,3,No
EMP1669,2022-08-13,3,3,0,105,2,No
EMP1669,2023-08-13,2,4,8,71,1,No
EMP1669,2024-08-12,3,4,14,90,2,No
EMP1669,2025-08-12,3,2,3,97,2,No
EMP1669,2026-08-12,3,4,0,93,2,No
EMP1671,2022-08-05,2,3,0,83,2,No
EMP1671,2023-08-05,3,3,16,87,4,No
EMP1671,2024-08-04,3,4,12,92,2,No
EMP1671,2025-08-04,3,3,19,110,2,No
EMP1671,2026-08-04,3,3,15,96,3,No
EMP1672,2024-05-15,2,2,8,87,1,No
EMP1672,2025-05-15,3,1,13,99,3,No
EMP1672,2026-05-15,2,2,28,83,2,No
EMP1673,2026-08-08,4,3,51,103,4,No
EMP1674,2022-02-11,5,2,0,110,5,No
EMP1674,2023-02-11,4,1,0,110,3,No
EMP1674,2024-02-11,5,2,0,96,5,No
EMP1674,2025-02-10,5,1,0,110,5,No
EMP1674,2026-02-10,4,1,0,109,3,No
EMP1676,2022-07-26,5,1,5,95,4,No
EMP1676,2023-07-26,5,2,2,100,4,Yes
EMP1676,2024-07-25,4,1,0,97,4,Yes
EMP1678,2023-01-04,2,1,5,77,2,No
EMP1678,2024-01-04,3,1,15,102,3,No
EMP1678,2025-01-03,3,1,16,81,3,No
EMP1678,2026-01-03,2,1,9,109,1,No
EMP1679,2021-08-10,3,1,13,97,3,No
EMP1679,2022-08-10,2,1,41,79,1,No
EMP1680,2024-04-13,3,2,22,88,3,No
EMP1681,2024-08-22,2,4,20,94,2,No
EMP1681,2025-08-22,3,5,0,94,3,No
EMP1681,2026-08-22,3,5,20,91,2,No
EMP1682,2025-11-25,3,5,0,80,3,No
EMP1683,2022-03-01,2,1,6,72,1,No
EMP1683,2023-03-01,1,1,0,81,1,No
EMP1683,2024-02-29,1,1,0,76,1,No
EMP1683,2025-02-28,1,1,0,73,2,No
EMP1683,2026-02-28,3,1,10,92,2,No
EMP1684,2021-08-15,3,5,0,98,3,No
EMP1684,2022-08-15,2,5,10,81,2,No
EMP1684,2023-08-15,2,3,14,96,2,No
EMP1684,2024-08-14,2,5,0,86,2,No
EMP1684,2025-08-14,2,4,2,95,1,No
EMP1684,2026-08-14,4,4,12,101,4,No
EMP1685,2025-10-25,3,5,20,86,3,No
EMP1686,2026-07-18,5,2,19,105,4,No
EMP1687,2026-06-03,4,4,13,83,3,No
EMP1688,2023-10-18,1,2,11,107,1,No
EMP1688,2024-10-17,1,3,0,78,1,No
EMP1688,2025-10-17,2,2,28,94,2,No
EMP1689,2022-01-11,2,3,17,83,2,No
EMP1689,2023-01-11,2,2,7,69,1,No
EMP1689,2024-01-11,2,2,5,89,2,No
EMP1689,2025-01-10,2,1,22,81,2,No
EMP1689,2026-01-10,2,2,0,110,2,No
EMP1691,2024-10-22,5,1,1,92,5,No
EMP1692,2021-04-12,3,1,45,90,3,No
EMP1693,2024-12-12,1,2,12,69,1,No
EMP1693,2025-12-12,2,3,21,79,1,No
EMP1694,2024-02-26,4,3,0,99,4,No
EMP1694,2025-02-25,4,2,0,109,4,No
EMP1694,2026-02-25,4,3,0,110,3,No
EMP1695,2022-12-30,4,5,14,102,3,No
EMP1695,2023-12-30,4,4,22,88,3,No
EMP1695,2024-12-29,4,4,26,95,3,No
EMP1695,2025-12-29,3,5,11,105,2,No
EMP1696,2024-07-09,3,3,13,84,3,No
EMP1696,2025-07-09,3,2,20,104,3,No
EMP1696,2026-07-09,3,3,0,76,1,No
EMP1697,2023-08-06,2,3,0,73,2,No
EMP1697,2024-08-05,3,2,0,110,2,No
EMP1697,2025-08-05,1,2,2,56,2,No
EMP1697,2026-08-05,2,2,0,70,2,No
EMP1698,2023-06-04,4,1,6,110,4,No
EMP1698,2024-06-03,4,2,0,78,3,No
EMP1699,2023-10-16,2,3,1,64,1,No
EMP1699,2024-10-15,1,2,0,77,1,No
EMP1699,2025-10-15,2,3,9,110,2,No
EMP1700,2022-05-04,1,3,12,83,1,No
EMP1700,2023-05-04,1,2,5,66,1,No
EMP1700,2024-05-03,1,2,2,78,1,No
EMP1700,2025-05-03,2,1,8,90,2,No
EMP1700,2026-05-03,1,2,0,75,1,No
EMP1701,2025-01-26,3,1,10,92,3,No
EMP1702,2020-10-02,3,1,18,103,2,No
EMP1704,2025-12-14,3,4,55,85,2,No
EMP1705,2025-09-12,2,2,8,92,1,No
EMP1706,2023-07-10,3,4,11,64,3,No
EMP1706,2024-07-09,3,4,24,97,3,No
EMP1706,2025-07-09,3,4,3,81,2,No
EMP1706,2026-07-09,3,3,24,101,2,No
EMP1707,2022-07-22,2,2,2,98,2,No
EMP1707,2023-07-22,3,3,10,82,3,No
EMP1707,2024-07-21,2,2,0,71,1,No
EMP1707,2025-07-21,3,3,0,90,3,No
EMP1707,2026-07-21,1,2,1,73,1,No
EMP1708,2021-03-28,3,1,5,95,2,No
EMP1708,2022-03-28,3,2,14,87,2,No
EMP1708,2023-03-28,3,1,1,90,3,No
EMP1708,2024-03-27,4,1,11,110,4,No
EMP1708,2025-03-27,4,1,9,110,4,No
EMP1708,2026-03-27,3,1,12,87,3,No
EMP1709,2021-06-04,3,1,0,100,3,No
EMP1709,2022-06-04,3,1,8,92,3,No
EMP1709,2023-06-04,3,2,10,96,2,No
EMP1709,2024-06-03,3,2,0,70,3,No
EMP1709,2025-06-03,3,1,0,110,3,No
EMP1709,2026-06-03,3,2,4,84,2,No
EMP1710,2022-10-07,2,4,1,73,1,No
EMP1710,2023-10-07,2,4,0,86,1,No
EMP1710,2024-10-06,1,3,13,79,1,No
EMP1710,2025-10-06,1,3,14,73,1,No
EMP1711,2023-11-17,5,2,28,110,5,No
EMP1711,2024-11-16,5,1,10,100,4,No
EMP1711,2025-11-16,4,2,20,95,4,No
EMP1714,2023-09-06,3,2,16,66,3,No
EMP1714,2024-09-05,3,3,11,75,3,No
EMP1714,2025-09-05,4,1,1,107,4,No
EMP1715,2025-06-06,4,3,29,103,4,No
EMP1717,2024-09-26,3,4,0,110,3,No
EMP1717,2025-09-26,3,4,10,95,2,No
EMP1718,2026-08-08,5,3,99,103,4,No
EMP1719,2022-04-23,3,4,22,93,2,No
EMP1719,2023-04-23,3,4,0,105,2,No
EMP1719,2024-04-22,4,4,24,110,4,No
EMP1719,2025-04-22,3,3,1,83,3,No
EMP1719,2026-04-22,3,2,11,89,3,No
EMP1720,2023-12-02,4,3,21,93,4,No
EMP1720,2024-12-01,4,3,11,97,3,No
EMP1720,2025-12-01,4,4,25,104,4,No
EMP1721,2022-08-05,4,2,0,107,4,No
EMP1721,2023-08-05,5,2,21,110,5,No
EMP1721,2024-08-04,4,3,30,108,4,Yes
EMP1721,2025-08-04,3,2,25,110,2,No
EMP1721,2026-08-04,4,2,10,110,4,Yes
EMP1722,2021-05-10,2,3,5,97,2,No
EMP1722,2022-05-10,2,3,7,87,1,No
EMP1722,2023-05-10,4,3,19,101,3,No
EMP1722,2024-05-09,3,2,16,82,3,No
EMP1722,2025-05-09,2,3,12,86,2,No
EMP1722,2026-05-09,1,1,18,93,1,No
EMP1723,2024-11-20,1,3,26,80,1,No
EMP1724,2022-07-07,3,3,17,104,3,No
EMP1725,2025-09-28,3,2,85,78,2,No
EMP1726,2026-01-10,3,4,58,97,3,No
EMP1727,2023-07-03,4,3,6,97,3,No
EMP1727,2024-07-02,4,4,8,106,4,No
EMP1727,2025-07-02,3,4,2,99,2,No
EMP1727,2026-07-02,4,3,0,95,3,No
EMP1728,2021-03-05,1,3,11,67,1,No
EMP1728,2022-03-05,1,2,2,93,1,No
EMP1728,2023-03-05,1,3,3,74,1,No
EMP1728,2024-03-04,1,4,0,51,1,No
EMP1728,2025-03-04,1,3,14,71,1,No
EMP1728,2026-03-04,1,3,0,92,1,No
EMP1729,2025-03-23,4,3,13,110,4,Yes
EMP1729,2026-03-23,3,3,31,99,2,No
EMP1730,2023-04-12,5,1,11,103,4,No
EMP1730,2024-04-11,4,1,2,87,4,No
EMP1730,2025-04-11,5,2,8,110,4,No
EMP1730,2026-04-11,5,2,2,103,5,No
EMP1731,2025-08-13,3,1,9,79,2,No
EMP1731,2026-08-13,4,2,13,106,4,No
EMP1732,2024-06-28,2,2,13,81,2,No
EMP1732,2025-06-28,1,2,12,79,1,No
EMP1732,2026-06-28,3,1,16,84,4,No
EMP1733,2026-06-29,4,2,39,98,3,No
EMP1734,2021-03-25,2,3,7,79,1,No
EMP1734,2022-03-25,1,4,14,84,1,No
EMP1734,2023-03-25,2,2,16,62,1,No
EMP1734,2024-03-24,3,3,0,76,3,No
EMP1734,2025-03-24,3,4,0,69,2,No
EMP1734,2026-03-24,3,2,10,108,2,No
EMP1735,2025-11-18,4,3,31,102,4,No
EMP1736,2024-03-01,3,3,21,80,2,No
EMP1737,2021-01-26,2,2,0,91,2,No
EMP1737,2022-01-26,3,3,12,65,2,No
EMP1737,2023-01-26,2,2,0,85,2,No
EMP1737,2024-01-26,2,2,11,62,2,No
EMP1738,2026-08-08,3,1,41,82,2,No
EMP1740,2022-11-07,3,3,10,85,2,No
EMP1740,2023-11-07,2,2,0,96,1,No
EMP1740,2024-11-06,2,2,11,94,2,No
EMP1740,2025-11-06,3,3,0,82,3,No
EMP1741,2021-05-21,2,3,0,84,2,No
EMP1741,2022-05-21,3,3,1,100,3,No
EMP1741,2023-05-21,2,2,0,79,1,No
EMP1741,2024-05-20,2,3,19,80,1,No
EMP1741,2025-05-20,2,2,7,69,1,No
EMP1741,2026-05-20,3,2,0,62,2,No
EMP1742,2026-03-25,4,2,36,91,3,No
EMP1743,2021-12-10,1,2,19,76,1,No
EMP1743,2022-12-10,1,3,14,76,1,No
EMP1743,2023-12-10,1,2,4,96,1,No
EMP1744,2023-12-16,2,3,10,77,1,No
EMP1744,2024-12-15,3,5,9,88,3,No
EMP1744,2025-12-15,3,4,0,76,3,No
EMP1745,2023-04-19,2,4,0,79,2,No
EMP1745,2024-04-18,3,3,3,87,4,No
EMP1745,2025-04-18,2,3,0,74,2,No
EMP1745,2026-04-18,3,3,0,89,2,No
EMP1746,2025-10-20,2,4,58,87,2,No
EMP1747,2022-10-04,3,3,9,92,3,No
EMP1747,2023-10-04,3,4,1,105,2,No
EMP1747,2024-10-03,3,4,9,72,2,No
EMP1747,2025-10-03,3,2,4,78,3,No
EMP1748,2026-05-26,2,2,22,66,2,No
EMP1749,2021-12-03,1,1,0,66,1,No
EMP1749,2022-12-03,1,1,23,80,1,No
EMP1749,2023-12-03,2,1,0,79,2,No
EMP1749,2024-12-02,1,1,0,59,1,No
EMP1749,2025-12-02,2,1,18,79,2,No
EMP1750,2025-04-27,4,5,21,104,3,No
EMP1750,2026-04-27,3,3,32,92,3,No
EMP1751,2025-02-06,1,1,38,96,1,No
EMP1751,2026-02-06,2,2,23,107,2,No
EMP1752,2023-04-07,1,2,0,67,1,No
EMP1752,2024-04-06,1,3,1,94,1,No
EMP1752,2025-04-06,1,3,0,57,1,No
EMP1752,2026-04-06,2,2,0,74,2,No
EMP1753,2024-07-24,3,3,15,95,3,No
EMP1753,2025-07-24,2,2,0,51,2,No
EMP1753,2026-07-24,3,3,21,92,3,No
EMP1754,2022-04-13,3,3,23,104,3,No
EMP1754,2023-04-13,3,4,13,73,2,No
EMP1754,2024-04-12,2,3,14,59,1,No
EMP1754,2025-04-12,3,4,10,86,3,No
EMP1754,2026-04-12,3,3,15,94,2,No
EMP1755,2022-03-05,2,3,9,72,2,No
EMP1755,2023-03-05,2,3,5,78,2,No
EMP1755,2024-03-04,3,2,0,90,3,No
EMP1755,2025-03-04,3,3,19,91,2,No
EMP1755,2026-03-04,3,2,8,78,3,No
EMP1756,2021-01-28,3,3,11,88,3,No
EMP1756,2022-01-28,3,4,14,84,3,No
EMP1756,2023-01-28,3,3,25,102,3,No
EMP1756,2024-01-28,3,3,14,86,3,No
EMP1756,2025-01-27,3,3,0,84,2,No
EMP1756,2026-01-27,4,4,13,80,4,No
EMP1757,2024-07-03,4,3,20,93,4,No
EMP1757,2025-07-03,4,2,32,96,4,No
EMP1757,2026-07-03,4,2,22,87,3,No
EMP1758,2024-11-20,4,3,16,110,3,No
EMP1758,2025-11-20,4,4,4,92,4,No
EMP1759,2025-04-15,2,3,2,58,1,No
EMP1759,2026-04-15,1,3,6,83,1,No
EMP1760,2025-12-20,2,3,60,89,2,No
EMP1761,2022-01-02,5,3,0,110,4,No
EMP1761,2023-01-02,5,3,7,110,4,No
EMP1761,2024-01-02,3,3,27,77,2,No
EMP1761,2025-01-01,5,4,8,107,5,Yes
EMP1762,2022-07-10,4,2,0,100,3,No
EMP1762,2023-07-10,4,3,0,90,3,No
EMP1763,2023-08-05,3,4,18,107,2,No
EMP1763,2024-08-04,2,1,10,110,2,No
EMP1763,2025-08-04,3,3,6,67,3,No
EMP1763,2026-08-04,3,4,7,110,2,No
EMP1764,2021-02-14,3,3,21,97,3,No
EMP1764,2022-02-14,5,3,2,77,4,No
EMP1764,2023-02-14,5,3,0,97,4,No
EMP1764,2024-02-14,4,2,8,94,4,No
EMP1764,2025-02-13,5,3,10,108,4,No
EMP1764,2026-02-13,4,2,4,81,4,Yes
EMP1765,2024-06-06,4,1,0,97,4,No
EMP1766,2022-08-18,4,3,8,108,4,No
EMP1766,2023-08-18,4,3,16,104,4,No
EMP1766,2024-08-17,4,3,9,86,4,No
EMP1766,2025-08-17,4,4,11,110,4,No
EMP1766,2026-08-17,4,3,13,110,3,No
EMP1767,2026-07-23,4,2,47,97,3,No
EMP1768,2021-05-27,5,2,9,110,5,No
EMP1768,2022-05-27,4,2,10,92,3,No
EMP1768,2023-05-27,4,3,13,101,3,No
EMP1768,2024-05-26,4,3,0,93,3,Yes
EMP1768,2025-05-26,5,3,17,95,4,Yes
EMP1768,2026-05-26,3,3,6,82,2,No
EMP1769,2023-12-01,2,4,16,102,1,No
EMP1769,2024-11-30,3,4,0,106,3,No
EMP1769,2025-11-30,2,4,15,79,1,No
EMP1770,2022-01-26,4,2,15,110,3,No
EMP1770,2023-01-26,4,1,7,92,3,No
EMP1770,2024-01-26,4,2,5,85,3,No
EMP1770,2025-01-25,4,2,1,99,3,No
EMP1770,2026-01-25,4,2,13,110,4,No
EMP1771,2022-07-15,1,1,10,90,1,No
EMP1771,2023-07-15,1,2,6,90,1,No
EMP1771,2024-07-14,1,1,3,87,1,No
EMP1771,2025-07-14,1,2,0,72,1,No
EMP1771,2026-07-14,1,1,1,67,2,No
EMP1772,2025-01-31,3,5,10,78,2,No
EMP1772,2026-01-31,4,4,7,95,4,No
EMP1773,2025-07-18,1,3,7,53,1,No
EMP1773,2026-07-18,1,3,20,69,1,No
EMP1774,2021-05-19,4,1,0,92,4,No
EMP1775,2024-12-09,3,2,0,77,2,No
EMP1775,2025-12-09,3,3,0,102,3,No
EMP1776,2022-06-15,2,2,9,103,1,No
EMP1776,2023-06-15,2,1,36,84,2,No
EMP1776,2024-06-14,3,2,31,103,3,No
EMP1776,2025-06-14,3,2,4,80,3,No
EMP1776,2026-06-14,2,1,10,90,2,No
EMP1777,2024-02-18,3,2,19,92,2,No
EMP1777,2025-02-17,2,2,12,93,1,No
EMP1777,2026-02-17,2,3,1,88,1,No
EMP1778,2024-11-10,2,3,9,81,1,No
EMP1778,2025-11-10,2,3,5,79,2,No
EMP1780,2022-09-23,3,1,18,89,3,No
EMP1782,2025-01-30,3,2,43,97,3,No
EMP1782,2026-01-30,3,2,34,92,3,No
EMP1783,2024-06-22,2,3,7,79,2,No
EMP1783,2025-06-22,3,2,0,107,3,No
EMP1783,2026-06-22,3,3,0,83,3,No
EMP1784,2026-08-08,3,4,42,89,3,No
EMP1785,2023-08-22,4,2,22,91,4,No
EMP1785,2024-08-21,4,1,27,86,4,Yes
EMP1785,2025-08-21,4,1,7,110,3,No
EMP1785,2026-08-21,4,1,15,90,3,No
EMP1786,2025-12-30,4,1,13,100,4,No
EMP1787,2026-08-08,1,4,30,84,1,No
EMP1788,2024-04-25,5,4,24,110,5,No
EMP1788,2025-04-25,5,3,14,110,4,No
EMP1788,2026-04-25,5,3,0,96,5,No
EMP1789,2024-02-26,5,1,29,108,4,No
EMP1789,2025-02-25,5,2,31,105,5,No
EMP1789,2026-02-25,5,2,18,101,4,Yes
EMP1790,2021-06-08,1,1,4,92,1,No
EMP1790,2022-06-08,2,2,0,67,2,No
EMP1790,2023-06-08,2,1,6,101,1,No
EMP1790,2024-06-07,2,1,0,65,2,No
EMP1790,2025-06-07,1,2,0,105,1,No
EMP1790,2026-06-07,1,3,4,82,1,No
EMP1791,2022-03-03,3,2,13,109,3,No
EMP1791,2023-03-03,2,2,0,97,2,No
EMP1791,2024-03-02,2,3,22,79,1,No
EMP1791,2025-03-02,2,3,10,77,2,No
EMP1791,2026-03-02,1,2,0,78,1,No
EMP1792,2021-11-03,3,4,0,83,2,No
EMP1792,2022-11-03,3,2,5,83,3,No
EMP1792,2023-11-03,4,4,11,87,3,No
EMP1792,2024-11-02,3,3,0,88,2,No
EMP1792,2025-11-02,3,3,12,97,3,No
EMP1793,2022-11-07,3,3,2,110,3,No
EMP1793,2023-11-07,3,3,22,108,2,No
EMP1793,2024-11-06,2,3,0,70,1,No
EMP1793,2025-11-06,3,1,16,75,4,No
EMP1794,2021-09-04,4,2,18,83,4,Yes
EMP1794,2022-09-04,5,2,26,101,4,No
EMP1794,2023-09-04,4,2,8,87,4,No
EMP1794,2024-09-03,4,3,1,110,5,No
EMP1794,2025-09-03,4,3,11,110,4,No
EMP1795,2022-06-02,3,4,0,80,2,No
EMP1795,2023-06-02,1,3,14,69,1,No
EMP1795,2024-06-01,2,4,4,58,2,No
EMP1795,2025-06-01,4,4,0,72,4,No
EMP1795,2026-06-01,3,4,0,108,3,No
EMP1796,2021-10-04,3,2,12,103,2,No
EMP1796,2022-10-04,2,3,3,72,1,No
EMP1796,2023-10-04,3,2,4,86,2,No
EMP1796,2024-10-03,3,3,0,91,3,No
EMP1796,2025-10-03,4,3,0,94,4,No
EMP1797,2023-09-16,4,3,0,90,3,No
EMP1797,2024-09-15,3,1,0,77,2,No
EMP1797,2025-09-15,3,1,7,89,2,No
EMP1798,2025-07-12,4,2,52,92,4,No
EMP1798,2026-07-12,4,2,24,106,5,No
EMP1799,2026-08-08,4,4,5,98,4,No
EMP1800,2026-08-08,3,2,19,75,3,No
EMP1801,2022-11-05,2,5,10,78,1,No
EMP1801,2023-11-05,3,4,23,86,3,No
EMP1801,2024-11-04,2,3,0,87,2,No
EMP1801,2025-11-04,3,4,0,99,2,No
EMP1802,2025-08-18,3,2,13,73,2,No
EMP1802,2026-08-18,4,3,0,109,4,No
EMP1803,2023-11-04,5,5,19,110,4,No
EMP1803,2024-11-03,2,4,33,53,1,No
EMP1803,2025-11-03,4,3,31,100,4,No
EMP1804,2023-02-03,3,3,5,104,2,No
EMP1804,2024-02-03,3,2,18,107,3,No
EMP1804,2025-02-02,3,4,0,89,3,No
EMP1804,2026-02-02,4,4,0,98,5,No
EMP1805,2025-08-19,4,3,6,88,4,Yes
EMP1805,2026-08-19,4,1,6,94,4,No
EMP1806,2023-03-07,4,1,15,95,3,No
EMP1807,2026-05-26,2,5,41,68,2,No
EMP1808,2022-10-26,1,1,0,65,1,No
EMP1808,2023-10-26,2,1,1,93,2,No
EMP1808,2024-10-25,2,1,8,109,1,No
EMP1808,2025-10-25,1,1,0,57,1,No
EMP1810,2026-08-08,5,4,34,99,5,Yes
EMP1811,2024-11-11,3,4,2,85,2,No
EMP1811,2025-11-11,4,4,5,100,4,No
EMP1812,2022-01-18,5,2,0,110,4,Yes
EMP1812,2023-01-18,4,3,3,95,4,No
EMP1812,2024-01-18,5,1,5,110,3,No
EMP1812,2025-01-17,4,3,1,106,3,No
EMP1812,2026-01-17,5,3,7,110,4,No
EMP1814,2025-05-09,3,1,39,100,3,No
EMP1814,2026-05-09,2,2,35,72,2,No
EMP1815,2026-04-18,5,4,29,107,4,No
EMP1816,2023-04-01,5,3,10,110,5,No
EMP1816,2024-03-31,4,4,0,102,3,No
EMP1816,2025-03-31,5,4,1,109,4,Yes
EMP1817,2022-02-20,3,1,12,110,3,No
EMP1817,2023-02-20,4,1,0,93,4,No
EMP1817,2024-02-20,4,1,0,78,3,No
EMP1817,2025-02-19,2,1,0,96,1,No
EMP1818,2024-02-27,3,4,7,82,2,No
EMP1818,2025-02-26,3,4,9,66,3,No
EMP1819,2025-08-17,2,4,26,85,1,No
EMP1819,2026-08-17,2,4,11,80,2,No
EMP1820,2022-07-23,2,1,32,82,1,No
EMP1821,2021-11-05,4,1,0,93,2,No
EMP1821,2022-11-05,4,2,3,90,2,No
EMP1821,2023-11-05,4,2,0,96,4,No
EMP1822,2022-04-08,3,2,1,96,2,No
EMP1823,2024-07-09,3,3,19,99,2,No
EMP1823,2025-07-09,2,4,12,80,2,No
EMP1823,2026-07-09,2,3,33,79,2,No
EMP1824,2021-04-03,3,1,0,110,4,No
EMP1824,2022-04-03,2,1,12,84,2,No
EMP1824,2023-04-03,2,1,7,95,2,No
EMP1824,2024-04-02,3,2,0,88,2,No
EMP1824,2025-04-02,2,1,8,79,1,No
EMP1824,2026-04-02,2,1,0,88,1,No
EMP1826,2024-04-25,2,4,25,100,2,No
EMP1826,2025-04-25,2,2,0,74,2,No
EMP1826,2026-04-25,2,2,14,77,2,No
EMP1827,2025-11-04,4,2,21,77,3,No
EMP1829,2022-10-28,3,5,5,83,3,No
EMP1829,2023-10-28,2,5,3,94,1,No
EMP1829,2024-10-27,2,5,2,95,2,No
EMP1829,2025-10-27,2,5,0,86,2,No
EMP1830,2022-07-14,1,3,2,70,1,No
EMP1830,2023-07-14,1,2,0,83,1,No
EMP1830,2024-07-13,1,3,0,76,1,No
EMP1830,2025-07-13,1,1,12,78,1,No
EMP1830,2026-07-13,1,2,8,75,1,No
EMP1831,2026-05-21,4,3,50,110,4,No
EMP1832,2021-04-25,1,2,9,84,1,No
EMP1832,2022-04-25,1,2,0,74,1,No
EMP1832,2023-04-25,1,1,2,71,1,No
EMP1832,2024-04-24,1,2,0,90,1,No
EMP1834,2021-01-30,3,2,23,86,2,No
EMP1834,2022-01-30,4,2,0,104,3,Yes
EMP1834,2023-01-30,3,1,7,106,2,No
EMP1834,2024-01-30,3,2,2,93,2,No
EMP1834,2025-01-29,2,2,14,88,1,No
EMP1834,2026-01-29,3,2,0,95,2,No
EMP1835,2021-04-11,3,3,3,90,3,No
EMP1835,2022-04-11,2,2,24,87,2,No
EMP1837,2022-05-05,3,1,22,88,3,No
EMP1837,2023-05-05,2,1,30,110,2,No
EMP1837,2024-05-04,2,1,26,81,1,No
EMP1839,2021-03-05,2,1,0,68,2,No
EMP1839,2022-03-05,2,1,4,88,1,No
EMP1839,2023-03-05,3,1,14,90,2,No
EMP1839,2024-03-04,3,1,1,89,3,No
EMP1839,2025-03-04,3,1,0,87,2,No
EMP1839,2026-03-04,2,1,0,94,1,No
EMP1840,2025-06-06,4,3,0,80,4,No
EMP1840,2026-06-06,4,2,8,81,3,No
EMP1842,2026-04-03,1,1,0,97,1,No
EMP1843,2021-06-06,3,2,2,99,3,No
EMP1843,2022-06-06,4,1,21,78,4,No
EMP1843,2023-06-06,4,1,21,94,3,No
EMP1843,2024-06-05,4,3,0,92,4,No
EMP1843,2025-06-05,3,2,2,88,3,No
EMP1843,2026-06-05,3,2,25,80,2,No
EMP1844,2023-01-29,1,4,16,91,1,No
EMP1844,2024-01-29,2,4,1,75,2,No
EMP1844,2025-01-28,1,5,10,54,1,No
EMP1844,2026-01-28,1,5,8,68,1,No
EMP1845,2023-10-21,3,2,7,109,2,No
EMP1845,2024-10-20,3,2,0,93,2,No
EMP1845,2025-10-20,3,3,4,97,3,No
EMP1846,2024-02-01,5,1,30,100,5,No
EMP1846,2025-01-31,2,1,14,98,1,No
EMP1847,2024-02-24,1,3,35,79,1,No
EMP1848,2022-04-17,2,5,1,74,2,No
EMP1848,2023-04-17,4,5,0,110,5,No
EMP1848,2024-04-16,2,5,0,82,2,No
EMP1848,2025-04-16,2,5,0,60,2,No
EMP1848,2026-04-16,2,5,10,86,2,No
EMP1849,2023-12-13,1,4,21,74,1,No
EMP1849,2024-12-12,1,4,34,78,1,No
EMP1849,2025-12-12,1,2,3,80,1,No
EMP1850,2022-05-11,3,5,36,110,3,No
EMP1850,2023-05-11,4,5,30,110,3,No
EMP1851,2026-08-08,3,3,22,77,3,No
EMP1853,2025-06-10,1,1,18,77,1,No
EMP1853,2026-06-10,2,2,0,96,1,No
EMP1854,2021-10-05,2,1,0,88,1,No
EMP1854,2022-10-05,2,1,3,80,2,No
EMP1854,2023-10-05,2,2,20,90,1,No
EMP1854,2024-10-04,2,3,2,84,1,No
EMP1854,2025-10-04,3,3,28,74,2,No
EMP1856,2023-07-20,4,2,0,92,4,No
EMP1857,2023-08-18,1,2,2,94,1,No
EMP1857,2024-08-17,1,2,8,68,1,No
EMP1857,2025-08-17,1,2,8,65,1,No
EMP1857,2026-08-17,1,3,18,97,1,No
EMP1859,2026-08-08,4,4,11,102,4,Yes
EMP1860,2024-10-04,4,3,0,110,3,No
EMP1860,2025-10-04,4,4,0,110,3,No
EMP1861,2021-04-23,5,4,0,88,4,No
EMP1861,2022-04-23,5,3,0,99,5,No
EMP1861,2023-04-23,5,4,0,96,4,No
EMP1861,2024-04-22,5,3,0,102,4,No
EMP1861,2025-04-22,5,3,8,107,5,No
EMP1861,2026-04-22,5,3,5,109,5,No
EMP1862,2022-10-12,3,2,27,84,3,No
EMP1862,2023-10-12,3,2,0,88,2,No
EMP1862,2024-10-11,3,2,14,92,3,No
EMP1862,2025-10-11,3,3,5,81,2,No
EMP1863,2023-02-24,5,2,8,110,4,No
EMP1863,2024-02-24,5,2,7,95,4,No
EMP1863,2025-02-23,5,3,0,110,5,No
EMP1863,2026-02-23,4,3,31,96,3,No
EMP1864,2022-01-19,3,2,2,109,3,No
EMP1864,2023-01-19,3,2,2,101,3,No
EMP1864,2024-01-19,4,2,7,81,4,No
EMP1864,2025-01-18,4,1,18,110,4,No
EMP1865,2022-12-01,2,3,6,83,2,No
EMP1865,2023-12-01,2,3,0,96,1,No
EMP1865,2024-11-30,1,2,0,61,1,No
EMP1865,2025-11-30,2,3,8,98,1,No
EMP1866,2025-07-25,3,1,1,78,3,No
EMP1866,2026-07-25,2,1,1,87,2,No
EMP1867,2023-08-24,3,3,2,98,4,No
EMP1867,2024-08-23,4,2,9,96,4,No
EMP1867,2025-08-23,5,2,0,103,5,No
EMP1867,2026-08-08,3,2,0,91,3,No
EMP1868,2025-06-28,4,2,3,110,3,No
EMP1868,2026-06-28,3,2,1,93,3,No
EMP1869,2022-05-21,5,1,21,109,5,No
EMP1869,2023-05-21,5,1,13,80,5,No
EMP1869,2024-05-20,5,1,11,110,5,No
EMP1869,2025-05-20,5,1,10,109,5,No
EMP1869,2026-05-20,5,1,15,110,5,Yes
EMP1870,2022-10-14,5,4,1,109,4,No
EMP1870,2023-10-14,5,4,17,91,4,No
EMP1870,2024-10-13,5,3,26,110,4,Yes
EMP1870,2025-10-13,3,3,0,109,3,No
EMP1871,2024-07-12,4,1,19,110,2,No
EMP1871,2025-07-12,3,1,17,99,3,No
EMP1871,2026-07-12,4,1,1,94,4,No
EMP1872,2023-03-13,2,2,22,85,1,No
EMP1872,2024-03-12,3,2,9,80,3,No
EMP1872,2025-03-12,1,4,2,90,1,No
EMP1872,2026-03-12,4,2,16,88,3,No
EMP1873,2024-09-20,3,2,22,76,2,No
EMP1873,2025-09-20,3,2,25,100,2,No
EMP1874,2025-01-04,2,2,0,73,1,No
EMP1874,2026-01-04,2,2,6,67,1,No
EMP1875,2021-12-11,4,4,0,110,3,No
EMP1875,2022-12-11,3,5,0,76,2,No
EMP1875,2023-12-11,1,5,4,89,1,No
EMP1875,2024-12-10,3,5,0,109,2,No
EMP1875,2025-12-10,2,4,24,90,2,No
EMP1876,2025-03-03,4,4,29,86,3,No
EMP1876,2026-03-03,3,3,41,71,3,No
EMP1877,2023-06-10,3,1,10,77,3,No
EMP1877,2024-06-09,4,3,9,90,3,No
EMP1877,2025-06-09,4,3,2,110,4,No
EMP1877,2026-06-09,5,2,12,110,5,No
EMP1878,2022-08-26,1,3,7,81,1,No
EMP1878,2023-08-26,1,3,0,66,1,No
EMP1878,2024-08-25,1,4,0,94,2,No
EMP1878,2025-08-25,2,4,0,81,2,No
EMP1879,2025-09-09,2,2,26,79,1,No
EMP1880,2022-01-02,3,2,18,94,3,No
EMP1880,2023-01-02,5,2,2,102,4,No
EMP1880,2024-01-02,3,2,3,67,2,No
EMP1880,2025-01-01,3,2,6,87,2,No
EMP1880,2026-01-01,3,3,6,88,2,No
EMP1881,2023-07-15,3,3,11,105,3,No
EMP1881,2024-07-14,2,4,1,72,1,No
EMP1881,2025-07-14,3,3,6,103,2,No
EMP1881,2026-07-14,4,4,0,94,4,No
EMP1882,2023-03-12,1,5,20,71,1,No
EMP1882,2024-03-11,3,4,2,75,3,No
EMP1882,2025-03-11,2,5,21,93,1,No
EMP1882,2026-03-11,2,3,14,71,2,No
EMP1883,2023-06-28,2,3,13,98,2,No
EMP1883,2024-06-27,4,1,0,109,3,No
EMP1883,2025-06-27,2,3,25,60,2,No
EMP1883,2026-06-27,3,3,15,93,2,No
EMP1884,2022-12-11,1,1,0,66,1,No
EMP1884,2023-12-11,2,1,0,91,1,No
EMP1884,2024-12-10,2,1,0,63,2,No
EMP1884,2025-12-10,1,1,20,79,1,No
EMP1885,2024-06-09,4,3,24,96,3,No
EMP1885,2025-06-09,2,4,17,101,2,No
EMP1885,2026-06-09,2,3,26,89,2,No
EMP1886,2022-01-03,1,4,24,84,1,No
EMP1886,2023-01-03,2,3,0,101,3,No
EMP1886,2024-01-03,2,3,0,70,1,No
EMP1886,2025-01-02,4,3,16,87,3,No
EMP1886,2026-01-02,3,4,8,85,3,No
EMP1887,2023-09-21,3,3,18,88,2,No
EMP1887,2024-09-20,3,3,16,72,3,No
EMP1887,2025-09-20,2,3,7,86,3,No
EMP1888,2022-02-20,2,2,15,69,2,No
EMP1888,2023-02-20,3,2,13,100,2,No
EMP1888,2024-02-20,3,2,4,81,2,No
EMP1888,2025-02-19,3,3,20,96,2,No
EMP1888,2026-02-19,1,3,21,87,1,No
EMP1889,2026-08-08,2,3,25,90,2,No
EMP1890,2024-02-25,3,4,43,101,2,No
EMP1891,2024-04-07,5,4,6,86,5,No
EMP1891,2025-04-07,4,4,33,110,3,No
EMP1891,2026-04-07,4,4,18,83,3,No
EMP1892,2023-08-11,2,5,0,60,1,No
EMP1892,2024-08-10,2,5,0,73,1,No
EMP1892,2025-08-10,2,3,0,86,1,No
EMP1892,2026-08-10,2,4,0,94,1,No
EMP1893,2024-04-04,3,1,4,92,2,No
EMP1893,2025-04-04,3,1,0,100,2,No
EMP1893,2026-04-04,2,1,10,104,1,No
EMP1894,2025-05-22,4,3,14,110,3,No
EMP1894,2026-05-22,5,3,27,109,5,No
EMP1895,2021-07-29,3,4,0,96,2,No
EMP1895,2022-07-29,4,4,8,89,3,No
EMP1895,2023-07-29,4,4,21,91,4,No
EMP1895,2024-07-28,4,4,11,84,4,No
EMP1896,2024-08-31,3,3,36,90,3,No
EMP1896,2025-08-31,3,4,16,80,2,No
EMP1898,2025-01-12,2,1,21,78,2,No
EMP1898,2026-01-12,1,2,21,86,1,No
EMP1899,2026-08-08,3,4,57,101,3,No
EMP1900,2024-09-16,3,5,4,89,2,No
EMP1900,2025-09-16,2,5,22,78,1,No
EMP1902,2024-02-26,2,3,0,89,1,No
EMP1902,2025-02-25,2,2,5,72,1,No
EMP1902,2026-02-25,4,2,35,98,3,Yes
EMP1903,2024-02-29,3,1,4,82,3,No
EMP1903,2025-02-28,3,1,0,78,3,No
EMP1903,2026-02-28,1,1,0,67,1,No
EMP1904,2022-10-06,3,2,9,92,2,No
EMP1904,2023-10-06,3,2,0,83,3,No
EMP1904,2024-10-05,4,3,0,105,3,No
EMP1904,2025-10-05,4,2,8,78,3,No
EMP1905,2026-08-08,3,2,21,66,2,No
EMP1906,2021-09-06,4,2,14,110,3,Yes
EMP1906,2022-09-06,1,3,4,66,1,No
EMP1906,2023-09-06,4,4,6,70,4,No
EMP1907,2024-07-04,5,1,0,110,5,No
EMP1908,2021-01-16,4,3,0,106,3,No
EMP1908,2022-01-16,4,3,7,81,3,No
EMP1908,2023-01-16,5,3,11,103,5,No
EMP1908,2024-01-16,5,2,0,105,4,Yes
EMP1908,2025-01-15,5,4,0,106,4,No
EMP1908,2026-01-15,5,1,10,110,4,No
EMP1909,2022-11-11,2,3,6,84,2,No
EMP1909,2023-11-11,3,4,6,109,2,No
EMP1909,2024-11-10,2,4,1,96,1,No
EMP1909,2025-11-10,1,3,9,70,1,No
EMP1910,2022-11-21,1,2,11,65,1,No
EMP1910,2023-11-21,1,3,13,77,1,No
EMP1910,2024-11-20,1,3,0,75,1,No
EMP1910,2025-11-20,1,2,10,90,1,No
EMP1911,2026-06-29,2,4,52,97,2,No
EMP1912,2026-08-08,3,1,16,85,2,No
EMP1913,2022-06-11,1,1,55,67,1,No
EMP1914,2023-01-10,3,3,9,103,2,No
EMP1914,2024-01-10,2,3,0,81,1,No
EMP1914,2025-01-09,2,3,0,73,2,No
EMP1914,2026-01-09,3,3,0,96,2,No
EMP1915,2022-06-22,3,1,7,81,3,No
EMP1915,2023-06-22,3,1,24,98,2,No
EMP1915,2024-06-21,4,1,13,101,4,No
EMP1917,2023-06-03,2,4,2,75,2,No
EMP1917,2024-06-02,2,3,16,95,1,No
EMP1917,2025-06-02,3,3,0,93,2,No
EMP1917,2026-06-02,2,4,2,73,2,No
EMP1918,2022-02-14,3,1,5,102,1,No
EMP1918,2023-02-14,2,1,0,90,2,No
EMP1918,2024-02-14,2,2,4,87,1,No
EMP1918,2025-02-13,3,1,13,98,2,No
EMP1918,2026-02-13,3,1,14,109,2,No
EMP1919,2021-10-08,3,2,17,110,3,No
EMP1919,2022-10-08,3,2,3,110,3,No
EMP1919,2023-10-08,3,1,12,79,3,No
EMP1919,2024-10-07,4,2,5,106,3,No
EMP1919,2025-10-07,2,1,21,82,1,No
EMP1920,2023-01-24,3,4,0,103,2,No
EMP1920,2024-01-24,1,5,3,64,1,No
EMP1920,2025-01-23,2,4,0,80,2,No
EMP1920,2026-01-23,2,4,0,78,1,No
EMP1921,2023-04-13,4,1,18,86,3,No
EMP1921,2024-04-12,3,3,4,89,3,No
EMP1921,2025-04-12,3,3,4,98,1,No
EMP1921,2026-04-12,2,3,7,86,2,No
EMP1922,2021-11-06,3,3,3,71,2,No
EMP1922,2022-11-06,2,3,16,86,2,No
EMP1922,2023-11-06,3,3,1,82,3,No
EMP1922,2024-11-05,3,2,0,78,3,No
EMP1922,2025-11-05,2,3,0,70,2,No
EMP1923,2023-02-21,3,3,18,67,3,No
EMP1923,2024-02-21,3,2,0,106,2,No
EMP1923,2025-02-20,3,2,11,78,3,No
EMP1924,2026-08-12,3,3,45,88,3,No
EMP1925,2022-12-16,2,4,1,75,2,No
EMP1925,2023-12-16,2,2,0,88,1,No
EMP1925,2024-12-15,3,3,18,110,4,No
EMP1925,2025-12-15,3,4,2,109,2,No
EMP1926,2026-08-08,3,4,40,90,3,No
EMP1927,2022-02-11,2,2,10,83,2,No
EMP1927,2023-02-11,3,1,0,99,3,No
EMP1927,2024-02-11,2,2,0,105,1,No
EMP1927,2025-02-10,1,1,0,71,2,No
EMP1927,2026-02-10,1,1,9,81,1,No
EMP1929,2022-12-29,2,3,0,83,1,No
EMP1929,2023-12-29,3,4,17,86,3,No
EMP1929,2024-12-28,2,3,0,87,2,No
EMP1929,2025-12-28,2,4,0,76,1,No
EMP1930,2024-09-07,3,3,29,98,3,No
EMP1930,2025-09-07,4,2,41,94,4,Yes
EMP1931,2023-09-23,3,3,9,95,4,No
EMP1931,2024-09-22,3,4,18,75,2,No
EMP1931,2025-09-22,4,4,33,110,3,No
EMP1932,2025-12-20,1,4,45,52,1,No
EMP1933,2025-09-21,2,2,35,57,1,No
EMP1934,2023-07-20,2,3,0,105,2,No
EMP1934,2024-07-19,2,3,0,74,2,No
EMP1934,2025-07-19,2,2,29,69,1,No
EMP1934,2026-07-19,3,3,12,95,2,No
EMP1935,2021-09-27,3,2,4,82,2,No
EMP1935,2022-09-27,2,3,5,84,2,No
EMP1935,2023-09-27,2,4,14,57,2,No
EMP1935,2024-09-26,2,2,6,76,1,No
EMP1935,2025-09-26,3,3,6,94,3,No
EMP1936,2024-06-26,2,3,0,91,1,No
EMP1936,2025-06-26,3,3,0,92,2,No
EMP1936,2026-06-26,3,3,5,100,3,No
EMP1937,2026-06-08,4,1,5,95,4,No
EMP1938,2022-07-05,2,1,20,66,1,No
EMP1938,2023-07-05,4,2,17,99,4,No
EMP1939,2025-02-17,2,3,32,88,1,No
EMP1940,2025-06-21,3,2,14,97,2,No
EMP1940,2026-06-21,3,3,29,77,3,No
EMP1941,2026-08-09,3,2,19,79,3,No
EMP1943,2024-11-28,3,2,29,91,3,No
EMP1943,2025-11-28,3,1,23,88,2,No
EMP1944,2023-02-18,3,3,5,92,2,No
EMP1944,2024-02-18,2,3,1,65,1,No
EMP1944,2025-02-17,3,3,15,93,4,No
EMP1944,2026-02-17,3,4,7,90,3,No
EMP1945,2024-10-02,1,1,0,84,1,No
EMP1945,2025-10-02,2,3,0,102,1,No
EMP1946,2025-10-06,3,2,40,96,2,No
EMP1947,2025-04-05,2,2,15,80,2,No
EMP1947,2026-04-05,3,4,2,98,3,No
EMP1948,2022-12-01,4,2,14,100,5,No
EMP1948,2023-12-01,4,2,11,90,3,No
EMP1948,2024-11-30,4,2,18,96,4,Yes
EMP1948,2025-11-30,3,3,0,98,2,No
EMP1949,2021-07-15,5,2,0,98,4,No
EMP1949,2022-07-15,4,3,10,110,3,No
EMP1949,2023-07-15,5,3,35,102,4,No
EMP1949,2024-07-14,5,2,19,84,5,No
EMP1949,2025-07-14,4,2,4,74,3,No
EMP1949,2026-07-14,5,2,0,110,5,No
EMP1950,2024-04-28,3,4,14,84,4,No
EMP1950,2025-04-28,2,5,0,61,1,No
EMP1950,2026-04-28,3,4,28,93,2,No
EMP1951,2024-08-19,2,1,17,66,1,No
EMP1951,2025-08-19,3,1,0,96,3,No
EMP1951,2026-08-19,2,1,0,104,2,No
EMP1952,2024-11-19,1,1,29,85,1,No
EMP1952,2025-11-19,4,1,21,100,3,No
EMP1953,2024-04-18,3,3,12,76,2,No
EMP1953,2025-04-18,3,4,5,102,3,No
EMP1953,2026-04-18,3,4,6,98,3,No
EMP1954,2025-05-26,2,4,20,82,1,No
EMP1954,2026-05-26,3,3,14,94,3,No
EMP1955,2023-08-15,3,2,0,80,2,No
EMP1955,2024-08-14,5,2,7,100,4,No
EMP1955,2025-08-14,4,2,11,83,3,No
EMP1955,2026-08-14,4,2,5,105,3,No
EMP1956,2021-04-13,1,2,8,69,1,No
EMP1956,2022-04-13,2,3,0,83,1,No
EMP1956,2023-04-13,1,2,12,94,1,No
EMP1956,2024-04-12,1,3,6,83,1,No
EMP1956,2025-04-12,1,2,0,69,1,No
EMP1956,2026-04-12,2,2,10,57,1,No
EMP1957,2024-09-28,1,3,28,78,1,No
EMP1957,2025-09-28,1,3,32,55,1,No
EMP1958,2025-11-20,3,3,0,86,2,No
EMP1959,2023-10-20,4,2,20,90,4,Yes
EMP1959,2024-10-19,4,3,13,93,4,No
EMP1959,2025-10-19,2,3,26,77,1,No
EMP1960,2026-08-08,3,4,18,76,3,No
EMP1961,2026-04-24,3,3,40,99,3,No
EMP1963,2025-12-07,4,3,40,87,2,No
EMP1964,2024-07-23,4,5,0,95,4,No
EMP1964,2025-07-23,5,5,8,110,5,No
EMP1964,2026-07-23,5,4,19,104,4,No
EMP1965,2026-03-12,2,2,42,80,1,No
EMP1966,2026-08-08,3,5,27,85,3,No
EMP1967,2023-11-22,3,4,29,101,2,No
EMP1967,2024-11-21,3,3,10,59,2,No
EMP1967,2025-11-21,2,2,0,94,1,No
EMP1969,2025-04-08,1,4,26,54,1,No
EMP1969,2026-04-08,1,5,25,86,1,No
EMP1970,2026-07-14,3,3,42,84,3,No
EMP1971,2021-12-21,4,2,0,95,3,No
EMP1971,2022-12-21,5,3,20,100,4,No
EMP1971,2023-12-21,5,3,5,110,5,No
EMP1971,2024-12-20,5,2,11,102,4,No
EMP1971,2025-12-20,4,2,9,102,3,Yes
EMP1972,2021-04-07,3,2,3,62,2,No
EMP1973,2023-07-08,4,4,16,76,3,No
EMP1973,2024-07-07,4,4,5,109,3,No
EMP1973,2025-07-07,4,3,1,85,3,No
EMP1973,2026-07-07,3,3,20,80,3,No
EMP1974,2026-06-16,3,3,44,72,2,No
EMP1975,2022-06-16,3,3,0,85,2,No
EMP1975,2023-06-16,3,3,14,65,3,No
EMP1975,2024-06-15,2,2,6,76,1,No
EMP1975,2025-06-15,2,2,0,83,1,No
EMP1975,2026-06-15,2,3,11,94,1,No
EMP1977,2026-07-15,2,2,23,105,2,No
EMP1978,2023-07-15,4,2,0,104,4,No
EMP1978,2024-07-14,4,1,11,83,3,No
EMP1978,2025-07-14,3,2,0,89,3,No
EMP1978,2026-07-14,3,2,11,104,3,No
EMP1979,2022-07-21,3,3,0,98,3,No
EMP1979,2023-07-21,3,2,10,85,3,No
EMP1979,2024-07-20,4,3,0,99,4,Yes
EMP1979,2025-07-20,2,2,10,87,2,No
EMP1979,2026-07-20,3,2,16,84,3,No
EMP1982,2025-05-03,1,2,0,88,1,No
EMP1982,2026-05-03,2,2,8,76,2,No
EMP1983,2022-09-05,3,5,5,81,2,No
EMP1983,2023-09-05,4,5,0,93,3,Yes
EMP1983,2024-09-04,4,4,17,110,3,No
EMP1983,2025-09-04,4,5,7,110,4,No
EMP1984,2021-08-16,3,1,19,105,3,No
EMP1984,2022-08-16,3,2,12,95,2,No
EMP1984,2023-08-16,3,2,10,89,3,No
EMP1984,2024-08-15,3,1,12,105,2,No
EMP1984,2025-08-15,3,1,0,109,3,No
EMP1984,2026-08-15,4,1,19,110,3,No
EMP1985,2024-04-16,4,2,39,108,3,No
EMP1986,2023-12-07,5,3,18,110,4,Yes
EMP1986,2024-12-06,5,1,29,110,5,No
EMP1986,2025-12-06,5,3,14,110,4,No
EMP1988,2021-02-07,2,1,39,91,2,No
EMP1988,2022-02-07,1,1,22,82,1,No
EMP1989,2022-04-25,3,4,15,94,3,No
EMP1989,2023-04-25,2,5,15,93,1,No
EMP1989,2024-04-24,2,4,9,84,2,No
EMP1989,2025-04-24,2,4,21,101,2,No
EMP1989,2026-04-24,2,5,10,93,1,No
EMP1990,2026-03-31,4,3,42,110,4,No
EMP1991,2021-08-07,2,2,5,79,2,No
EMP1991,2022-08-07,1,1,0,63,1,No
EMP1991,2023-08-07,1,2,0,85,1,No
EMP1991,2024-08-06,1,1,11,81,1,No
EMP1991,2025-08-06,1,2,0,84,1,No
EMP1991,2026-08-06,3,2,15,83,3,No
EMP1992,2021-04-13,3,1,0,88,2,No
EMP1992,2022-04-13,3,2,4,92,3,No
EMP1992,2023-04-13,2,1,0,100,1,No
EMP1992,2024-04-12,2,1,19,78,1,No
EMP1992,2025-04-12,3,2,3,86,2,No
EMP1992,2026-04-12,3,2,0,82,3,No
EMP1993,2023-10-20,3,3,18,95,2,No
EMP1993,2024-10-19,4,2,0,110,4,No
EMP1993,2025-10-19,4,2,17,82,3,No
EMP1994,2021-11-13,3,2,0,93,2,No
EMP1994,2022-11-13,3,2,9,74,3,No
EMP1994,2023-11-13,3,3,0,101,2,No
EMP1994,2024-11-12,2,3,6,72,1,No
EMP1994,2025-11-12,2,2,0,104,2,No
EMP1995,2024-02-23,2,2,18,74,2,No
EMP1995,2025-02-22,1,3,19,80,1,No
EMP1995,2026-02-22,1,2,21,54,1,No
EMP1996,2025-06-22,3,3,10,81,2,No
EMP1996,2026-06-22,2,3,26,93,1,No
EMP1997,2023-08-12,1,2,0,78,1,No
EMP1997,2024-08-11,2,3,0,100,2,No
EMP1997,2025-08-11,2,2,4,90,2,No
EMP1997,2026-08-11,1,2,0,90,1,No
EMP1998,2021-10-28,3,1,1,93,2,No
EMP1998,2022-10-28,3,1,0,109,3,No
EMP1998,2023-10-28,3,1,1,97,3,No
EMP1998,2024-10-27,2,1,4,62,1,No
EMP1998,2025-10-27,2,1,0,84,2,No
EMP2000,2025-02-12,3,2,5,94,3,No
EMP2000,2026-02-12,3,1,9,88,2,No
EMP2001,2025-03-12,2,2,0,78,1,No
EMP2001,2026-03-12,2,3,7,75,1,No
EMP2002,2024-12-31,1,4,34,80,1,No
EMP2002,2025-12-31,1,3,34,68,1,No
EMP2003,2026-08-08,3,3,3,91,3,No
EMP2004,2021-08-15,3,2,7,71,2,No
EMP2004,2022-08-15,3,4,18,87,2,No
EMP2004,2023-08-15,2,2,7,71,1,No
EMP2004,2024-08-14,3,3,4,84,2,No
EMP2004,2025-08-14,2,2,20,95,1,No
EMP2004,2026-08-14,4,3,0,107,3,No
EMP2005,2023-03-20,2,2,19,95,1,No
EMP2005,2024-03-19,4,2,9,98,4,No
EMP2005,2025-03-19,3,2,16,95,3,No
EMP2005,2026-03-19,4,3,16,108,4,No
EMP2006,2021-01-08,1,1,0,63,1,No
EMP2006,2022-01-08,1,1,0,74,1,No
EMP2006,2023-01-08,1,1,0,63,1,No
EMP2006,2024-01-08,1,1,0,78,1,No
EMP2006,2025-01-07,1,1,13,75,1,No
EMP2006,2026-01-07,1,1,7,92,1,No
EMP2007,2021-02-26,2,4,20,81,3,No
EMP2007,2022-02-26,3,5,2,89,3,No
EMP2007,2023-02-26,3,4,7,84,3,No
EMP2007,2024-02-26,3,5,0,96,2,No
EMP2007,2025-02-25,3,4,0,80,3,No
EMP2007,2026-02-25,2,5,10,77,2,No
EMP2008,2024-05-07,4,4,28,80,5,No
EMP2008,2025-05-07,3,4,17,91,2,No
EMP2009,2025-07-17,2,2,6,78,2,No
EMP2009,2026-07-17,2,2,46,72,1,No
EMP2012,2026-08-08,3,5,45,90,3,No
EMP2013,2022-09-12,5,5,0,96,5,No
EMP2013,2023-09-12,4,4,13,110,3,No
EMP2013,2024-09-11,4,4,9,100,4,No
EMP2013,2025-09-11,5,5,8,93,5,No
EMP2014,2024-05-24,3,2,11,89,3,No
EMP2014,2025-05-24,3,3,30,107,2,No
EMP2014,2026-05-24,3,3,9,89,3,No
EMP2015,2023-09-01,4,1,17,69,4,No
EMP2015,2024-08-31,4,1,3,92,4,Yes
EMP2015,2025-08-31,5,2,4,110,4,No
EMP2016,2026-08-08,4,4,61,101,3,Yes
EMP2017,2025-11-13,4,3,20,85,4,Yes
EMP2018,2026-08-08,3,4,19,108,3,No
EMP2019,2024-03-06,3,3,4,100,2,No
EMP2019,2025-03-06,1,3,0,62,1,No
EMP2019,2026-03-06,4,3,3,106,4,No
EMP2020,2021-05-09,3,3,0,110,2,No
EMP2020,2022-05-09,3,3,6,92,2,No
EMP2020,2023-05-09,4,4,12,102,4,Yes
EMP2020,2024-05-08,4,3,0,90,4,No
EMP2020,2025-05-08,4,3,15,110,3,No
EMP2020,2026-05-08,3,3,3,74,3,No
EMP2021,2026-04-22,1,3,21,74,1,No
EMP2022,2022-03-20,1,2,49,95,1,No
EMP2023,2025-11-19,3,2,11,98,2,No
EMP2024,2025-03-11,3,4,6,99,2,No
EMP2024,2026-03-11,3,4,0,84,3,No
EMP2025,2023-10-20,2,1,0,75,2,No
EMP2025,2024-10-19,2,2,8,78,2,No
EMP2025,2025-10-19,2,1,10,56,2,No
EMP2026,2023-05-30,4,3,16,93,3,No
EMP2026,2024-05-29,3,4,13,110,2,No
EMP2026,2025-05-29,3,4,0,96,3,No
EMP2026,2026-05-29,2,3,21,88,1,No
EMP2027,2025-03-12,1,2,19,69,1,No
EMP2027,2026-03-12,2,2,0,87,2,No
EMP2028,2024-08-06,1,1,15,65,1,No
EMP2029,2024-02-08,3,1,28,80,3,No
EMP2029,2025-02-07,2,1,8,97,2,No
EMP2030,2023-05-12,3,3,27,95,2,No
EMP2031,2025-10-28,3,2,12,98,3,No
EMP2032,2023-09-19,1,3,21,77,1,No
EMP2032,2024-09-18,2,4,15,105,1,No
EMP2033,2024-06-10,2,2,0,85,1,No
EMP2034,2021-01-21,3,4,6,85,2,No
EMP2034,2022-01-21,3,4,20,89,3,No
EMP2034,2023-01-21,1,4,0,62,1,No
EMP2034,2024-01-21,1,3,13,87,1,No
EMP2034,2025-01-20,3,4,4,83,1,No
EMP2034,2026-01-20,2,4,3,83,1,No
EMP2035,2023-04-04,1,2,6,82,1,No
EMP2035,2024-04-03,1,3,0,87,1,No
EMP2035,2025-04-03,1,3,13,83,1,No
EMP2035,2026-04-03,1,3,15,79,1,No
EMP2036,2022-03-22,3,3,0,92,3,No
EMP2036,2023-03-22,3,4,10,99,2,No
EMP2036,2024-03-21,3,4,11,84,3,No
EMP2036,2025-03-21,2,3,8,94,1,No
EMP2036,2026-03-21,2,4,6,89,1,No
EMP2037,2022-08-01,5,3,0,79,4,No
EMP2037,2023-08-01,4,4,0,71,3,No
EMP2037,2024-07-31,4,3,9,89,4,No
EMP2037,2025-07-31,4,4,0,102,3,No
EMP2037,2026-07-31,4,4,2,110,3,No
EMP2038,2024-09-25,2,2,22,76,1,No
EMP2038,2025-09-25,2,2,12,85,2,No
EMP2039,2022-07-20,3,1,0,90,3,No
EMP2039,2023-07-20,2,1,21,82,2,No
EMP2039,2024-07-19,2,1,2,97,2,No
EMP2040,2022-10-21,2,4,10,80,1,No
EMP2040,2023-10-21,3,5,26,100,3,No
EMP2040,2024-10-20,3,5,0,82,2,No
EMP2040,2025-10-20,2,4,0,81,1,No
EMP2041,2021-09-18,2,2,4,91,1,No
EMP2041,2022-09-18,2,2,7,83,2,No
EMP2041,2023-09-18,3,2,6,83,3,No
EMP2041,2024-09-17,3,2,7,75,4,No
EMP2041,2025-09-17,2,3,0,72,1,No
EMP2042,2022-11-18,1,2,14,96,1,No
EMP2042,2023-11-18,1,2,4,75,1,No
EMP2042,2024-11-17,1,2,15,78,1,No
EMP2042,2025-11-17,1,2,20,88,1,No
EMP2043,2022-02-02,3,2,7,86,3,No
EMP2043,2023-02-02,2,3,1,97,1,No
EMP2043,2024-02-02,1,2,20,71,1,No
EMP2043,2025-02-01,2,2,0,81,1,No
EMP2043,2026-02-01,3,2,9,90,3,No
EMP2045,2022-06-10,3,2,0,88,3,No
EMP2045,2023-06-10,4,3,10,87,3,No
EMP2045,2024-06-09,3,2,0,63,4,No
EMP2045,2025-06-09,2,2,0,103,2,No
EMP2045,2026-06-09,4,3,2,96,4,No
EMP2046,2022-02-14,2,4,16,73,1,No
EMP2046,2023-02-14,3,4,8,90,3,No
EMP2046,2024-02-14,3,3,18,83,3,No
EMP2046,2025-02-13,2,3,0,83,2,No
EMP2046,2026-02-13,3,4,0,81,3,No
EMP2047,2024-02-27,1,3,0,76,1,No
EMP2047,2025-02-26,1,1,17,86,1,No
EMP2047,2026-02-26,1,1,23,72,1,No
EMP2048,2023-03-26,3,5,1,86,3,No
EMP2048,2024-03-25,3,4,11,86,2,No
EMP2048,2025-03-25,4,5,0,91,4,No
EMP2048,2026-03-25,4,5,14,109,3,No
EMP2049,2025-12-28,3,3,17,91,2,No
EMP2050,2026-08-08,1,2,9,76,1,No
EMP2051,2024-07-18,2,3,21,94,1,No
EMP2052,2025-12-24,3,5,32,100,1,No
EMP2053,2021-01-12,3,3,10,95,2,No
EMP2053,2022-01-12,4,2,5,91,4,No
EMP2053,2023-01-12,2,3,14,77,1,No
EMP2053,2024-01-12,2,3,0,72,1,No
EMP2053,2025-01-11,2,3,0,95,1,No
EMP2053,2026-01-11,2,4,1,84,2,No
EMP2054,2022-06-20,4,4,0,90,3,No
EMP2054,2023-06-20,5,3,0,110,4,No
EMP2054,2024-06-19,4,2,9,78,5,No
EMP2054,2025-06-19,5,3,0,107,5,No
EMP2054,2026-06-19,4,3,29,102,3,No
EMP2055,2025-06-23,4,1,26,103,4,Yes
EMP2055,2026-06-23,5,1,30,100,4,No
EMP2056,2025-06-10,3,1,38,104,2,No
EMP2057,2025-11-29,4,3,37,105,3,No
EMP2058,2025-08-09,1,1,3,83,1,No
EMP2058,2026-08-09,1,2,12,73,1,No
EMP2059,2022-03-13,2,3,46,88,1,No
EMP2059,2023-03-13,3,2,19,73,3,No
EMP2060,2025-03-31,3,4,7,95,3,No
EMP2060,2026-03-31,2,3,10,76,1,No
EMP2061,2023-05-03,1,1,33,81,1,No
EMP2061,2024-05-02,1,1,19,91,1,No
EMP2061,2025-05-02,2,1,29,110,3,No
EMP2062,2024-04-02,3,2,7,100,3,No
EMP2062,2025-04-02,3,2,1,84,3,No
EMP2062,2026-04-02,2,4,5,76,2,No
EMP2063,2022-03-22,4,3,8,110,4,No
EMP2063,2023-03-22,4,3,18,80,4,No
EMP2063,2024-03-21,5,4,16,110,5,Yes
EMP2063,2025-03-21,5,3,12,84,4,No
EMP2063,2026-03-21,5,4,12,93,4,No
EMP2064,2021-05-10,3,4,0,110,3,No
EMP2064,2022-05-10,2,4,19,71,2,No
EMP2064,2023-05-10,1,4,3,87,1,No
EMP2064,2024-05-09,2,3,3,104,1,No
EMP2064,2025-05-09,2,4,0,90,2,No
EMP2064,2026-05-09,3,3,5,78,2,No
EMP2065,2026-06-20,3,3,0,96,2,No
EMP2067,2025-02-20,3,2,24,68,2,No
EMP2067,2026-02-20,3,1,17,110,3,No
EMP2068,2021-05-11,2,4,13,81,2,No
EMP2068,2022-05-11,3,4,5,89,3,No
EMP2068,2023-05-11,3,4,14,88,3,No
EMP2068,2024-05-10,3,4,4,97,3,No
EMP2068,2025-05-10,2,4,21,68,2,No
EMP2068,2026-05-10,2,3,0,97,1,No
EMP2069,2025-12-04,3,1,76,85,2,No
EMP2070,2026-08-08,4,4,65,95,3,No
EMP2071,2023-05-21,4,2,0,79,3,No
EMP2071,2024-05-20,4,3,20,93,3,No
EMP2071,2025-05-20,4,3,12,104,4,No
EMP2071,2026-05-20,3,2,11,107,3,No
EMP2072,2025-01-02,3,1,13,93,3,No
EMP2072,2026-01-02,3,1,7,90,2,No
EMP2073,2026-08-08,1,2,12,77,1,No
EMP2074,2024-07-28,3,1,20,92,2,No
EMP2074,2025-07-28,3,1,9,77,2,No
EMP2074,2026-07-28,3,1,17,79,3,No
EMP2076,2024-04-06,3,4,18,93,2,No
EMP2076,2025-04-06,4,3,13,77,3,No
EMP2076,2026-04-06,3,3,12,78,2,No
EMP2077,2021-10-07,3,2,25,74,2,No
EMP2077,2022-10-07,2,3,0,84,1,No
EMP2077,2023-10-07,3,2,0,92,2,No
EMP2078,2023-01-01,3,1,0,80,2,No
EMP2078,2024-01-01,3,1,3,86,3,No
EMP2078,2024-12-31,4,1,0,110,3,No
EMP2078,2025-12-31,4,2,7,81,3,No
EMP2079,2025-01-03,3,2,34,52,3,No
EMP2079,2026-01-03,2,3,7,87,2,No
EMP2080,2025-09-11,2,3,33,88,1,No
EMP2081,2022-09-21,1,4,2,97,1,No
EMP2081,2023-09-21,1,3,6,83,1,No
EMP2081,2024-09-20,2,4,0,66,2,No
EMP2081,2025-09-20,2,3,7,104,2,No
EMP2082,2021-07-25,2,2,0,80,2,No
EMP2082,2022-07-25,2,3,5,90,1,No
EMP2082,2023-07-25,2,3,18,84,2,No
EMP2082,2024-07-24,1,3,21,77,1,No
EMP2082,2025-07-24,2,3,0,91,2,No
EMP2083,2022-06-04,3,2,31,89,3,No
EMP2083,2023-06-04,3,3,0,81,2,No
EMP2083,2024-06-03,2,3,20,72,2,No
EMP2083,2025-06-03,2,2,6,100,1,No
EMP2083,2026-06-03,3,3,1,76,3,No
EMP2084,2025-01-27,3,3,29,93,2,No
EMP2084,2026-01-27,3,2,30,64,2,No
EMP2086,2021-11-01,1,3,13,72,1,No
EMP2086,2022-11-01,2,2,0,90,2,No
EMP2086,2023-11-01,1,4,15,70,1,No
EMP2086,2024-10-31,1,2,13,69,1,No
EMP2086,2025-10-31,2,4,21,80,1,No
EMP2087,2022-01-02,2,1,15,77,2,No
EMP2087,2023-01-02,3,2,9,60,3,No
EMP2087,2024-01-02,3,1,8,93,3,No
EMP2087,2025-01-01,3,1,12,88,3,No
EMP2087,2026-01-01,4,1,0,106,4,No
EMP2088,2026-08-08,5,3,50,101,5,No
EMP2089,2024-11-29,2,2,21,85,1,No
EMP2089,2025-11-29,2,4,0,78,2,No
EMP2090,2024-10-05,1,1,32,91,1,No
EMP2090,2025-10-05,2,1,25,68,1,No
EMP2091,2024-09-27,1,3,32,77,1,No
EMP2091,2025-09-27,1,2,23,91,1,No
EMP2092,2023-03-29,1,1,11,72,1,No
EMP2092,2024-03-28,2,1,15,99,2,No
EMP2092,2025-03-28,1,1,11,102,1,No
EMP2092,2026-03-28,3,1,0,107,1,No
EMP2093,2021-11-14,5,3,11,101,5,No
EMP2093,2022-11-14,4,3,0,88,3,No
EMP2093,2023-11-14,4,3,8,101,4,No
EMP2093,2024-11-13,4,4,0,80,4,No
EMP2093,2025-11-13,3,3,8,94,2,No
EMP2095,2022-03-17,5,4,0,110,4,No
EMP2095,2023-03-17,5,3,0,98,5,No
EMP2095,2024-03-16,5,4,13,98,4,No
EMP2095,2025-03-16,4,4,21,100,3,No
EMP2095,2026-03-16,4,4,0,96,4,Yes
EMP2096,2021-03-17,4,4,1,94,3,No
EMP2096,2022-03-17,5,5,9,87,5,No
EMP2096,2023-03-17,5,4,0,107,3,No
EMP2096,2024-03-16,5,5,0,79,4,No
EMP2096,2025-03-16,3,4,0,85,3,No
EMP2096,2026-03-16,4,3,6,103,3,No
EMP2097,2025-01-29,2,2,45,90,2,No
EMP2097,2026-01-29,3,1,33,88,2,No
EMP2098,2026-08-20,1,2,27,86,1,No
EMP2099,2024-02-18,3,5,19,84,2,No
EMP2099,2025-02-17,2,4,22,96,1,No
EMP2099,2026-02-17,2,4,13,72,2,No
EMP2100,2023-12-13,3,2,11,97,3,No
EMP2100,2024-12-12,3,3,17,88,2,No
EMP2100,2025-12-12,2,2,23,86,1,No
EMP2101,2025-01-02,4,4,0,91,4,No
EMP2101,2026-01-02,3,3,25,98,3,No
EMP2102,2023-04-11,4,5,21,110,3,No
EMP2102,2024-04-10,5,4,19,110,4,No
EMP2102,2025-04-10,5,4,22,92,4,Yes
EMP2102,2026-04-10,4,3,13,92,3,No
EMP2103,2026-08-08,2,1,0,90,2,No
EMP2104,2024-04-15,2,3,0,98,2,No
EMP2104,2025-04-15,2,4,18,95,2,No
EMP2104,2026-04-15,2,3,19,55,1,No
EMP2105,2026-01-11,4,3,55,105,3,No
EMP2106,2023-12-16,4,4,28,110,4,No
EMP2106,2024-12-15,4,5,19,97,4,No
EMP2106,2025-12-15,3,3,18,84,3,No
EMP2107,2024-11-28,3,2,21,103,3,No
EMP2107,2025-11-28,4,3,15,89,3,Yes
EMP2108,2022-06-24,5,3,0,100,5,No
EMP2108,2023-06-24,4,3,0,110,3,No
EMP2108,2024-06-23,4,4,0,108,3,No
EMP2108,2025-06-23,4,2,5,103,5,No
EMP2108,2026-06-23,5,4,0,103,4,Yes
EMP2109,2021-08-12,3,3,2,93,2,No
EMP2109,2022-08-12,3,4,0,85,3,No
EMP2109,2023-08-12,3,3,8,83,3,No
EMP2109,2024-08-11,2,3,3,72,1,No
EMP2109,2025-08-11,2,4,6,66,2,No
EMP2109,2026-08-11,3,3,0,87,2,No
EMP2110,2024-11-05,2,3,19,82,2,No
EMP2110,2025-11-05,2,3,24,78,2,No
EMP2111,2023-12-24,2,1,0,75,3,No
EMP2112,2022-02-02,2,2,6,97,1,No
EMP2112,2023-02-02,3,2,3,97,3,No
EMP2112,2024-02-02,1,2,7,79,1,No
EMP2112,2025-02-01,1,2,0,64,1,No
EMP2112,2026-02-01,1,4,0,91,1,No
EMP2114,2023-10-01,2,1,19,71,2,No
EMP2114,2024-09-30,3,2,20,58,4,No
EMP2114,2025-09-30,4,3,0,107,3,No
EMP2115,2026-07-04,1,3,40,46,1,No
EMP2116,2023-02-24,3,4,20,74,2,No
EMP2116,2024-02-24,3,5,5,78,3,No
EMP2116,2025-02-23,3,5,12,99,3,No
EMP2116,2026-02-23,3,4,23,105,2,No
EMP2117,2021-10-15,4,2,2,105,4,No
EMP2117,2022-10-15,5,2,18,110,4,No
EMP2117,2023-10-15,4,2,0,90,5,No
EMP2117,2024-10-14,5,1,16,110,4,No
EMP2117,2025-10-14,4,2,15,103,3,No
EMP2118,2025-12-16,2,3,20,88,1,No
EMP2119,2021-07-04,5,2,51,96,5,No
EMP2119,2022-07-04,4,1,35,85,3,No
EMP2120,2025-02-03,3,2,16,79,3,No
EMP2120,2026-02-03,3,3,28,73,2,No
EMP2121,2024-06-12,3,2,7,72,2,No
EMP2121,2025-06-12,2,1,30,83,2,No
EMP2121,2026-06-12,3,2,24,86,3,No
EMP2122,2025-12-01,1,2,37,75,1,No
EMP2123,2022-07-27,3,2,1,96,3,No
EMP2123,2023-07-27,2,2,0,85,2,No
EMP2123,2024-07-26,3,2,12,84,2,No
EMP2123,2025-07-26,3,1,0,106,3,No
EMP2123,2026-07-26,2,2,3,83,2,No
EMP2124,2022-06-06,2,2,7,90,2,No
EMP2124,2023-06-06,2,3,5,79,1,No
EMP2124,2024-06-05,2,2,23,92,1,No
EMP2124,2025-06-05,1,3,0,80,1,No
EMP2124,2026-06-05,2,3,0,110,2,No
EMP2126,2022-02-28,1,2,20,80,2,No
EMP2126,2023-02-28,1,3,10,65,1,No
EMP2126,2024-02-28,1,2,9,70,1,No
EMP2126,2025-02-27,1,2,4,77,1,No
EMP2126,2026-02-27,1,2,0,75,1,No
EMP2127,2026-07-28,5,1,13,97,4,No
EMP2128,2025-10-29,3,2,45,93,2,No
EMP2129,2026-08-08,1,2,34,71,1,No
EMP2130,2025-12-18,2,3,32,91,1,No
EMP2131,2026-04-26,3,4,45,76,2,No
EMP2132,2021-10-13,2,1,0,83,2,No
EMP2132,2022-10-13,3,1,12,86,2,No
EMP2132,2023-10-13,2,1,0,73,1,No
EMP2132,2024-10-12,2,1,12,99,1,No
EMP2132,2025-10-12,2,2,16,93,1,No
EMP2133,2022-05-04,2,3,19,75,2,No
EMP2133,2023-05-04,4,3,6,108,3,No
EMP2133,2024-05-03,2,3,3,85,1,No
EMP2134,2024-06-09,3,3,10,100,3,No
EMP2134,2025-06-09,4,2,20,88,4,No
EMP2134,2026-06-09,3,4,19,81,1,No
EMP2135,2025-10-09,4,3,29,82,3,No
EMP2136,2022-09-21,4,3,0,110,3,No
EMP2136,2023-09-21,3,3,0,92,2,No
EMP2136,2024-09-20,3,4,0,97,3,No
EMP2136,2025-09-20,4,4,10,96,3,Yes
EMP2137,2024-11-21,4,4,10,104,4,No
EMP2137,2025-11-21,4,3,6,100,4,No
EMP2138,2023-10-17,3,3,1,102,2,No
EMP2138,2024-10-16,3,2,12,84,2,No
EMP2138,2025-10-16,4,2,12,103,4,No
EMP2139,2023-01-04,4,4,12,97,3,No
EMP2139,2024-01-04,4,4,13,92,4,No
EMP2139,2025-01-03,5,3,18,96,5,No
EMP2139,2026-01-03,5,4,10,110,4,No
EMP2140,2025-05-19,3,1,23,101,2,No
EMP2140,2026-05-19,4,3,23,110,4,Yes
EMP2141,2021-01-12,2,5,4,49,2,No
EMP2141,2022-01-12,2,4,22,88,2,No
EMP2141,2023-01-12,3,4,13,78,3,No
EMP2141,2024-01-12,1,4,9,90,1,No
EMP2141,2025-01-11,3,4,0,85,3,No
EMP2141,2026-01-11,1,5,1,86,1,No
EMP2142,2025-06-03,1,1,49,73,1,No
EMP2143,2026-06-19,2,3,51,94,1,No
EMP2144,2026-01-31,2,1,53,64,1,No
EMP2145,2026-03-09,3,1,55,86,3,No
EMP2146,2024-07-02,2,3,5,96,2,No
EMP2146,2025-07-02,3,3,22,93,2,No
EMP2146,2026-07-02,2,3,19,84,2,No
EMP2147,2021-03-26,4,3,23,100,4,No
EMP2147,2022-03-26,4,1,10,101,4,No
EMP2147,2023-03-26,4,1,0,106,4,No
EMP2147,2024-03-25,3,1,19,104,2,No
EMP2147,2025-03-25,4,1,0,99,4,No
EMP2147,2026-03-25,3,2,11,90,3,No
EMP2148,2023-04-25,3,5,0,98,3,No
EMP2148,2024-04-24,2,5,0,84,2,No
EMP2148,2025-04-24,3,5,3,89,2,No
EMP2148,2026-04-24,3,4,8,77,3,No
EMP2150,2021-11-18,3,3,11,88,3,No
EMP2150,2022-11-18,4,3,1,89,4,No
EMP2150,2023-11-18,4,2,9,99,4,No
EMP2150,2024-11-17,4,3,0,105,4,No
EMP2150,2025-11-17,4,3,0,59,4,No
EMP2151,2021-04-30,3,3,3,82,4,No
EMP2151,2022-04-30,3,2,12,80,2,No
EMP2151,2023-04-30,3,1,0,71,2,No
EMP2151,2024-04-29,3,2,10,104,3,No
EMP2151,2025-04-29,2,2,3,87,1,No
EMP2151,2026-04-29,3,2,18,86,3,No
EMP2152,2021-05-02,3,1,0,74,3,No
EMP2152,2022-05-02,1,2,3,67,1,No
EMP2152,2023-05-02,2,3,7,78,2,No
EMP2152,2024-05-01,1,2,0,72,1,No
EMP2152,2025-05-01,1,2,0,78,1,No
EMP2152,2026-05-01,2,2,34,85,2,No
EMP2153,2022-10-12,1,2,0,76,1,No
EMP2153,2023-10-12,2,2,24,71,1,No
EMP2153,2024-10-11,2,3,17,90,1,No
EMP2153,2025-10-11,1,3,7,69,1,No
EMP2154,2024-04-01,4,1,14,102,3,No
EMP2154,2025-04-01,2,1,4,67,2,No
EMP2154,2026-04-01,3,1,0,97,2,No
EMP2155,2021-02-19,3,5,0,109,2,No
EMP2155,2022-02-19,3,4,0,86,3,No
EMP2155,2023-02-19,2,4,0,100,1,No
EMP2155,2024-02-19,2,5,0,101,1,No
EMP2155,2025-02-18,4,5,0,96,4,No
EMP2155,2026-02-18,2,5,0,98,1,No
EMP2156,2022-02-15,3,4,8,99,3,No
EMP2156,2023-02-15,2,4,0,51,1,No
EMP2156,2024-02-15,3,4,0,82,4,No
EMP2156,2025-02-14,3,4,20,83,2,No
EMP2156,2026-02-14,2,3,11,72,1,No
EMP2157,2025-05-03,2,3,31,89,2,No
EMP2157,2026-05-03,3,4,19,78,2,No
EMP2158,2023-07-26,1,1,5,67,1,No
EMP2158,2024-07-25,2,2,27,78,2,No
EMP2158,2025-07-25,1,2,4,82,1,No
EMP2158,2026-07-25,1,2,0,67,1,No
EMP2159,2020-12-19,3,1,26,82,1,No
EMP2160,2024-06-16,4,2,3,85,3,No
EMP2160,2025-06-16,4,3,4,88,3,No
EMP2160,2026-06-16,3,3,2,105,2,No
EMP2161,2026-05-20,3,4,22,92,3,No
EMP2162,2024-01-20,3,3,10,91,3,No
EMP2162,2025-01-19,3,3,1,94,2,No
EMP2162,2026-01-19,3,2,10,93,2,No
EMP2164,2024-10-23,2,2,27,79,2,No
EMP2164,2025-10-23,3,2,0,102,2,No
EMP2165,2025-01-19,1,1,0,96,1,No
EMP2165,2026-01-19,1,1,10,83,1,No
EMP2166,2022-07-13,4,3,9,93,3,No
EMP2166,2023-07-13,5,3,12,110,5,No
EMP2166,2024-07-12,4,3,3,79,4,Yes
EMP2166,2025-07-12,3,3,19,84,3,No
EMP2166,2026-07-12,4,2,4,77,3,No
EMP2167,2026-02-05,3,1,73,105,2,No
EMP2168,2025-04-07,2,4,9,72,1,No
EMP2168,2026-04-07,1,3,7,83,1,No
EMP2169,2023-05-11,2,1,71,74,2,No
EMP2170,2021-05-01,2,2,13,83,2,No
EMP2170,2022-05-01,2,4,8,84,1,No
EMP2170,2023-05-01,3,1,0,96,2,No
EMP2170,2024-04-30,3,2,16,101,3,No
EMP2170,2025-04-30,2,3,0,92,3,No
EMP2170,2026-04-30,4,3,14,102,3,No
EMP2171,2023-09-03,5,1,0,74,4,No
EMP2171,2024-09-02,5,2,10,95,5,No
EMP2171,2025-09-02,5,2,16,94,5,Yes
EMP2172,2023-06-17,3,1,17,73,2,No
EMP2172,2024-06-16,4,2,16,96,5,No
EMP2172,2025-06-16,3,1,7,110,3,No
EMP2172,2026-06-16,3,1,0,89,2,No
EMP2173,2025-05-01,2,1,39,101,1,No
EMP2175,2022-06-28,2,2,0,84,2,No
EMP2175,2023-06-28,2,2,8,63,1,No
EMP2175,2024-06-27,3,3,4,74,3,No
EMP2175,2025-06-27,3,2,9,83,3,No
EMP2175,2026-06-27,3,1,8,76,2,No
EMP2176,2024-12-13,3,2,0,80,3,No
EMP2176,2025-12-13,3,2,0,89,3,No
EMP2177,2025-09-12,2,2,34,96,2,No
EMP2179,2021-07-26,2,2,4,81,1,No
EMP2179,2022-07-26,3,3,4,80,2,No
EMP2179,2023-07-26,3,4,0,110,2,No
EMP2179,2024-07-25,3,3,0,85,3,No
EMP2179,2025-07-25,3,3,11,82,2,No
EMP2179,2026-07-25,3,4,16,59,2,No
EMP2180,2022-03-23,1,2,0,97,1,No
EMP2180,2023-03-23,1,2,10,95,1,No
EMP2180,2024-03-22,1,2,12,80,1,No
EMP2180,2025-03-22,3,2,0,74,2,No
EMP2180,2026-03-22,2,2,20,66,1,No
EMP2181,2026-05-26,2,1,0,75,2,No
EMP2182,2024-11-28,3,4,38,106,2,No
EMP2182,2025-11-28,3,3,29,100,3,No
EMP2183,2022-10-22,1,2,9,80,1,No
EMP2184,2023-10-14,3,3,33,95,3,No
EMP2184,2024-10-13,2,2,0,84,1,No
EMP2184,2025-10-13,2,3,16,74,1,No
EMP2185,2023-05-12,3,1,18,103,3,No
EMP2185,2024-05-11,2,1,0,69,2,No
EMP2185,2025-05-11,3,2,5,99,3,No
EMP2185,2026-05-11,4,2,16,99,4,No
EMP2186,2022-11-21,2,3,0,89,1,No
EMP2186,2023-11-21,2,3,16,69,2,No
EMP2186,2024-11-20,2,4,0,64,1,No
EMP2186,2025-11-20,2,5,20,63,1,No
EMP2187,2024-02-18,3,1,41,84,3,No
EMP2188,2021-03-23,2,4,0,84,2,No
EMP2188,2022-03-23,2,2,11,86,1,No
EMP2188,2023-03-23,2,3,7,70,2,No
EMP2188,2024-03-22,2,3,9,89,2,No
EMP2188,2025-03-22,3,2,9,83,2,No
EMP2188,2026-03-22,3,3,11,104,2,No
EMP2189,2022-10-14,4,2,19,101,4,No
EMP2189,2023-10-14,4,2,0,99,4,No
EMP2189,2024-10-13,5,2,0,110,4,No
EMP2189,2025-10-13,5,3,0,103,4,Yes
EMP2190,2025-12-26,1,2,10,67,1,No
EMP2191,2021-05-31,2,2,20,52,1,No
EMP2191,2022-05-31,2,2,26,69,1,No
EMP2192,2021-03-08,2,1,31,94,1,No
EMP2193,2021-07-17,2,2,2,89,1,No
EMP2193,2022-07-17,1,3,19,81,1,No
EMP2193,2023-07-17,2,3,0,86,2,No
EMP2193,2024-07-16,3,2,7,86,2,No
EMP2193,2025-07-16,3,2,6,67,2,No
EMP2193,2026-07-16,2,2,15,85,1,No
EMP2194,2023-06-06,3,5,12,76,2,No
EMP2194,2024-06-05,3,4,12,75,3,No
EMP2194,2025-06-05,2,5,24,61,1,No
EMP2194,2026-06-05,3,4,5,99,2,No
EMP2195,2021-08-22,4,4,0,110,4,Yes
EMP2195,2022-08-22,3,3,0,95,2,No
EMP2195,2023-08-22,2,3,0,98,3,No
EMP2195,2024-08-21,2,2,4,82,2,No
EMP2195,2025-08-21,2,2,7,66,2,No
EMP2195,2026-08-21,2,1,0,93,2,No
EMP2196,2023-12-31,2,1,9,81,1,No
EMP2196,2024-12-30,3,1,5,97,3,No
EMP2196,2025-12-30,2,1,33,74,2,No
EMP2197,2023-08-02,2,1,13,72,1,No
EMP2198,2025-01-20,2,3,1,85,1,No
EMP2198,2026-01-20,2,3,0,92,2,No
EMP2199,2026-04-29,5,3,47,110,5,No
